[2026-07-23 11:21:12,410][httpx][INFO] - HTTP Request: HEAD https://huggingface.co/datasets/allenai/ai2_arc/resolve/main/README.md "HTTP/1.1 307 Temporary Redirect"
[2026-07-23 11:21:12,661][httpx][INFO] - HTTP Request: HEAD https://huggingface.co/api/resolve-cache/datasets/allenai/ai2_arc/210d026faf9955653af8916fad021475a3f00453/README.md "HTTP/1.1 200 OK"
[2026-07-23 11:21:13,127][httpx][INFO] - HTTP Request: HEAD https://huggingface.co/datasets/allenai/ai2_arc/resolve/210d026faf9955653af8916fad021475a3f00453/ai2_arc.py "HTTP/1.1 404 Not Found"
[2026-07-23 11:21:13,127][huggingface_hub.utils._http][WARNING] - Warning: You are sending unauthenticated requests to the HF Hub. Please set a HF_TOKEN to enable higher rate limits and faster downloads.
[2026-07-23 11:21:14,555][httpx][INFO] - HTTP Request: HEAD https://s3.amazonaws.com/datasets.huggingface.co/datasets/datasets/allenai/ai2_arc/allenai/ai2_arc.py "HTTP/1.1 404 Not Found"
[2026-07-23 11:21:14,967][httpx][INFO] - HTTP Request: GET https://huggingface.co/api/datasets/allenai/ai2_arc/revision/210d026faf9955653af8916fad021475a3f00453 "HTTP/1.1 200 OK"
[2026-07-23 11:21:15,376][httpx][INFO] - HTTP Request: HEAD https://huggingface.co/datasets/allenai/ai2_arc/resolve/210d026faf9955653af8916fad021475a3f00453/.huggingface.yaml "HTTP/1.1 404 Not Found"
[2026-07-23 11:21:16,310][httpx][INFO] - HTTP Request: GET https://datasets-server.huggingface.co/info?dataset=allenai/ai2_arc "HTTP/1.1 200 OK"
[2026-07-23 11:21:16,595][httpx][INFO] - HTTP Request: GET https://huggingface.co/api/datasets/allenai/ai2_arc/tree/210d026faf9955653af8916fad021475a3f00453/ARC-Challenge?recursive=true&expand=false "HTTP/1.1 200 OK"
[2026-07-23 11:21:16,878][httpx][INFO] - HTTP Request: GET https://huggingface.co/api/datasets/allenai/ai2_arc/tree/210d026faf9955653af8916fad021475a3f00453?recursive=false&expand=false "HTTP/1.1 200 OK"
[2026-07-23 11:21:17,169][httpx][INFO] - HTTP Request: HEAD https://huggingface.co/datasets/allenai/ai2_arc/resolve/210d026faf9955653af8916fad021475a3f00453/dataset_infos.json "HTTP/1.1 404 Not Found"
[2026-07-23 11:21:17,669][pytensor.configparser][INFO] - Suppressed KeyError in PyTensorConfigParser.add for parameter 'cxx'!
[2026-07-23 11:21:17,670][pytensor.configparser][INFO] - Suppressed KeyError in PyTensorConfigParser.add for parameter 'gcc_version_str'!
[2026-07-23 11:21:17,670][pytensor.configparser][INFO] - Suppressed KeyError in PyTensorConfigParser.add for parameter 'compile__timeout'!
[2026-07-23 11:21:17,670][pytensor.configparser][INFO] - Suppressed KeyError in PyTensorConfigParser.add for parameter 'DebugMode__check_c'!
[2026-07-23 11:21:17,671][pytensor.configparser][INFO] - Suppressed KeyError in PyTensorConfigParser.add for parameter 'compiledir'!
[2026-07-23 11:21:17,772][pytensor.configparser][INFO] - Suppressed KeyError in PyTensorConfigParser.add for parameter 'blas__ldflags'!
[2026-07-23 11:21:17,787][pytensor.configdefaults][WARNING] - g++ not available, if using conda: `conda install gxx`
[2026-07-23 11:21:18,514][arviz][INFO] - Found 'auto' as default backend, checking available backends
[2026-07-23 11:21:18,515][arviz][INFO] - Matplotlib is available, defining as default backend
[2026-07-23 11:21:19,062][arviz][INFO] - arviz_base 1.2.0 available, exposing its functions as part of the `arviz` namespace
[2026-07-23 11:21:19,228][arviz][INFO] - arviz_stats 1.2.0 available, exposing its functions as part of the `arviz` namespace
[2026-07-23 11:21:19,295][arviz][INFO] - arviz_plots 1.2.0 available, exposing its functions as part of the `arviz` namespace
[2026-07-23 11:21:19,540][pymc.sampling.mcmc][INFO] - Initializing NUTS using jitter+adapt_diag...
[2026-07-23 11:21:20,765][pymc.sampling.mcmc][INFO] - Multiprocess sampling (4 chains in 4 jobs)
[2026-07-23 11:21:20,765][pymc.sampling.mcmc][INFO] - NUTS: [alpha, beta]
[2026-07-23 11:22:30,156][pymc.sampling.mcmc][INFO] - Sampling 4 chains for 1_000 tune and 1_000 draw iterations (4_000 + 4_000 draws total) took 69 seconds.
[2026-07-23 11:22:30,370][pymc.sampling.mcmc][INFO] - Initializing NUTS using jitter+adapt_diag...
[2026-07-23 11:22:30,896][pymc.sampling.mcmc][INFO] - Multiprocess sampling (4 chains in 4 jobs)
[2026-07-23 11:22:30,896][pymc.sampling.mcmc][INFO] - NUTS: [alpha, beta]
[2026-07-23 11:23:37,561][pymc.sampling.mcmc][INFO] - Sampling 4 chains for 1_000 tune and 1_000 draw iterations (4_000 + 4_000 draws total) took 67 seconds.
[2026-07-23 11:23:37,692][pymc.sampling.mcmc][INFO] - Initializing NUTS using jitter+adapt_diag...
[2026-07-23 11:23:38,024][pymc.sampling.mcmc][INFO] - Multiprocess sampling (4 chains in 4 jobs)
[2026-07-23 11:23:38,024][pymc.sampling.mcmc][INFO] - NUTS: [alpha, beta]
[2026-07-23 11:24:33,558][pymc.sampling.mcmc][INFO] - Sampling 4 chains for 1_000 tune and 1_000 draw iterations (4_000 + 4_000 draws total) took 56 seconds.
[2026-07-23 11:24:33,592][pytensor.tensor.type][INFO] - numpy allclose failed for abs_err 15.424948423832443 and rel_err 1.0
[2026-07-23 11:24:33,592][pytensor.tensor.type][INFO] - numpy allclose failed for abs_err 15.424948423832443 and rel_err 1.0
[2026-07-23 11:24:33,592][pytensor.tensor.type][INFO] - numpy allclose failed for abs_err 15.424948423832443 and rel_err 1.0
[2026-07-23 11:24:33,612][pymc.sampling.forward][INFO] - Sampling: []
[2026-07-23 11:24:33,676][pytensor.tensor.type][INFO] - numpy allclose failed for abs_err 15.424948423832443 and rel_err 1.0
[2026-07-23 11:24:33,676][pytensor.tensor.type][INFO] - numpy allclose failed for abs_err 15.424948423832443 and rel_err 1.0
[2026-07-23 11:24:33,676][pytensor.tensor.type][INFO] - numpy allclose failed for abs_err 15.424948423832443 and rel_err 1.0
[2026-07-23 11:24:33,685][pymc.sampling.forward][INFO] - Sampling: []
[2026-07-23 11:24:33,746][pytensor.tensor.type][INFO] - numpy allclose failed for abs_err 14.159063387675255 and rel_err 1.0
[2026-07-23 11:24:33,746][pytensor.tensor.type][INFO] - numpy allclose failed for abs_err 14.159063387675255 and rel_err 1.0
[2026-07-23 11:24:33,746][pytensor.tensor.type][INFO] - numpy allclose failed for abs_err 14.159063387675255 and rel_err 1.0
[2026-07-23 11:24:33,758][pymc.sampling.forward][INFO] - Sampling: []
[2026-07-23 11:24:33,820][pytensor.tensor.type][INFO] - numpy allclose failed for abs_err 15.816564369959801 and rel_err 1.0
[2026-07-23 11:24:33,820][pytensor.tensor.type][INFO] - numpy allclose failed for abs_err 15.816564369959801 and rel_err 1.0
[2026-07-23 11:24:33,820][pytensor.tensor.type][INFO] - numpy allclose failed for abs_err 15.816564369959801 and rel_err 1.0
[2026-07-23 11:24:33,826][pymc.sampling.forward][INFO] - Sampling: []
[2026-07-23 11:24:33,985][pytensor.tensor.type][INFO] - numpy allclose failed for abs_err 14.156932402444001 and rel_err 1.0
[2026-07-23 11:24:33,985][pytensor.tensor.type][INFO] - numpy allclose failed for abs_err 14.156932402444001 and rel_err 1.0
[2026-07-23 11:24:33,985][pytensor.tensor.type][INFO] - numpy allclose failed for abs_err 14.156932402444001 and rel_err 1.0
[2026-07-23 11:24:33,999][pymc.sampling.forward][INFO] - Sampling: []
[2026-07-23 11:24:34,065][pytensor.tensor.type][INFO] - numpy allclose failed for abs_err 14.156932402444001 and rel_err 1.0
[2026-07-23 11:24:34,065][pytensor.tensor.type][INFO] - numpy allclose failed for abs_err 14.156932402444001 and rel_err 1.0
[2026-07-23 11:24:34,066][pytensor.tensor.type][INFO] - numpy allclose failed for abs_err 14.156932402444001 and rel_err 1.0
[2026-07-23 11:24:34,077][pymc.sampling.forward][INFO] - Sampling: []
[2026-07-23 11:24:34,143][pytensor.tensor.type][INFO] - numpy allclose failed for abs_err 14.159063387675255 and rel_err 1.0
[2026-07-23 11:24:34,143][pytensor.tensor.type][INFO] - numpy allclose failed for abs_err 14.159063387675255 and rel_err 1.0
[2026-07-23 11:24:34,144][pytensor.tensor.type][INFO] - numpy allclose failed for abs_err 14.159063387675255 and rel_err 1.0
[2026-07-23 11:24:34,155][pymc.sampling.forward][INFO] - Sampling: []
[2026-07-23 11:24:34,221][pytensor.tensor.type][INFO] - numpy allclose failed for abs_err 15.816564369959801 and rel_err 1.0
[2026-07-23 11:24:34,221][pytensor.tensor.type][INFO] - numpy allclose failed for abs_err 15.816564369959801 and rel_err 1.0
[2026-07-23 11:24:34,221][pytensor.tensor.type][INFO] - numpy allclose failed for abs_err 15.816564369959801 and rel_err 1.0
[2026-07-23 11:24:34,225][pymc.sampling.forward][INFO] - Sampling: []
[2026-07-23 11:24:34,386][pytensor.tensor.type][INFO] - numpy allclose failed for abs_err 14.156932402444001 and rel_err 1.0
[2026-07-23 11:24:34,386][pytensor.tensor.type][INFO] - numpy allclose failed for abs_err 14.156932402444001 and rel_err 1.0
[2026-07-23 11:24:34,386][pytensor.tensor.type][INFO] - numpy allclose failed for abs_err 14.156932402444001 and rel_err 1.0
[2026-07-23 11:24:34,392][pymc.sampling.forward][INFO] - Sampling: []
[2026-07-23 11:24:34,466][pytensor.tensor.type][INFO] - numpy allclose failed for abs_err 14.156932402444001 and rel_err 1.0
[2026-07-23 11:24:34,466][pytensor.tensor.type][INFO] - numpy allclose failed for abs_err 14.156932402444001 and rel_err 1.0
[2026-07-23 11:24:34,467][pytensor.tensor.type][INFO] - numpy allclose failed for abs_err 14.156932402444001 and rel_err 1.0
[2026-07-23 11:24:34,477][pymc.sampling.forward][INFO] - Sampling: []
[2026-07-23 11:24:34,527][pytensor.tensor.type][INFO] - numpy allclose failed for abs_err 14.159063387675255 and rel_err 1.0
[2026-07-23 11:24:34,527][pytensor.tensor.type][INFO] - numpy allclose failed for abs_err 14.159063387675255 and rel_err 1.0
[2026-07-23 11:24:34,527][pytensor.tensor.type][INFO] - numpy allclose failed for abs_err 14.159063387675255 and rel_err 1.0
[2026-07-23 11:24:34,546][pymc.sampling.forward][INFO] - Sampling: []
[2026-07-23 11:24:34,592][pytensor.tensor.type][INFO] - numpy allclose failed for abs_err 15.816564369959801 and rel_err 1.0
[2026-07-23 11:24:34,592][pytensor.tensor.type][INFO] - numpy allclose failed for abs_err 15.816564369959801 and rel_err 1.0
[2026-07-23 11:24:34,592][pytensor.tensor.type][INFO] - numpy allclose failed for abs_err 15.816564369959801 and rel_err 1.0
[2026-07-23 11:24:34,616][pymc.sampling.forward][INFO] - Sampling: []
[2026-07-23 11:24:34,760][pytensor.tensor.type][INFO] - numpy allclose failed for abs_err 14.156932402444001 and rel_err 1.0
[2026-07-23 11:24:34,760][pytensor.tensor.type][INFO] - numpy allclose failed for abs_err 14.156932402444001 and rel_err 1.0
[2026-07-23 11:24:34,760][pytensor.tensor.type][INFO] - numpy allclose failed for abs_err 14.156932402444001 and rel_err 1.0
[2026-07-23 11:24:34,780][pymc.sampling.forward][INFO] - Sampling: []
[2026-07-23 11:24:34,860][pytensor.tensor.type][INFO] - numpy allclose failed for abs_err 14.156932402444001 and rel_err 1.0
[2026-07-23 11:24:34,860][pytensor.tensor.type][INFO] - numpy allclose failed for abs_err 14.156932402444001 and rel_err 1.0
[2026-07-23 11:24:34,861][pytensor.tensor.type][INFO] - numpy allclose failed for abs_err 14.156932402444001 and rel_err 1.0
[2026-07-23 11:24:34,873][pymc.sampling.forward][INFO] - Sampling: []
[2026-07-23 11:24:34,931][pytensor.tensor.type][INFO] - numpy allclose failed for abs_err 14.159063387675255 and rel_err 1.0
[2026-07-23 11:24:34,932][pytensor.tensor.type][INFO] - numpy allclose failed for abs_err 14.159063387675255 and rel_err 1.0
[2026-07-23 11:24:34,932][pytensor.tensor.type][INFO] - numpy allclose failed for abs_err 14.159063387675255 and rel_err 1.0
[2026-07-23 11:24:34,944][pymc.sampling.forward][INFO] - Sampling: []
[2026-07-23 11:24:35,009][pytensor.tensor.type][INFO] - numpy allclose failed for abs_err 15.816564369959801 and rel_err 1.0
[2026-07-23 11:24:35,010][pytensor.tensor.type][INFO] - numpy allclose failed for abs_err 15.816564369959801 and rel_err 1.0
[2026-07-23 11:24:35,010][pytensor.tensor.type][INFO] - numpy allclose failed for abs_err 15.816564369959801 and rel_err 1.0
[2026-07-23 11:24:35,021][pymc.sampling.forward][INFO] - Sampling: []
[2026-07-23 11:24:35,180][pytensor.tensor.type][INFO] - numpy allclose failed for abs_err 14.156932402444001 and rel_err 1.0
[2026-07-23 11:24:35,180][pytensor.tensor.type][INFO] - numpy allclose failed for abs_err 14.156932402444001 and rel_err 1.0
[2026-07-23 11:24:35,182][pytensor.tensor.type][INFO] - numpy allclose failed for abs_err 14.156932402444001 and rel_err 1.0
[2026-07-23 11:24:35,196][pymc.sampling.forward][INFO] - Sampling: []
[2026-07-23 11:24:35,263][pytensor.tensor.type][INFO] - numpy allclose failed for abs_err 14.156932402444001 and rel_err 1.0
[2026-07-23 11:24:35,263][pytensor.tensor.type][INFO] - numpy allclose failed for abs_err 14.156932402444001 and rel_err 1.0
[2026-07-23 11:24:35,264][pytensor.tensor.type][INFO] - numpy allclose failed for abs_err 14.156932402444001 and rel_err 1.0
[2026-07-23 11:24:35,276][pymc.sampling.forward][INFO] - Sampling: []
[2026-07-23 11:24:35,326][pytensor.tensor.type][INFO] - numpy allclose failed for abs_err 14.159063387675255 and rel_err 1.0
[2026-07-23 11:24:35,326][pytensor.tensor.type][INFO] - numpy allclose failed for abs_err 14.159063387675255 and rel_err 1.0
[2026-07-23 11:24:35,326][pytensor.tensor.type][INFO] - numpy allclose failed for abs_err 14.159063387675255 and rel_err 1.0
[2026-07-23 11:24:35,350][pymc.sampling.forward][INFO] - Sampling: []
[2026-07-23 11:24:35,409][pytensor.tensor.type][INFO] - numpy allclose failed for abs_err 15.816564369959801 and rel_err 1.0
[2026-07-23 11:24:35,409][pytensor.tensor.type][INFO] - numpy allclose failed for abs_err 15.816564369959801 and rel_err 1.0
[2026-07-23 11:24:35,409][pytensor.tensor.type][INFO] - numpy allclose failed for abs_err 15.816564369959801 and rel_err 1.0
[2026-07-23 11:24:35,426][pymc.sampling.forward][INFO] - Sampling: []
[2026-07-23 11:24:35,580][pytensor.tensor.type][INFO] - numpy allclose failed for abs_err 14.156932402444001 and rel_err 1.0
[2026-07-23 11:24:35,582][pytensor.tensor.type][INFO] - numpy allclose failed for abs_err 14.156932402444001 and rel_err 1.0
[2026-07-23 11:24:35,582][pytensor.tensor.type][INFO] - numpy allclose failed for abs_err 14.156932402444001 and rel_err 1.0
[2026-07-23 11:24:35,597][pymc.sampling.forward][INFO] - Sampling: []
[2026-07-23 11:24:35,661][pytensor.tensor.type][INFO] - numpy allclose failed for abs_err 14.156932402444001 and rel_err 1.0
[2026-07-23 11:24:35,661][pytensor.tensor.type][INFO] - numpy allclose failed for abs_err 14.156932402444001 and rel_err 1.0
[2026-07-23 11:24:35,661][pytensor.tensor.type][INFO] - numpy allclose failed for abs_err 14.156932402444001 and rel_err 1.0
[2026-07-23 11:24:35,673][pymc.sampling.forward][INFO] - Sampling: []
[2026-07-23 11:24:35,726][pytensor.tensor.type][INFO] - numpy allclose failed for abs_err 14.159063387675255 and rel_err 1.0
[2026-07-23 11:24:35,726][pytensor.tensor.type][INFO] - numpy allclose failed for abs_err 14.159063387675255 and rel_err 1.0
[2026-07-23 11:24:35,726][pytensor.tensor.type][INFO] - numpy allclose failed for abs_err 14.159063387675255 and rel_err 1.0
[2026-07-23 11:24:35,749][pymc.sampling.forward][INFO] - Sampling: []
[2026-07-23 11:24:35,815][pytensor.tensor.type][INFO] - numpy allclose failed for abs_err 15.816564369959801 and rel_err 1.0
[2026-07-23 11:24:35,815][pytensor.tensor.type][INFO] - numpy allclose failed for abs_err 15.816564369959801 and rel_err 1.0
[2026-07-23 11:24:35,815][pytensor.tensor.type][INFO] - numpy allclose failed for abs_err 15.816564369959801 and rel_err 1.0
[2026-07-23 11:24:35,833][pymc.sampling.forward][INFO] - Sampling: []
[2026-07-23 11:24:35,984][pytensor.tensor.type][INFO] - numpy allclose failed for abs_err 14.156932402444001 and rel_err 1.0
[2026-07-23 11:24:35,984][pytensor.tensor.type][INFO] - numpy allclose failed for abs_err 14.156932402444001 and rel_err 1.0
[2026-07-23 11:24:35,984][pytensor.tensor.type][INFO] - numpy allclose failed for abs_err 14.156932402444001 and rel_err 1.0
[2026-07-23 11:24:35,993][pymc.sampling.forward][INFO] - Sampling: []
[2026-07-23 11:24:36,063][pytensor.tensor.type][INFO] - numpy allclose failed for abs_err 14.156932402444001 and rel_err 1.0
[2026-07-23 11:24:36,064][pytensor.tensor.type][INFO] - numpy allclose failed for abs_err 14.156932402444001 and rel_err 1.0
[2026-07-23 11:24:36,065][pytensor.tensor.type][INFO] - numpy allclose failed for abs_err 14.156932402444001 and rel_err 1.0
[2026-07-23 11:24:36,075][pymc.sampling.forward][INFO] - Sampling: []
[2026-07-23 11:24:36,147][pytensor.tensor.type][INFO] - numpy allclose failed for abs_err 14.159063387675255 and rel_err 1.0
[2026-07-23 11:24:36,147][pytensor.tensor.type][INFO] - numpy allclose failed for abs_err 14.159063387675255 and rel_err 1.0
[2026-07-23 11:24:36,148][pytensor.tensor.type][INFO] - numpy allclose failed for abs_err 14.159063387675255 and rel_err 1.0
[2026-07-23 11:24:36,159][pymc.sampling.forward][INFO] - Sampling: []
[2026-07-23 11:24:36,225][pytensor.tensor.type][INFO] - numpy allclose failed for abs_err 15.816564369959801 and rel_err 1.0
[2026-07-23 11:24:36,226][pytensor.tensor.type][INFO] - numpy allclose failed for abs_err 15.816564369959801 and rel_err 1.0
[2026-07-23 11:24:36,226][pytensor.tensor.type][INFO] - numpy allclose failed for abs_err 15.816564369959801 and rel_err 1.0
[2026-07-23 11:24:36,240][pymc.sampling.forward][INFO] - Sampling: []
[2026-07-23 11:24:36,413][pytensor.tensor.type][INFO] - numpy allclose failed for abs_err 14.156932402444001 and rel_err 1.0
[2026-07-23 11:24:36,413][pytensor.tensor.type][INFO] - numpy allclose failed for abs_err 14.156932402444001 and rel_err 1.0
[2026-07-23 11:24:36,414][pytensor.tensor.type][INFO] - numpy allclose failed for abs_err 14.156932402444001 and rel_err 1.0
[2026-07-23 11:24:36,430][pymc.sampling.forward][INFO] - Sampling: []
[2026-07-23 11:24:36,498][pytensor.tensor.type][INFO] - numpy allclose failed for abs_err 14.156932402444001 and rel_err 1.0
[2026-07-23 11:24:36,498][pytensor.tensor.type][INFO] - numpy allclose failed for abs_err 14.156932402444001 and rel_err 1.0
[2026-07-23 11:24:36,498][pytensor.tensor.type][INFO] - numpy allclose failed for abs_err 14.156932402444001 and rel_err 1.0
[2026-07-23 11:24:36,508][pymc.sampling.forward][INFO] - Sampling: []
[2026-07-23 11:24:36,580][pytensor.tensor.type][INFO] - numpy allclose failed for abs_err 14.159063387675255 and rel_err 1.0
[2026-07-23 11:24:36,580][pytensor.tensor.type][INFO] - numpy allclose failed for abs_err 14.159063387675255 and rel_err 1.0
[2026-07-23 11:24:36,581][pytensor.tensor.type][INFO] - numpy allclose failed for abs_err 14.159063387675255 and rel_err 1.0
[2026-07-23 11:24:36,592][pymc.sampling.forward][INFO] - Sampling: []
[2026-07-23 11:24:36,659][pytensor.tensor.type][INFO] - numpy allclose failed for abs_err 15.816564369959801 and rel_err 1.0
[2026-07-23 11:24:36,660][pytensor.tensor.type][INFO] - numpy allclose failed for abs_err 15.816564369959801 and rel_err 1.0
[2026-07-23 11:24:36,663][pytensor.tensor.type][INFO] - numpy allclose failed for abs_err 15.816564369959801 and rel_err 1.0
[2026-07-23 11:24:36,680][pymc.sampling.forward][INFO] - Sampling: []
[2026-07-23 11:24:36,855][pytensor.tensor.type][INFO] - numpy allclose failed for abs_err 14.156932402444001 and rel_err 1.0
[2026-07-23 11:24:36,855][pytensor.tensor.type][INFO] - numpy allclose failed for abs_err 14.156932402444001 and rel_err 1.0
[2026-07-23 11:24:36,856][pytensor.tensor.type][INFO] - numpy allclose failed for abs_err 14.156932402444001 and rel_err 1.0
[2026-07-23 11:24:36,870][pymc.sampling.forward][INFO] - Sampling: []
[2026-07-23 11:24:36,931][pytensor.tensor.type][INFO] - numpy allclose failed for abs_err 14.156932402444001 and rel_err 1.0
[2026-07-23 11:24:36,932][pytensor.tensor.type][INFO] - numpy allclose failed for abs_err 14.156932402444001 and rel_err 1.0
[2026-07-23 11:24:36,932][pytensor.tensor.type][INFO] - numpy allclose failed for abs_err 14.156932402444001 and rel_err 1.0
[2026-07-23 11:24:36,942][pymc.sampling.forward][INFO] - Sampling: []
[2026-07-23 11:24:36,992][pytensor.tensor.type][INFO] - numpy allclose failed for abs_err 14.159063387675255 and rel_err 1.0
[2026-07-23 11:24:36,992][pytensor.tensor.type][INFO] - numpy allclose failed for abs_err 14.159063387675255 and rel_err 1.0
[2026-07-23 11:24:36,992][pytensor.tensor.type][INFO] - numpy allclose failed for abs_err 14.159063387675255 and rel_err 1.0
[2026-07-23 11:24:37,014][pymc.sampling.forward][INFO] - Sampling: []
[2026-07-23 11:24:37,084][pytensor.tensor.type][INFO] - numpy allclose failed for abs_err 15.816564369959801 and rel_err 1.0
[2026-07-23 11:24:37,084][pytensor.tensor.type][INFO] - numpy allclose failed for abs_err 15.816564369959801 and rel_err 1.0
[2026-07-23 11:24:37,085][pytensor.tensor.type][INFO] - numpy allclose failed for abs_err 15.816564369959801 and rel_err 1.0
[2026-07-23 11:24:37,096][pymc.sampling.forward][INFO] - Sampling: []
[2026-07-23 11:24:37,258][pytensor.tensor.type][INFO] - numpy allclose failed for abs_err 14.156932402444001 and rel_err 1.0
[2026-07-23 11:24:37,259][pytensor.tensor.type][INFO] - numpy allclose failed for abs_err 14.156932402444001 and rel_err 1.0
[2026-07-23 11:24:37,259][pytensor.tensor.type][INFO] - numpy allclose failed for abs_err 14.156932402444001 and rel_err 1.0
[2026-07-23 11:24:37,277][pymc.sampling.forward][INFO] - Sampling: []
[2026-07-23 11:24:37,354][pytensor.tensor.type][INFO] - numpy allclose failed for abs_err 14.156932402444001 and rel_err 1.0
[2026-07-23 11:24:37,354][pytensor.tensor.type][INFO] - numpy allclose failed for abs_err 14.156932402444001 and rel_err 1.0
[2026-07-23 11:24:37,355][pytensor.tensor.type][INFO] - numpy allclose failed for abs_err 14.156932402444001 and rel_err 1.0
[2026-07-23 11:24:37,371][pymc.sampling.forward][INFO] - Sampling: []
[2026-07-23 11:24:37,447][pytensor.tensor.type][INFO] - numpy allclose failed for abs_err 14.159063387675255 and rel_err 1.0
[2026-07-23 11:24:37,448][pytensor.tensor.type][INFO] - numpy allclose failed for abs_err 14.159063387675255 and rel_err 1.0
[2026-07-23 11:24:37,449][pytensor.tensor.type][INFO] - numpy allclose failed for abs_err 14.159063387675255 and rel_err 1.0
[2026-07-23 11:24:37,459][pymc.sampling.forward][INFO] - Sampling: []
[2026-07-23 11:24:37,530][pytensor.tensor.type][INFO] - numpy allclose failed for abs_err 15.816564369959801 and rel_err 1.0
[2026-07-23 11:24:37,531][pytensor.tensor.type][INFO] - numpy allclose failed for abs_err 15.816564369959801 and rel_err 1.0
[2026-07-23 11:24:37,531][pytensor.tensor.type][INFO] - numpy allclose failed for abs_err 15.816564369959801 and rel_err 1.0
[2026-07-23 11:24:37,542][pymc.sampling.forward][INFO] - Sampling: []
[2026-07-23 11:24:37,727][pymc.sampling.forward][INFO] - Sampling: []
[2026-07-23 11:24:37,808][pymc.sampling.forward][INFO] - Sampling: []
[2026-07-23 11:24:37,888][pymc.sampling.forward][INFO] - Sampling: []
[2026-07-23 11:24:37,967][pymc.sampling.forward][INFO] - Sampling: []
[2026-07-23 11:24:38,217][pymc.sampling.mcmc][INFO] - Initializing NUTS using jitter+adapt_diag...
[2026-07-23 11:24:38,535][pymc.sampling.mcmc][INFO] - Multiprocess sampling (4 chains in 4 jobs)
[2026-07-23 11:24:38,535][pymc.sampling.mcmc][INFO] - NUTS: [alpha, beta]
[2026-07-23 11:25:41,208][pymc.sampling.mcmc][INFO] - Sampling 4 chains for 1_000 tune and 1_000 draw iterations (4_000 + 4_000 draws total) took 63 seconds.
[2026-07-23 11:25:41,339][pymc.sampling.mcmc][INFO] - Initializing NUTS using jitter+adapt_diag...
[2026-07-23 11:25:41,984][pymc.sampling.mcmc][INFO] - Multiprocess sampling (4 chains in 4 jobs)
[2026-07-23 11:25:41,986][pymc.sampling.mcmc][INFO] - NUTS: [alpha, beta]
[2026-07-23 11:26:51,058][pymc.sampling.mcmc][INFO] - Sampling 4 chains for 1_000 tune and 1_000 draw iterations (4_000 + 4_000 draws total) took 69 seconds.
[2026-07-23 11:26:51,256][pymc.sampling.mcmc][INFO] - Initializing NUTS using jitter+adapt_diag...
[2026-07-23 11:26:51,793][pymc.sampling.mcmc][INFO] - Multiprocess sampling (4 chains in 4 jobs)
[2026-07-23 11:26:51,793][pymc.sampling.mcmc][INFO] - NUTS: [alpha, beta]
[2026-07-23 11:28:15,769][pymc.sampling.mcmc][INFO] - Sampling 4 chains for 1_000 tune and 1_000 draw iterations (4_000 + 4_000 draws total) took 84 seconds.
[2026-07-23 11:28:15,829][pytensor.tensor.type][INFO] - numpy allclose failed for abs_err 14.070211339783784 and rel_err 1.0
[2026-07-23 11:28:15,829][pytensor.tensor.type][INFO] - numpy allclose failed for abs_err 14.070211339783784 and rel_err 1.0
[2026-07-23 11:28:15,829][pytensor.tensor.type][INFO] - numpy allclose failed for abs_err 14.070211339783784 and rel_err 1.0
[2026-07-23 11:28:15,847][pymc.sampling.forward][INFO] - Sampling: []
[2026-07-23 11:28:15,940][pytensor.tensor.type][INFO] - numpy allclose failed for abs_err 26.924681950402373 and rel_err 1.0
[2026-07-23 11:28:15,940][pytensor.tensor.type][INFO] - numpy allclose failed for abs_err 26.924681950402373 and rel_err 1.0
[2026-07-23 11:28:15,940][pytensor.tensor.type][INFO] - numpy allclose failed for abs_err 26.924681950402373 and rel_err 1.0
[2026-07-23 11:28:15,957][pymc.sampling.forward][INFO] - Sampling: []
[2026-07-23 11:28:16,059][pytensor.tensor.type][INFO] - numpy allclose failed for abs_err 13.916080821318596 and rel_err 1.0
[2026-07-23 11:28:16,059][pytensor.tensor.type][INFO] - numpy allclose failed for abs_err 13.916080821318596 and rel_err 1.0
[2026-07-23 11:28:16,061][pytensor.tensor.type][INFO] - numpy allclose failed for abs_err 13.916080821318596 and rel_err 1.0
[2026-07-23 11:28:16,077][pymc.sampling.forward][INFO] - Sampling: []
[2026-07-23 11:28:16,174][pytensor.tensor.type][INFO] - numpy allclose failed for abs_err 14.619647789759606 and rel_err 1.0
[2026-07-23 11:28:16,174][pytensor.tensor.type][INFO] - numpy allclose failed for abs_err 14.619647789759606 and rel_err 1.0
[2026-07-23 11:28:16,174][pytensor.tensor.type][INFO] - numpy allclose failed for abs_err 14.619647789759606 and rel_err 1.0
[2026-07-23 11:28:16,200][pymc.sampling.forward][INFO] - Sampling: []
[2026-07-23 11:28:16,457][pytensor.tensor.type][INFO] - numpy allclose failed for abs_err 14.117711234850853 and rel_err 1.0
[2026-07-23 11:28:16,457][pytensor.tensor.type][INFO] - numpy allclose failed for abs_err 14.117711234850853 and rel_err 1.0
[2026-07-23 11:28:16,458][pytensor.tensor.type][INFO] - numpy allclose failed for abs_err 14.117711234850853 and rel_err 1.0
[2026-07-23 11:28:16,474][pymc.sampling.forward][INFO] - Sampling: []
[2026-07-23 11:28:16,574][pytensor.tensor.type][INFO] - numpy allclose failed for abs_err 14.070211339783784 and rel_err 1.0
[2026-07-23 11:28:16,575][pytensor.tensor.type][INFO] - numpy allclose failed for abs_err 14.070211339783784 and rel_err 1.0
[2026-07-23 11:28:16,575][pytensor.tensor.type][INFO] - numpy allclose failed for abs_err 14.070211339783784 and rel_err 1.0
[2026-07-23 11:28:16,596][pymc.sampling.forward][INFO] - Sampling: []
[2026-07-23 11:28:16,704][pytensor.tensor.type][INFO] - numpy allclose failed for abs_err 12.556254195020479 and rel_err 1.0
[2026-07-23 11:28:16,705][pytensor.tensor.type][INFO] - numpy allclose failed for abs_err 12.556254195020479 and rel_err 1.0
[2026-07-23 11:28:16,705][pytensor.tensor.type][INFO] - numpy allclose failed for abs_err 12.556254195020479 and rel_err 1.0
[2026-07-23 11:28:16,721][pymc.sampling.forward][INFO] - Sampling: []
[2026-07-23 11:28:16,829][pytensor.tensor.type][INFO] - numpy allclose failed for abs_err 16.053487587733237 and rel_err 1.0
[2026-07-23 11:28:16,829][pytensor.tensor.type][INFO] - numpy allclose failed for abs_err 16.053487587733237 and rel_err 1.0
[2026-07-23 11:28:16,831][pytensor.tensor.type][INFO] - numpy allclose failed for abs_err 16.053487587733237 and rel_err 1.0
[2026-07-23 11:28:16,847][pymc.sampling.forward][INFO] - Sampling: []
[2026-07-23 11:28:17,099][pytensor.tensor.type][INFO] - numpy allclose failed for abs_err 14.117711234850853 and rel_err 1.0
[2026-07-23 11:28:17,101][pytensor.tensor.type][INFO] - numpy allclose failed for abs_err 14.117711234850853 and rel_err 1.0
[2026-07-23 11:28:17,101][pytensor.tensor.type][INFO] - numpy allclose failed for abs_err 14.117711234850853 and rel_err 1.0
[2026-07-23 11:28:17,119][pymc.sampling.forward][INFO] - Sampling: []
[2026-07-23 11:28:17,216][pytensor.tensor.type][INFO] - numpy allclose failed for abs_err 14.117711234850853 and rel_err 1.0
[2026-07-23 11:28:17,217][pytensor.tensor.type][INFO] - numpy allclose failed for abs_err 14.117711234850853 and rel_err 1.0
[2026-07-23 11:28:17,217][pytensor.tensor.type][INFO] - numpy allclose failed for abs_err 14.117711234850853 and rel_err 1.0
[2026-07-23 11:28:17,231][pymc.sampling.forward][INFO] - Sampling: []
[2026-07-23 11:28:17,332][pytensor.tensor.type][INFO] - numpy allclose failed for abs_err 12.48770611171512 and rel_err 1.0
[2026-07-23 11:28:17,333][pytensor.tensor.type][INFO] - numpy allclose failed for abs_err 12.48770611171512 and rel_err 1.0
[2026-07-23 11:28:17,334][pytensor.tensor.type][INFO] - numpy allclose failed for abs_err 12.48770611171512 and rel_err 1.0
[2026-07-23 11:28:17,348][pymc.sampling.forward][INFO] - Sampling: []
[2026-07-23 11:28:17,457][pytensor.tensor.type][INFO] - numpy allclose failed for abs_err 14.523446489167329 and rel_err 1.0
[2026-07-23 11:28:17,457][pytensor.tensor.type][INFO] - numpy allclose failed for abs_err 14.523446489167329 and rel_err 1.0
[2026-07-23 11:28:17,457][pytensor.tensor.type][INFO] - numpy allclose failed for abs_err 14.523446489167329 and rel_err 1.0
[2026-07-23 11:28:17,476][pymc.sampling.forward][INFO] - Sampling: []
[2026-07-23 11:28:17,752][pytensor.tensor.type][INFO] - numpy allclose failed for abs_err 13.867697943015068 and rel_err 1.0
[2026-07-23 11:28:17,752][pytensor.tensor.type][INFO] - numpy allclose failed for abs_err 13.867697943015068 and rel_err 1.0
[2026-07-23 11:28:17,752][pytensor.tensor.type][INFO] - numpy allclose failed for abs_err 13.867697943015068 and rel_err 1.0
[2026-07-23 11:28:17,770][pymc.sampling.forward][INFO] - Sampling: []
[2026-07-23 11:28:17,857][pytensor.tensor.type][INFO] - numpy allclose failed for abs_err 13.856383670134514 and rel_err 1.0
[2026-07-23 11:28:17,857][pytensor.tensor.type][INFO] - numpy allclose failed for abs_err 13.856383670134514 and rel_err 1.0
[2026-07-23 11:28:17,857][pytensor.tensor.type][INFO] - numpy allclose failed for abs_err 13.856383670134514 and rel_err 1.0
[2026-07-23 11:28:17,876][pymc.sampling.forward][INFO] - Sampling: []
[2026-07-23 11:28:17,973][pytensor.tensor.type][INFO] - numpy allclose failed for abs_err 12.598881052778047 and rel_err 1.0
[2026-07-23 11:28:17,973][pytensor.tensor.type][INFO] - numpy allclose failed for abs_err 12.598881052778047 and rel_err 1.0
[2026-07-23 11:28:17,973][pytensor.tensor.type][INFO] - numpy allclose failed for abs_err 12.598881052778047 and rel_err 1.0
[2026-07-23 11:28:17,991][pymc.sampling.forward][INFO] - Sampling: []
[2026-07-23 11:28:18,089][pytensor.tensor.type][INFO] - numpy allclose failed for abs_err 16.053487587733237 and rel_err 1.0
[2026-07-23 11:28:18,090][pytensor.tensor.type][INFO] - numpy allclose failed for abs_err 16.053487587733237 and rel_err 1.0
[2026-07-23 11:28:18,090][pytensor.tensor.type][INFO] - numpy allclose failed for abs_err 16.053487587733237 and rel_err 1.0
[2026-07-23 11:28:18,105][pymc.sampling.forward][INFO] - Sampling: []
[2026-07-23 11:28:18,358][pytensor.tensor.type][INFO] - numpy allclose failed for abs_err 14.117711234850853 and rel_err 1.0
[2026-07-23 11:28:18,359][pytensor.tensor.type][INFO] - numpy allclose failed for abs_err 14.117711234850853 and rel_err 1.0
[2026-07-23 11:28:18,359][pytensor.tensor.type][INFO] - numpy allclose failed for abs_err 14.117711234850853 and rel_err 1.0
[2026-07-23 11:28:18,372][pymc.sampling.forward][INFO] - Sampling: []
[2026-07-23 11:28:18,460][pytensor.tensor.type][INFO] - numpy allclose failed for abs_err 13.845743287396546 and rel_err 1.0
[2026-07-23 11:28:18,462][pytensor.tensor.type][INFO] - numpy allclose failed for abs_err 13.845743287396546 and rel_err 1.0
[2026-07-23 11:28:18,462][pytensor.tensor.type][INFO] - numpy allclose failed for abs_err 13.845743287396546 and rel_err 1.0
[2026-07-23 11:28:18,479][pymc.sampling.forward][INFO] - Sampling: []
[2026-07-23 11:28:18,576][pytensor.tensor.type][INFO] - numpy allclose failed for abs_err 13.916080821318596 and rel_err 1.0
[2026-07-23 11:28:18,577][pytensor.tensor.type][INFO] - numpy allclose failed for abs_err 13.916080821318596 and rel_err 1.0
[2026-07-23 11:28:18,577][pytensor.tensor.type][INFO] - numpy allclose failed for abs_err 13.916080821318596 and rel_err 1.0
[2026-07-23 11:28:18,595][pymc.sampling.forward][INFO] - Sampling: []
[2026-07-23 11:28:18,696][pytensor.tensor.type][INFO] - numpy allclose failed for abs_err 16.053487587733237 and rel_err 1.0
[2026-07-23 11:28:18,697][pytensor.tensor.type][INFO] - numpy allclose failed for abs_err 16.053487587733237 and rel_err 1.0
[2026-07-23 11:28:18,697][pytensor.tensor.type][INFO] - numpy allclose failed for abs_err 16.053487587733237 and rel_err 1.0
[2026-07-23 11:28:18,712][pymc.sampling.forward][INFO] - Sampling: []
[2026-07-23 11:28:18,942][pytensor.tensor.type][INFO] - numpy allclose failed for abs_err 13.841672588181611 and rel_err 1.0
[2026-07-23 11:28:18,944][pytensor.tensor.type][INFO] - numpy allclose failed for abs_err 13.841672588181611 and rel_err 1.0
[2026-07-23 11:28:18,944][pytensor.tensor.type][INFO] - numpy allclose failed for abs_err 13.841672588181611 and rel_err 1.0
[2026-07-23 11:28:18,957][pymc.sampling.forward][INFO] - Sampling: []
[2026-07-23 11:28:19,058][pytensor.tensor.type][INFO] - numpy allclose failed for abs_err 13.863258708310243 and rel_err 1.0
[2026-07-23 11:28:19,058][pytensor.tensor.type][INFO] - numpy allclose failed for abs_err 13.863258708310243 and rel_err 1.0
[2026-07-23 11:28:19,059][pytensor.tensor.type][INFO] - numpy allclose failed for abs_err 13.863258708310243 and rel_err 1.0
[2026-07-23 11:28:19,073][pymc.sampling.forward][INFO] - Sampling: []
[2026-07-23 11:28:19,169][pytensor.tensor.type][INFO] - numpy allclose failed for abs_err 12.44623927955417 and rel_err 1.0
[2026-07-23 11:28:19,169][pytensor.tensor.type][INFO] - numpy allclose failed for abs_err 12.44623927955417 and rel_err 1.0
[2026-07-23 11:28:19,170][pytensor.tensor.type][INFO] - numpy allclose failed for abs_err 12.44623927955417 and rel_err 1.0
[2026-07-23 11:28:19,183][pymc.sampling.forward][INFO] - Sampling: []
[2026-07-23 11:28:19,296][pytensor.tensor.type][INFO] - numpy allclose failed for abs_err 16.053487587733237 and rel_err 1.0
[2026-07-23 11:28:19,296][pytensor.tensor.type][INFO] - numpy allclose failed for abs_err 16.053487587733237 and rel_err 1.0
[2026-07-23 11:28:19,296][pytensor.tensor.type][INFO] - numpy allclose failed for abs_err 16.053487587733237 and rel_err 1.0
[2026-07-23 11:28:19,311][pymc.sampling.forward][INFO] - Sampling: []
[2026-07-23 11:28:19,575][pytensor.tensor.type][INFO] - numpy allclose failed for abs_err 13.863258708310243 and rel_err 1.0
[2026-07-23 11:28:19,576][pytensor.tensor.type][INFO] - numpy allclose failed for abs_err 13.863258708310243 and rel_err 1.0
[2026-07-23 11:28:19,576][pytensor.tensor.type][INFO] - numpy allclose failed for abs_err 13.863258708310243 and rel_err 1.0
[2026-07-23 11:28:19,594][pymc.sampling.forward][INFO] - Sampling: []
[2026-07-23 11:28:19,685][pytensor.tensor.type][INFO] - numpy allclose failed for abs_err 14.117711234850853 and rel_err 1.0
[2026-07-23 11:28:19,686][pytensor.tensor.type][INFO] - numpy allclose failed for abs_err 14.117711234850853 and rel_err 1.0
[2026-07-23 11:28:19,687][pytensor.tensor.type][INFO] - numpy allclose failed for abs_err 14.117711234850853 and rel_err 1.0
[2026-07-23 11:28:19,703][pymc.sampling.forward][INFO] - Sampling: []
[2026-07-23 11:28:19,793][pytensor.tensor.type][INFO] - numpy allclose failed for abs_err 12.556254195020479 and rel_err 1.0
[2026-07-23 11:28:19,793][pytensor.tensor.type][INFO] - numpy allclose failed for abs_err 12.556254195020479 and rel_err 1.0
[2026-07-23 11:28:19,793][pytensor.tensor.type][INFO] - numpy allclose failed for abs_err 12.556254195020479 and rel_err 1.0
[2026-07-23 11:28:19,809][pymc.sampling.forward][INFO] - Sampling: []
[2026-07-23 11:28:19,916][pytensor.tensor.type][INFO] - numpy allclose failed for abs_err 14.523446489167329 and rel_err 1.0
[2026-07-23 11:28:19,916][pytensor.tensor.type][INFO] - numpy allclose failed for abs_err 14.523446489167329 and rel_err 1.0
[2026-07-23 11:28:19,916][pytensor.tensor.type][INFO] - numpy allclose failed for abs_err 14.523446489167329 and rel_err 1.0
[2026-07-23 11:28:19,933][pymc.sampling.forward][INFO] - Sampling: []
[2026-07-23 11:28:20,200][pytensor.tensor.type][INFO] - numpy allclose failed for abs_err 13.85220401362893 and rel_err 1.0
[2026-07-23 11:28:20,200][pytensor.tensor.type][INFO] - numpy allclose failed for abs_err 13.85220401362893 and rel_err 1.0
[2026-07-23 11:28:20,202][pytensor.tensor.type][INFO] - numpy allclose failed for abs_err 13.85220401362893 and rel_err 1.0
[2026-07-23 11:28:20,222][pymc.sampling.forward][INFO] - Sampling: []
[2026-07-23 11:28:20,313][pytensor.tensor.type][INFO] - numpy allclose failed for abs_err 14.070211339783784 and rel_err 1.0
[2026-07-23 11:28:20,314][pytensor.tensor.type][INFO] - numpy allclose failed for abs_err 14.070211339783784 and rel_err 1.0
[2026-07-23 11:28:20,314][pytensor.tensor.type][INFO] - numpy allclose failed for abs_err 14.070211339783784 and rel_err 1.0
[2026-07-23 11:28:20,328][pymc.sampling.forward][INFO] - Sampling: []
[2026-07-23 11:28:20,438][pytensor.tensor.type][INFO] - numpy allclose failed for abs_err 13.916080821318596 and rel_err 1.0
[2026-07-23 11:28:20,438][pytensor.tensor.type][INFO] - numpy allclose failed for abs_err 13.916080821318596 and rel_err 1.0
[2026-07-23 11:28:20,438][pytensor.tensor.type][INFO] - numpy allclose failed for abs_err 13.916080821318596 and rel_err 1.0
[2026-07-23 11:28:20,454][pymc.sampling.forward][INFO] - Sampling: []
[2026-07-23 11:28:20,552][pytensor.tensor.type][INFO] - numpy allclose failed for abs_err 16.053487587733237 and rel_err 1.0
[2026-07-23 11:28:20,553][pytensor.tensor.type][INFO] - numpy allclose failed for abs_err 16.053487587733237 and rel_err 1.0
[2026-07-23 11:28:20,553][pytensor.tensor.type][INFO] - numpy allclose failed for abs_err 16.053487587733237 and rel_err 1.0
[2026-07-23 11:28:20,573][pymc.sampling.forward][INFO] - Sampling: []
[2026-07-23 11:28:20,833][pytensor.tensor.type][INFO] - numpy allclose failed for abs_err 14.070211339783784 and rel_err 1.0
[2026-07-23 11:28:20,833][pytensor.tensor.type][INFO] - numpy allclose failed for abs_err 14.070211339783784 and rel_err 1.0
[2026-07-23 11:28:20,835][pytensor.tensor.type][INFO] - numpy allclose failed for abs_err 14.070211339783784 and rel_err 1.0
[2026-07-23 11:28:20,853][pymc.sampling.forward][INFO] - Sampling: []
[2026-07-23 11:28:20,943][pytensor.tensor.type][INFO] - numpy allclose failed for abs_err 14.070211339783784 and rel_err 1.0
[2026-07-23 11:28:20,943][pytensor.tensor.type][INFO] - numpy allclose failed for abs_err 14.070211339783784 and rel_err 1.0
[2026-07-23 11:28:20,943][pytensor.tensor.type][INFO] - numpy allclose failed for abs_err 14.070211339783784 and rel_err 1.0
[2026-07-23 11:28:20,957][pymc.sampling.forward][INFO] - Sampling: []
[2026-07-23 11:28:21,062][pytensor.tensor.type][INFO] - numpy allclose failed for abs_err 12.598881052778047 and rel_err 1.0
[2026-07-23 11:28:21,064][pytensor.tensor.type][INFO] - numpy allclose failed for abs_err 12.598881052778047 and rel_err 1.0
[2026-07-23 11:28:21,064][pytensor.tensor.type][INFO] - numpy allclose failed for abs_err 12.598881052778047 and rel_err 1.0
[2026-07-23 11:28:21,079][pymc.sampling.forward][INFO] - Sampling: []
[2026-07-23 11:28:21,185][pytensor.tensor.type][INFO] - numpy allclose failed for abs_err 14.523446489167329 and rel_err 1.0
[2026-07-23 11:28:21,186][pytensor.tensor.type][INFO] - numpy allclose failed for abs_err 14.523446489167329 and rel_err 1.0
[2026-07-23 11:28:21,186][pytensor.tensor.type][INFO] - numpy allclose failed for abs_err 14.523446489167329 and rel_err 1.0
[2026-07-23 11:28:21,203][pymc.sampling.forward][INFO] - Sampling: []
[2026-07-23 11:28:21,470][pytensor.tensor.type][INFO] - numpy allclose failed for abs_err 13.845743287396546 and rel_err 1.0
[2026-07-23 11:28:21,472][pytensor.tensor.type][INFO] - numpy allclose failed for abs_err 13.845743287396546 and rel_err 1.0
[2026-07-23 11:28:21,473][pytensor.tensor.type][INFO] - numpy allclose failed for abs_err 13.845743287396546 and rel_err 1.0
[2026-07-23 11:28:21,494][pymc.sampling.forward][INFO] - Sampling: []
[2026-07-23 11:28:21,597][pytensor.tensor.type][INFO] - numpy allclose failed for abs_err 13.841672588181611 and rel_err 1.0
[2026-07-23 11:28:21,598][pytensor.tensor.type][INFO] - numpy allclose failed for abs_err 13.841672588181611 and rel_err 1.0
[2026-07-23 11:28:21,598][pytensor.tensor.type][INFO] - numpy allclose failed for abs_err 13.841672588181611 and rel_err 1.0
[2026-07-23 11:28:21,613][pymc.sampling.forward][INFO] - Sampling: []
[2026-07-23 11:28:21,718][pytensor.tensor.type][INFO] - numpy allclose failed for abs_err 12.48459856395511 and rel_err 1.0
[2026-07-23 11:28:21,719][pytensor.tensor.type][INFO] - numpy allclose failed for abs_err 12.48459856395511 and rel_err 1.0
[2026-07-23 11:28:21,719][pytensor.tensor.type][INFO] - numpy allclose failed for abs_err 12.48459856395511 and rel_err 1.0
[2026-07-23 11:28:21,736][pymc.sampling.forward][INFO] - Sampling: []
[2026-07-23 11:28:21,846][pytensor.tensor.type][INFO] - numpy allclose failed for abs_err 16.053487587733237 and rel_err 1.0
[2026-07-23 11:28:21,846][pytensor.tensor.type][INFO] - numpy allclose failed for abs_err 16.053487587733237 and rel_err 1.0
[2026-07-23 11:28:21,846][pytensor.tensor.type][INFO] - numpy allclose failed for abs_err 16.053487587733237 and rel_err 1.0
[2026-07-23 11:28:21,865][pymc.sampling.forward][INFO] - Sampling: []
[2026-07-23 11:28:22,132][pymc.sampling.forward][INFO] - Sampling: []
[2026-07-23 11:28:22,240][pymc.sampling.forward][INFO] - Sampling: []
[2026-07-23 11:28:22,359][pymc.sampling.forward][INFO] - Sampling: []
[2026-07-23 11:28:22,468][pymc.sampling.forward][INFO] - Sampling: []
[2026-07-23 11:28:22,837][pymc.sampling.mcmc][INFO] - Initializing NUTS using jitter+adapt_diag...
[2026-07-23 11:28:23,356][pymc.sampling.mcmc][INFO] - Multiprocess sampling (4 chains in 4 jobs)
[2026-07-23 11:28:23,356][pymc.sampling.mcmc][INFO] - NUTS: [alpha, beta]
[2026-07-23 11:29:43,060][pymc.sampling.mcmc][INFO] - Sampling 4 chains for 1_000 tune and 1_000 draw iterations (4_000 + 4_000 draws total) took 80 seconds.
[2026-07-23 11:29:43,279][pymc.sampling.mcmc][INFO] - Initializing NUTS using jitter+adapt_diag...
[2026-07-23 11:29:43,845][pymc.sampling.mcmc][INFO] - Multiprocess sampling (4 chains in 4 jobs)
[2026-07-23 11:29:43,845][pymc.sampling.mcmc][INFO] - NUTS: [alpha, beta]
[2026-07-23 11:31:04,721][pymc.sampling.mcmc][INFO] - Sampling 4 chains for 1_000 tune and 1_000 draw iterations (4_000 + 4_000 draws total) took 81 seconds.
[2026-07-23 11:31:04,954][pymc.sampling.mcmc][INFO] - Initializing NUTS using jitter+adapt_diag...
[2026-07-23 11:31:05,546][pymc.sampling.mcmc][INFO] - Multiprocess sampling (4 chains in 4 jobs)
[2026-07-23 11:31:05,546][pymc.sampling.mcmc][INFO] - NUTS: [alpha, beta]
[2026-07-23 11:32:25,749][pymc.sampling.mcmc][INFO] - Sampling 4 chains for 1_000 tune and 1_000 draw iterations (4_000 + 4_000 draws total) took 80 seconds.
[2026-07-23 11:32:25,806][pytensor.tensor.type][INFO] - numpy allclose failed for abs_err 6.660951455181351 and rel_err 1.0
[2026-07-23 11:32:25,807][pytensor.tensor.type][INFO] - numpy allclose failed for abs_err 6.660951455181351 and rel_err 1.0
[2026-07-23 11:32:25,808][pytensor.tensor.type][INFO] - numpy allclose failed for abs_err 6.660951455181351 and rel_err 1.0
[2026-07-23 11:32:25,831][pymc.sampling.forward][INFO] - Sampling: []
[2026-07-23 11:32:25,932][pytensor.tensor.type][INFO] - numpy allclose failed for abs_err 6.660951455181351 and rel_err 1.0
[2026-07-23 11:32:25,932][pytensor.tensor.type][INFO] - numpy allclose failed for abs_err 6.660951455181351 and rel_err 1.0
[2026-07-23 11:32:25,932][pytensor.tensor.type][INFO] - numpy allclose failed for abs_err 6.660951455181351 and rel_err 1.0
[2026-07-23 11:32:25,954][pymc.sampling.forward][INFO] - Sampling: []
[2026-07-23 11:32:26,048][pytensor.tensor.type][INFO] - numpy allclose failed for abs_err 4.912864902468513 and rel_err 1.0
[2026-07-23 11:32:26,049][pytensor.tensor.type][INFO] - numpy allclose failed for abs_err 4.912864902468513 and rel_err 1.0
[2026-07-23 11:32:26,050][pytensor.tensor.type][INFO] - numpy allclose failed for abs_err 4.912864902468513 and rel_err 1.0
[2026-07-23 11:32:26,054][pymc.sampling.forward][INFO] - Sampling: []
[2026-07-23 11:32:26,167][pytensor.tensor.type][INFO] - numpy allclose failed for abs_err 7.73201752124458 and rel_err 1.0
[2026-07-23 11:32:26,168][pytensor.tensor.type][INFO] - numpy allclose failed for abs_err 7.73201752124458 and rel_err 1.0
[2026-07-23 11:32:26,168][pytensor.tensor.type][INFO] - numpy allclose failed for abs_err 7.73201752124458 and rel_err 1.0
[2026-07-23 11:32:26,171][pymc.sampling.forward][INFO] - Sampling: []
[2026-07-23 11:32:26,431][pytensor.tensor.type][INFO] - numpy allclose failed for abs_err 6.608807968754464 and rel_err 1.0
[2026-07-23 11:32:26,431][pytensor.tensor.type][INFO] - numpy allclose failed for abs_err 6.608807968754464 and rel_err 1.0
[2026-07-23 11:32:26,431][pytensor.tensor.type][INFO] - numpy allclose failed for abs_err 6.608807968754464 and rel_err 1.0
[2026-07-23 11:32:26,459][pymc.sampling.forward][INFO] - Sampling: []
[2026-07-23 11:32:26,551][pytensor.tensor.type][INFO] - numpy allclose failed for abs_err 6.608807968754464 and rel_err 1.0
[2026-07-23 11:32:26,552][pytensor.tensor.type][INFO] - numpy allclose failed for abs_err 6.608807968754464 and rel_err 1.0
[2026-07-23 11:32:26,552][pytensor.tensor.type][INFO] - numpy allclose failed for abs_err 6.608807968754464 and rel_err 1.0
[2026-07-23 11:32:26,567][pymc.sampling.forward][INFO] - Sampling: []
[2026-07-23 11:32:26,678][pytensor.tensor.type][INFO] - numpy allclose failed for abs_err 6.050283511386921 and rel_err 1.0
[2026-07-23 11:32:26,678][pytensor.tensor.type][INFO] - numpy allclose failed for abs_err 6.050283511386921 and rel_err 1.0
[2026-07-23 11:32:26,680][pytensor.tensor.type][INFO] - numpy allclose failed for abs_err 6.050283511386921 and rel_err 1.0
[2026-07-23 11:32:26,694][pymc.sampling.forward][INFO] - Sampling: []
[2026-07-23 11:32:26,788][pytensor.tensor.type][INFO] - numpy allclose failed for abs_err 9.040983442646557 and rel_err 1.0
[2026-07-23 11:32:26,788][pytensor.tensor.type][INFO] - numpy allclose failed for abs_err 9.040983442646557 and rel_err 1.0
[2026-07-23 11:32:26,788][pytensor.tensor.type][INFO] - numpy allclose failed for abs_err 9.040983442646557 and rel_err 1.0
[2026-07-23 11:32:26,817][pymc.sampling.forward][INFO] - Sampling: []
[2026-07-23 11:32:27,075][pytensor.tensor.type][INFO] - numpy allclose failed for abs_err 6.649119635170212 and rel_err 1.0
[2026-07-23 11:32:27,075][pytensor.tensor.type][INFO] - numpy allclose failed for abs_err 6.649119635170212 and rel_err 1.0
[2026-07-23 11:32:27,076][pytensor.tensor.type][INFO] - numpy allclose failed for abs_err 6.649119635170212 and rel_err 1.0
[2026-07-23 11:32:27,088][pymc.sampling.forward][INFO] - Sampling: []
[2026-07-23 11:32:27,176][pytensor.tensor.type][INFO] - numpy allclose failed for abs_err 6.649119635170212 and rel_err 1.0
[2026-07-23 11:32:27,176][pytensor.tensor.type][INFO] - numpy allclose failed for abs_err 6.649119635170212 and rel_err 1.0
[2026-07-23 11:32:27,176][pytensor.tensor.type][INFO] - numpy allclose failed for abs_err 6.649119635170212 and rel_err 1.0
[2026-07-23 11:32:27,193][pymc.sampling.forward][INFO] - Sampling: []
[2026-07-23 11:32:27,287][pytensor.tensor.type][INFO] - numpy allclose failed for abs_err 7.5064628341038 and rel_err 1.0
[2026-07-23 11:32:27,287][pytensor.tensor.type][INFO] - numpy allclose failed for abs_err 7.5064628341038 and rel_err 1.0
[2026-07-23 11:32:27,287][pytensor.tensor.type][INFO] - numpy allclose failed for abs_err 7.5064628341038 and rel_err 1.0
[2026-07-23 11:32:27,305][pymc.sampling.forward][INFO] - Sampling: []
[2026-07-23 11:32:27,414][pytensor.tensor.type][INFO] - numpy allclose failed for abs_err 7.222378476354074 and rel_err 1.0
[2026-07-23 11:32:27,414][pytensor.tensor.type][INFO] - numpy allclose failed for abs_err 7.222378476354074 and rel_err 1.0
[2026-07-23 11:32:27,414][pytensor.tensor.type][INFO] - numpy allclose failed for abs_err 7.222378476354074 and rel_err 1.0
[2026-07-23 11:32:27,420][pymc.sampling.forward][INFO] - Sampling: []
[2026-07-23 11:32:27,680][pytensor.tensor.type][INFO] - numpy allclose failed for abs_err 6.650517483299485 and rel_err 1.0
[2026-07-23 11:32:27,680][pytensor.tensor.type][INFO] - numpy allclose failed for abs_err 6.650517483299485 and rel_err 1.0
[2026-07-23 11:32:27,680][pytensor.tensor.type][INFO] - numpy allclose failed for abs_err 6.650517483299485 and rel_err 1.0
[2026-07-23 11:32:27,699][pymc.sampling.forward][INFO] - Sampling: []
[2026-07-23 11:32:27,778][pytensor.tensor.type][INFO] - numpy allclose failed for abs_err 6.650517483299485 and rel_err 1.0
[2026-07-23 11:32:27,778][pytensor.tensor.type][INFO] - numpy allclose failed for abs_err 6.650517483299485 and rel_err 1.0
[2026-07-23 11:32:27,778][pytensor.tensor.type][INFO] - numpy allclose failed for abs_err 6.650517483299485 and rel_err 1.0
[2026-07-23 11:32:27,787][pymc.sampling.forward][INFO] - Sampling: []
[2026-07-23 11:32:27,893][pytensor.tensor.type][INFO] - numpy allclose failed for abs_err 5.753174265132953 and rel_err 1.0
[2026-07-23 11:32:27,894][pytensor.tensor.type][INFO] - numpy allclose failed for abs_err 5.753174265132953 and rel_err 1.0
[2026-07-23 11:32:27,894][pytensor.tensor.type][INFO] - numpy allclose failed for abs_err 5.753174265132953 and rel_err 1.0
[2026-07-23 11:32:27,911][pymc.sampling.forward][INFO] - Sampling: []
[2026-07-23 11:32:28,008][pytensor.tensor.type][INFO] - numpy allclose failed for abs_err 7.151631481217692 and rel_err 1.0
[2026-07-23 11:32:28,010][pytensor.tensor.type][INFO] - numpy allclose failed for abs_err 7.151631481217692 and rel_err 1.0
[2026-07-23 11:32:28,010][pytensor.tensor.type][INFO] - numpy allclose failed for abs_err 7.151631481217692 and rel_err 1.0
[2026-07-23 11:32:28,025][pymc.sampling.forward][INFO] - Sampling: []
[2026-07-23 11:32:28,256][pytensor.tensor.type][INFO] - numpy allclose failed for abs_err 6.646214683597794 and rel_err 1.0
[2026-07-23 11:32:28,256][pytensor.tensor.type][INFO] - numpy allclose failed for abs_err 6.646214683597794 and rel_err 1.0
[2026-07-23 11:32:28,256][pytensor.tensor.type][INFO] - numpy allclose failed for abs_err 6.646214683597794 and rel_err 1.0
[2026-07-23 11:32:28,271][pymc.sampling.forward][INFO] - Sampling: []
[2026-07-23 11:32:28,387][pytensor.tensor.type][INFO] - numpy allclose failed for abs_err 6.646214683597794 and rel_err 1.0
[2026-07-23 11:32:28,387][pytensor.tensor.type][INFO] - numpy allclose failed for abs_err 6.646214683597794 and rel_err 1.0
[2026-07-23 11:32:28,387][pytensor.tensor.type][INFO] - numpy allclose failed for abs_err 6.646214683597794 and rel_err 1.0
[2026-07-23 11:32:28,411][pymc.sampling.forward][INFO] - Sampling: []
[2026-07-23 11:32:28,504][pytensor.tensor.type][INFO] - numpy allclose failed for abs_err 5.095446411275959 and rel_err 1.0
[2026-07-23 11:32:28,504][pytensor.tensor.type][INFO] - numpy allclose failed for abs_err 5.095446411275959 and rel_err 1.0
[2026-07-23 11:32:28,504][pytensor.tensor.type][INFO] - numpy allclose failed for abs_err 5.095446411275959 and rel_err 1.0
[2026-07-23 11:32:28,520][pymc.sampling.forward][INFO] - Sampling: []
[2026-07-23 11:32:28,632][pytensor.tensor.type][INFO] - numpy allclose failed for abs_err 7.273662191440039 and rel_err 1.0
[2026-07-23 11:32:28,632][pytensor.tensor.type][INFO] - numpy allclose failed for abs_err 7.273662191440039 and rel_err 1.0
[2026-07-23 11:32:28,632][pytensor.tensor.type][INFO] - numpy allclose failed for abs_err 7.273662191440039 and rel_err 1.0
[2026-07-23 11:32:28,648][pymc.sampling.forward][INFO] - Sampling: []
[2026-07-23 11:32:28,894][pytensor.tensor.type][INFO] - numpy allclose failed for abs_err 6.808791182362007 and rel_err 1.0
[2026-07-23 11:32:28,894][pytensor.tensor.type][INFO] - numpy allclose failed for abs_err 6.808791182362007 and rel_err 1.0
[2026-07-23 11:32:28,894][pytensor.tensor.type][INFO] - numpy allclose failed for abs_err 6.808791182362007 and rel_err 1.0
[2026-07-23 11:32:28,918][pymc.sampling.forward][INFO] - Sampling: []
[2026-07-23 11:32:29,033][pytensor.tensor.type][INFO] - numpy allclose failed for abs_err 6.808791182362007 and rel_err 1.0
[2026-07-23 11:32:29,033][pytensor.tensor.type][INFO] - numpy allclose failed for abs_err 6.808791182362007 and rel_err 1.0
[2026-07-23 11:32:29,034][pytensor.tensor.type][INFO] - numpy allclose failed for abs_err 6.808791182362007 and rel_err 1.0
[2026-07-23 11:32:29,059][pymc.sampling.forward][INFO] - Sampling: []
[2026-07-23 11:32:29,182][pytensor.tensor.type][INFO] - numpy allclose failed for abs_err 5.943628032909443 and rel_err 1.0
[2026-07-23 11:32:29,182][pytensor.tensor.type][INFO] - numpy allclose failed for abs_err 5.943628032909443 and rel_err 1.0
[2026-07-23 11:32:29,182][pytensor.tensor.type][INFO] - numpy allclose failed for abs_err 5.943628032909443 and rel_err 1.0
[2026-07-23 11:32:29,192][pymc.sampling.forward][INFO] - Sampling: []
[2026-07-23 11:32:29,295][pytensor.tensor.type][INFO] - numpy allclose failed for abs_err 8.370913603285803 and rel_err 1.0
[2026-07-23 11:32:29,295][pytensor.tensor.type][INFO] - numpy allclose failed for abs_err 8.370913603285803 and rel_err 1.0
[2026-07-23 11:32:29,296][pytensor.tensor.type][INFO] - numpy allclose failed for abs_err 8.370913603285803 and rel_err 1.0
[2026-07-23 11:32:29,316][pymc.sampling.forward][INFO] - Sampling: []
[2026-07-23 11:32:29,578][pytensor.tensor.type][INFO] - numpy allclose failed for abs_err 6.588385033268624 and rel_err 1.0
[2026-07-23 11:32:29,578][pytensor.tensor.type][INFO] - numpy allclose failed for abs_err 6.588385033268624 and rel_err 1.0
[2026-07-23 11:32:29,580][pytensor.tensor.type][INFO] - numpy allclose failed for abs_err 6.588385033268624 and rel_err 1.0
[2026-07-23 11:32:29,597][pymc.sampling.forward][INFO] - Sampling: []
[2026-07-23 11:32:29,711][pytensor.tensor.type][INFO] - numpy allclose failed for abs_err 6.588385033268624 and rel_err 1.0
[2026-07-23 11:32:29,720][pytensor.tensor.type][INFO] - numpy allclose failed for abs_err 6.588385033268624 and rel_err 1.0
[2026-07-23 11:32:29,721][pytensor.tensor.type][INFO] - numpy allclose failed for abs_err 6.588385033268624 and rel_err 1.0
[2026-07-23 11:32:29,741][pymc.sampling.forward][INFO] - Sampling: []
[2026-07-23 11:32:30,292][pytensor.tensor.type][INFO] - numpy allclose failed for abs_err 5.446367186356835 and rel_err 1.0
[2026-07-23 11:32:30,293][pytensor.tensor.type][INFO] - numpy allclose failed for abs_err 5.446367186356835 and rel_err 1.0
[2026-07-23 11:32:30,293][pytensor.tensor.type][INFO] - numpy allclose failed for abs_err 5.446367186356835 and rel_err 1.0
[2026-07-23 11:32:30,307][pymc.sampling.forward][INFO] - Sampling: []
[2026-07-23 11:32:30,428][pytensor.tensor.type][INFO] - numpy allclose failed for abs_err 7.805421330908789 and rel_err 1.0
[2026-07-23 11:32:30,429][pytensor.tensor.type][INFO] - numpy allclose failed for abs_err 7.805421330908789 and rel_err 1.0
[2026-07-23 11:32:30,429][pytensor.tensor.type][INFO] - numpy allclose failed for abs_err 7.805421330908789 and rel_err 1.0
[2026-07-23 11:32:30,444][pymc.sampling.forward][INFO] - Sampling: []
[2026-07-23 11:32:30,721][pytensor.tensor.type][INFO] - numpy allclose failed for abs_err 6.8026164391865 and rel_err 1.0
[2026-07-23 11:32:30,722][pytensor.tensor.type][INFO] - numpy allclose failed for abs_err 6.8026164391865 and rel_err 1.0
[2026-07-23 11:32:30,722][pytensor.tensor.type][INFO] - numpy allclose failed for abs_err 6.8026164391865 and rel_err 1.0
[2026-07-23 11:32:30,737][pymc.sampling.forward][INFO] - Sampling: []
[2026-07-23 11:32:30,835][pytensor.tensor.type][INFO] - numpy allclose failed for abs_err 6.8026164391865 and rel_err 1.0
[2026-07-23 11:32:30,836][pytensor.tensor.type][INFO] - numpy allclose failed for abs_err 6.8026164391865 and rel_err 1.0
[2026-07-23 11:32:30,837][pytensor.tensor.type][INFO] - numpy allclose failed for abs_err 6.8026164391865 and rel_err 1.0
[2026-07-23 11:32:30,852][pymc.sampling.forward][INFO] - Sampling: []
[2026-07-23 11:32:30,959][pytensor.tensor.type][INFO] - numpy allclose failed for abs_err 5.187359293209125 and rel_err 1.0
[2026-07-23 11:32:30,959][pytensor.tensor.type][INFO] - numpy allclose failed for abs_err 5.187359293209125 and rel_err 1.0
[2026-07-23 11:32:30,960][pytensor.tensor.type][INFO] - numpy allclose failed for abs_err 5.187359293209125 and rel_err 1.0
[2026-07-23 11:32:30,975][pymc.sampling.forward][INFO] - Sampling: []
[2026-07-23 11:32:31,082][pytensor.tensor.type][INFO] - numpy allclose failed for abs_err 7.278446411738254 and rel_err 1.0
[2026-07-23 11:32:31,083][pytensor.tensor.type][INFO] - numpy allclose failed for abs_err 7.278446411738254 and rel_err 1.0
[2026-07-23 11:32:31,083][pytensor.tensor.type][INFO] - numpy allclose failed for abs_err 7.278446411738254 and rel_err 1.0
[2026-07-23 11:32:31,102][pymc.sampling.forward][INFO] - Sampling: []
[2026-07-23 11:32:31,356][pytensor.tensor.type][INFO] - numpy allclose failed for abs_err 6.784166059814857 and rel_err 1.0
[2026-07-23 11:32:31,356][pytensor.tensor.type][INFO] - numpy allclose failed for abs_err 6.784166059814857 and rel_err 1.0
[2026-07-23 11:32:31,363][pytensor.tensor.type][INFO] - numpy allclose failed for abs_err 6.784166059814857 and rel_err 1.0
[2026-07-23 11:32:31,372][pymc.sampling.forward][INFO] - Sampling: []
[2026-07-23 11:32:31,471][pytensor.tensor.type][INFO] - numpy allclose failed for abs_err 6.784166059814857 and rel_err 1.0
[2026-07-23 11:32:31,471][pytensor.tensor.type][INFO] - numpy allclose failed for abs_err 6.784166059814857 and rel_err 1.0
[2026-07-23 11:32:31,471][pytensor.tensor.type][INFO] - numpy allclose failed for abs_err 6.784166059814857 and rel_err 1.0
[2026-07-23 11:32:31,487][pymc.sampling.forward][INFO] - Sampling: []
[2026-07-23 11:32:31,602][pytensor.tensor.type][INFO] - numpy allclose failed for abs_err 5.610957701908161 and rel_err 1.0
[2026-07-23 11:32:31,602][pytensor.tensor.type][INFO] - numpy allclose failed for abs_err 5.610957701908161 and rel_err 1.0
[2026-07-23 11:32:31,603][pytensor.tensor.type][INFO] - numpy allclose failed for abs_err 5.610957701908161 and rel_err 1.0
[2026-07-23 11:32:31,618][pymc.sampling.forward][INFO] - Sampling: []
[2026-07-23 11:32:31,728][pytensor.tensor.type][INFO] - numpy allclose failed for abs_err 8.714571335295691 and rel_err 1.0
[2026-07-23 11:32:31,728][pytensor.tensor.type][INFO] - numpy allclose failed for abs_err 8.714571335295691 and rel_err 1.0
[2026-07-23 11:32:31,729][pytensor.tensor.type][INFO] - numpy allclose failed for abs_err 8.714571335295691 and rel_err 1.0
[2026-07-23 11:32:31,748][pymc.sampling.forward][INFO] - Sampling: []
[2026-07-23 11:32:31,972][pytensor.tensor.type][INFO] - numpy allclose failed for abs_err 6.820100746475624 and rel_err 1.0
[2026-07-23 11:32:31,972][pytensor.tensor.type][INFO] - numpy allclose failed for abs_err 6.820100746475624 and rel_err 1.0
[2026-07-23 11:32:31,972][pytensor.tensor.type][INFO] - numpy allclose failed for abs_err 6.820100746475624 and rel_err 1.0
[2026-07-23 11:32:31,999][pymc.sampling.forward][INFO] - Sampling: []
[2026-07-23 11:32:32,096][pytensor.tensor.type][INFO] - numpy allclose failed for abs_err 6.820100746475624 and rel_err 1.0
[2026-07-23 11:32:32,096][pytensor.tensor.type][INFO] - numpy allclose failed for abs_err 6.820100746475624 and rel_err 1.0
[2026-07-23 11:32:32,097][pytensor.tensor.type][INFO] - numpy allclose failed for abs_err 6.820100746475624 and rel_err 1.0
[2026-07-23 11:32:32,118][pymc.sampling.forward][INFO] - Sampling: []
[2026-07-23 11:32:32,221][pytensor.tensor.type][INFO] - numpy allclose failed for abs_err 5.234195430980732 and rel_err 1.0
[2026-07-23 11:32:32,221][pytensor.tensor.type][INFO] - numpy allclose failed for abs_err 5.234195430980732 and rel_err 1.0
[2026-07-23 11:32:32,221][pytensor.tensor.type][INFO] - numpy allclose failed for abs_err 5.234195430980732 and rel_err 1.0
[2026-07-23 11:32:32,236][pymc.sampling.forward][INFO] - Sampling: []
[2026-07-23 11:32:32,334][pytensor.tensor.type][INFO] - numpy allclose failed for abs_err 8.069712688126067 and rel_err 1.0
[2026-07-23 11:32:32,336][pytensor.tensor.type][INFO] - numpy allclose failed for abs_err 8.069712688126067 and rel_err 1.0
[2026-07-23 11:32:32,336][pytensor.tensor.type][INFO] - numpy allclose failed for abs_err 8.069712688126067 and rel_err 1.0
[2026-07-23 11:32:32,353][pymc.sampling.forward][INFO] - Sampling: []
[2026-07-23 11:32:32,621][pymc.sampling.forward][INFO] - Sampling: []
[2026-07-23 11:32:32,723][pymc.sampling.forward][INFO] - Sampling: []
[2026-07-23 11:32:32,858][pymc.sampling.forward][INFO] - Sampling: []
[2026-07-23 11:32:32,995][pymc.sampling.forward][INFO] - Sampling: []
[2026-07-23 11:32:33,354][pymc.sampling.mcmc][INFO] - Initializing NUTS using jitter+adapt_diag...
[2026-07-23 11:32:33,882][pymc.sampling.mcmc][INFO] - Multiprocess sampling (4 chains in 4 jobs)
[2026-07-23 11:32:33,882][pymc.sampling.mcmc][INFO] - NUTS: [alpha, beta]
[2026-07-23 11:33:48,022][pymc.sampling.mcmc][INFO] - Sampling 4 chains for 1_000 tune and 1_000 draw iterations (4_000 + 4_000 draws total) took 74 seconds.
[2026-07-23 11:33:48,170][pymc.sampling.mcmc][INFO] - Initializing NUTS using jitter+adapt_diag...
[2026-07-23 11:33:48,515][pymc.sampling.mcmc][INFO] - Multiprocess sampling (4 chains in 4 jobs)
[2026-07-23 11:33:48,515][pymc.sampling.mcmc][INFO] - NUTS: [alpha, beta]
[2026-07-23 11:34:49,558][pymc.sampling.mcmc][INFO] - Sampling 4 chains for 1_000 tune and 1_000 draw iterations (4_000 + 4_000 draws total) took 61 seconds.
[2026-07-23 11:34:49,677][pymc.sampling.mcmc][INFO] - Initializing NUTS using jitter+adapt_diag...
[2026-07-23 11:34:50,015][pymc.sampling.mcmc][INFO] - Multiprocess sampling (4 chains in 4 jobs)
[2026-07-23 11:34:50,015][pymc.sampling.mcmc][INFO] - NUTS: [alpha, beta]
[2026-07-23 11:35:52,568][pymc.sampling.mcmc][INFO] - Sampling 4 chains for 1_000 tune and 1_000 draw iterations (4_000 + 4_000 draws total) took 63 seconds.
[2026-07-23 11:35:52,621][pytensor.tensor.type][INFO] - numpy allclose failed for abs_err 6.24101440998261 and rel_err 1.0
[2026-07-23 11:35:52,622][pytensor.tensor.type][INFO] - numpy allclose failed for abs_err 6.24101440998261 and rel_err 1.0
[2026-07-23 11:35:52,624][pytensor.tensor.type][INFO] - numpy allclose failed for abs_err 6.24101440998261 and rel_err 1.0
[2026-07-23 11:35:52,638][pymc.sampling.forward][INFO] - Sampling: []
[2026-07-23 11:35:52,702][pytensor.tensor.type][INFO] - numpy allclose failed for abs_err 6.320291388952184 and rel_err 1.0
[2026-07-23 11:35:52,702][pytensor.tensor.type][INFO] - numpy allclose failed for abs_err 6.320291388952184 and rel_err 1.0
[2026-07-23 11:35:52,702][pytensor.tensor.type][INFO] - numpy allclose failed for abs_err 6.320291388952184 and rel_err 1.0
[2026-07-23 11:35:52,718][pymc.sampling.forward][INFO] - Sampling: []
[2026-07-23 11:35:52,803][pytensor.tensor.type][INFO] - numpy allclose failed for abs_err 5.286926187127024 and rel_err 1.0
[2026-07-23 11:35:52,803][pytensor.tensor.type][INFO] - numpy allclose failed for abs_err 5.286926187127024 and rel_err 1.0
[2026-07-23 11:35:52,804][pytensor.tensor.type][INFO] - numpy allclose failed for abs_err 5.286926187127024 and rel_err 1.0
[2026-07-23 11:35:52,817][pymc.sampling.forward][INFO] - Sampling: []
[2026-07-23 11:35:52,913][pytensor.tensor.type][INFO] - numpy allclose failed for abs_err 7.0333984049923455 and rel_err 1.0
[2026-07-23 11:35:52,914][pytensor.tensor.type][INFO] - numpy allclose failed for abs_err 7.0333984049923455 and rel_err 1.0
[2026-07-23 11:35:52,914][pytensor.tensor.type][INFO] - numpy allclose failed for abs_err 7.0333984049923455 and rel_err 1.0
[2026-07-23 11:35:52,929][pymc.sampling.forward][INFO] - Sampling: []
[2026-07-23 11:35:53,219][pytensor.tensor.type][INFO] - numpy allclose failed for abs_err 5.472597764935256 and rel_err 1.0
[2026-07-23 11:35:53,219][pytensor.tensor.type][INFO] - numpy allclose failed for abs_err 5.472597764935256 and rel_err 1.0
[2026-07-23 11:35:53,231][pytensor.tensor.type][INFO] - numpy allclose failed for abs_err 5.472597764935256 and rel_err 1.0
[2026-07-23 11:35:53,237][pymc.sampling.forward][INFO] - Sampling: []
[2026-07-23 11:35:53,327][pytensor.tensor.type][INFO] - numpy allclose failed for abs_err 5.457295285668136 and rel_err 1.0
[2026-07-23 11:35:53,327][pytensor.tensor.type][INFO] - numpy allclose failed for abs_err 5.457295285668136 and rel_err 1.0
[2026-07-23 11:35:53,329][pytensor.tensor.type][INFO] - numpy allclose failed for abs_err 5.457295285668136 and rel_err 1.0
[2026-07-23 11:35:53,346][pymc.sampling.forward][INFO] - Sampling: []
[2026-07-23 11:35:53,502][pytensor.tensor.type][INFO] - numpy allclose failed for abs_err 3.935983613774622 and rel_err 1.0
[2026-07-23 11:35:53,502][pytensor.tensor.type][INFO] - numpy allclose failed for abs_err 3.935983613774622 and rel_err 1.0
[2026-07-23 11:35:53,504][pytensor.tensor.type][INFO] - numpy allclose failed for abs_err 3.935983613774622 and rel_err 1.0
[2026-07-23 11:35:53,533][pymc.sampling.forward][INFO] - Sampling: []
[2026-07-23 11:35:53,656][pytensor.tensor.type][INFO] - numpy allclose failed for abs_err 7.810288444436315 and rel_err 1.0
[2026-07-23 11:35:53,656][pytensor.tensor.type][INFO] - numpy allclose failed for abs_err 7.810288444436315 and rel_err 1.0
[2026-07-23 11:35:53,656][pytensor.tensor.type][INFO] - numpy allclose failed for abs_err 7.810288444436315 and rel_err 1.0
[2026-07-23 11:35:53,684][pymc.sampling.forward][INFO] - Sampling: []
[2026-07-23 11:35:53,999][pytensor.tensor.type][INFO] - numpy allclose failed for abs_err 6.206270028078008 and rel_err 1.0
[2026-07-23 11:35:53,999][pytensor.tensor.type][INFO] - numpy allclose failed for abs_err 6.206270028078008 and rel_err 1.0
[2026-07-23 11:35:54,000][pytensor.tensor.type][INFO] - numpy allclose failed for abs_err 6.206270028078008 and rel_err 1.0
[2026-07-23 11:35:54,009][pymc.sampling.forward][INFO] - Sampling: []
[2026-07-23 11:35:54,083][pytensor.tensor.type][INFO] - numpy allclose failed for abs_err 6.212152529680181 and rel_err 1.0
[2026-07-23 11:35:54,083][pytensor.tensor.type][INFO] - numpy allclose failed for abs_err 6.212152529680181 and rel_err 1.0
[2026-07-23 11:35:54,083][pytensor.tensor.type][INFO] - numpy allclose failed for abs_err 6.212152529680181 and rel_err 1.0
[2026-07-23 11:35:54,098][pymc.sampling.forward][INFO] - Sampling: []
[2026-07-23 11:35:54,193][pytensor.tensor.type][INFO] - numpy allclose failed for abs_err 3.5278234263647064 and rel_err 1.0
[2026-07-23 11:35:54,193][pytensor.tensor.type][INFO] - numpy allclose failed for abs_err 3.5278234263647064 and rel_err 1.0
[2026-07-23 11:35:54,193][pytensor.tensor.type][INFO] - numpy allclose failed for abs_err 3.5278234263647064 and rel_err 1.0
[2026-07-23 11:35:54,207][pymc.sampling.forward][INFO] - Sampling: []
[2026-07-23 11:35:54,308][pytensor.tensor.type][INFO] - numpy allclose failed for abs_err 5.440191641724828 and rel_err 1.0
[2026-07-23 11:35:54,308][pytensor.tensor.type][INFO] - numpy allclose failed for abs_err 5.440191641724828 and rel_err 1.0
[2026-07-23 11:35:54,309][pytensor.tensor.type][INFO] - numpy allclose failed for abs_err 5.440191641724828 and rel_err 1.0
[2026-07-23 11:35:54,328][pymc.sampling.forward][INFO] - Sampling: []
[2026-07-23 11:35:54,558][pytensor.tensor.type][INFO] - numpy allclose failed for abs_err 6.253064144575048 and rel_err 1.0
[2026-07-23 11:35:54,558][pytensor.tensor.type][INFO] - numpy allclose failed for abs_err 6.253064144575048 and rel_err 1.0
[2026-07-23 11:35:54,561][pytensor.tensor.type][INFO] - numpy allclose failed for abs_err 6.253064144575048 and rel_err 1.0
[2026-07-23 11:35:54,576][pymc.sampling.forward][INFO] - Sampling: []
[2026-07-23 11:35:54,654][pytensor.tensor.type][INFO] - numpy allclose failed for abs_err 6.192671287977148 and rel_err 1.0
[2026-07-23 11:35:54,654][pytensor.tensor.type][INFO] - numpy allclose failed for abs_err 6.192671287977148 and rel_err 1.0
[2026-07-23 11:35:54,655][pytensor.tensor.type][INFO] - numpy allclose failed for abs_err 6.192671287977148 and rel_err 1.0
[2026-07-23 11:35:54,669][pymc.sampling.forward][INFO] - Sampling: []
[2026-07-23 11:35:54,758][pytensor.tensor.type][INFO] - numpy allclose failed for abs_err 3.409559014942457 and rel_err 1.0
[2026-07-23 11:35:54,758][pytensor.tensor.type][INFO] - numpy allclose failed for abs_err 3.409559014942457 and rel_err 1.0
[2026-07-23 11:35:54,759][pytensor.tensor.type][INFO] - numpy allclose failed for abs_err 3.409559014942457 and rel_err 1.0
[2026-07-23 11:35:54,774][pymc.sampling.forward][INFO] - Sampling: []
[2026-07-23 11:35:54,864][pytensor.tensor.type][INFO] - numpy allclose failed for abs_err 5.784873972480236 and rel_err 1.0
[2026-07-23 11:35:54,864][pytensor.tensor.type][INFO] - numpy allclose failed for abs_err 5.784873972480236 and rel_err 1.0
[2026-07-23 11:35:54,865][pytensor.tensor.type][INFO] - numpy allclose failed for abs_err 5.784873972480236 and rel_err 1.0
[2026-07-23 11:35:54,880][pymc.sampling.forward][INFO] - Sampling: []
[2026-07-23 11:35:55,089][pytensor.tensor.type][INFO] - numpy allclose failed for abs_err 6.195171166383672 and rel_err 1.0
[2026-07-23 11:35:55,089][pytensor.tensor.type][INFO] - numpy allclose failed for abs_err 6.195171166383672 and rel_err 1.0
[2026-07-23 11:35:55,089][pytensor.tensor.type][INFO] - numpy allclose failed for abs_err 6.195171166383672 and rel_err 1.0
[2026-07-23 11:35:55,104][pymc.sampling.forward][INFO] - Sampling: []
[2026-07-23 11:35:55,180][pytensor.tensor.type][INFO] - numpy allclose failed for abs_err 5.629573292505505 and rel_err 1.0
[2026-07-23 11:35:55,181][pytensor.tensor.type][INFO] - numpy allclose failed for abs_err 5.629573292505505 and rel_err 1.0
[2026-07-23 11:35:55,181][pytensor.tensor.type][INFO] - numpy allclose failed for abs_err 5.629573292505505 and rel_err 1.0
[2026-07-23 11:35:55,194][pymc.sampling.forward][INFO] - Sampling: []
[2026-07-23 11:35:55,270][pytensor.tensor.type][INFO] - numpy allclose failed for abs_err 4.656370135099172 and rel_err 1.0
[2026-07-23 11:35:55,270][pytensor.tensor.type][INFO] - numpy allclose failed for abs_err 4.656370135099172 and rel_err 1.0
[2026-07-23 11:35:55,270][pytensor.tensor.type][INFO] - numpy allclose failed for abs_err 4.656370135099172 and rel_err 1.0
[2026-07-23 11:35:55,287][pymc.sampling.forward][INFO] - Sampling: []
[2026-07-23 11:35:55,360][pytensor.tensor.type][INFO] - numpy allclose failed for abs_err 5.743564144051794 and rel_err 1.0
[2026-07-23 11:35:55,360][pytensor.tensor.type][INFO] - numpy allclose failed for abs_err 5.743564144051794 and rel_err 1.0
[2026-07-23 11:35:55,361][pytensor.tensor.type][INFO] - numpy allclose failed for abs_err 5.743564144051794 and rel_err 1.0
[2026-07-23 11:35:55,373][pymc.sampling.forward][INFO] - Sampling: []
[2026-07-23 11:35:55,570][pytensor.tensor.type][INFO] - numpy allclose failed for abs_err 5.638618893396618 and rel_err 1.0
[2026-07-23 11:35:55,570][pytensor.tensor.type][INFO] - numpy allclose failed for abs_err 5.638618893396618 and rel_err 1.0
[2026-07-23 11:35:55,570][pytensor.tensor.type][INFO] - numpy allclose failed for abs_err 5.638618893396618 and rel_err 1.0
[2026-07-23 11:35:55,575][pymc.sampling.forward][INFO] - Sampling: []
[2026-07-23 11:35:55,669][pytensor.tensor.type][INFO] - numpy allclose failed for abs_err 5.665256984007122 and rel_err 1.0
[2026-07-23 11:35:55,669][pytensor.tensor.type][INFO] - numpy allclose failed for abs_err 5.665256984007122 and rel_err 1.0
[2026-07-23 11:35:55,670][pytensor.tensor.type][INFO] - numpy allclose failed for abs_err 5.665256984007122 and rel_err 1.0
[2026-07-23 11:35:55,685][pymc.sampling.forward][INFO] - Sampling: []
[2026-07-23 11:35:55,759][pytensor.tensor.type][INFO] - numpy allclose failed for abs_err 3.6907570396922127 and rel_err 1.0
[2026-07-23 11:35:55,759][pytensor.tensor.type][INFO] - numpy allclose failed for abs_err 3.6907570396922127 and rel_err 1.0
[2026-07-23 11:35:55,760][pytensor.tensor.type][INFO] - numpy allclose failed for abs_err 3.6907570396922127 and rel_err 1.0
[2026-07-23 11:35:55,774][pymc.sampling.forward][INFO] - Sampling: []
[2026-07-23 11:35:55,854][pytensor.tensor.type][INFO] - numpy allclose failed for abs_err 6.493786847693168 and rel_err 1.0
[2026-07-23 11:35:55,854][pytensor.tensor.type][INFO] - numpy allclose failed for abs_err 6.493786847693168 and rel_err 1.0
[2026-07-23 11:35:55,855][pytensor.tensor.type][INFO] - numpy allclose failed for abs_err 6.493786847693168 and rel_err 1.0
[2026-07-23 11:35:55,870][pymc.sampling.forward][INFO] - Sampling: []
[2026-07-23 11:35:56,172][pytensor.tensor.type][INFO] - numpy allclose failed for abs_err 6.195246089422155 and rel_err 1.0
[2026-07-23 11:35:56,174][pytensor.tensor.type][INFO] - numpy allclose failed for abs_err 6.195246089422155 and rel_err 1.0
[2026-07-23 11:35:56,175][pytensor.tensor.type][INFO] - numpy allclose failed for abs_err 6.195246089422155 and rel_err 1.0
[2026-07-23 11:35:56,193][pymc.sampling.forward][INFO] - Sampling: []
[2026-07-23 11:35:56,271][pytensor.tensor.type][INFO] - numpy allclose failed for abs_err 6.218533326112676 and rel_err 1.0
[2026-07-23 11:35:56,271][pytensor.tensor.type][INFO] - numpy allclose failed for abs_err 6.218533326112676 and rel_err 1.0
[2026-07-23 11:35:56,273][pytensor.tensor.type][INFO] - numpy allclose failed for abs_err 6.218533326112676 and rel_err 1.0
[2026-07-23 11:35:56,287][pymc.sampling.forward][INFO] - Sampling: []
[2026-07-23 11:35:56,373][pytensor.tensor.type][INFO] - numpy allclose failed for abs_err 2.5006487905336185 and rel_err 1.0
[2026-07-23 11:35:56,373][pytensor.tensor.type][INFO] - numpy allclose failed for abs_err 2.5006487905336185 and rel_err 1.0
[2026-07-23 11:35:56,376][pytensor.tensor.type][INFO] - numpy allclose failed for abs_err 2.5006487905336185 and rel_err 1.0
[2026-07-23 11:35:56,391][pymc.sampling.forward][INFO] - Sampling: []
[2026-07-23 11:35:56,468][pytensor.tensor.type][INFO] - numpy allclose failed for abs_err 5.4009332757639275 and rel_err 1.0
[2026-07-23 11:35:56,468][pytensor.tensor.type][INFO] - numpy allclose failed for abs_err 5.4009332757639275 and rel_err 1.0
[2026-07-23 11:35:56,469][pytensor.tensor.type][INFO] - numpy allclose failed for abs_err 5.4009332757639275 and rel_err 1.0
[2026-07-23 11:35:56,481][pymc.sampling.forward][INFO] - Sampling: []
[2026-07-23 11:35:56,665][pytensor.tensor.type][INFO] - numpy allclose failed for abs_err 6.195999015294958 and rel_err 1.0
[2026-07-23 11:35:56,667][pytensor.tensor.type][INFO] - numpy allclose failed for abs_err 6.195999015294958 and rel_err 1.0
[2026-07-23 11:35:56,667][pytensor.tensor.type][INFO] - numpy allclose failed for abs_err 6.195999015294958 and rel_err 1.0
[2026-07-23 11:35:56,681][pymc.sampling.forward][INFO] - Sampling: []
[2026-07-23 11:35:56,759][pytensor.tensor.type][INFO] - numpy allclose failed for abs_err 5.616290218603375 and rel_err 1.0
[2026-07-23 11:35:56,761][pytensor.tensor.type][INFO] - numpy allclose failed for abs_err 5.616290218603375 and rel_err 1.0
[2026-07-23 11:35:56,761][pytensor.tensor.type][INFO] - numpy allclose failed for abs_err 5.616290218603375 and rel_err 1.0
[2026-07-23 11:35:56,779][pymc.sampling.forward][INFO] - Sampling: []
[2026-07-23 11:35:56,878][pytensor.tensor.type][INFO] - numpy allclose failed for abs_err 3.99806296056001 and rel_err 1.0
[2026-07-23 11:35:56,880][pytensor.tensor.type][INFO] - numpy allclose failed for abs_err 3.99806296056001 and rel_err 1.0
[2026-07-23 11:35:56,880][pytensor.tensor.type][INFO] - numpy allclose failed for abs_err 3.99806296056001 and rel_err 1.0
[2026-07-23 11:35:56,894][pymc.sampling.forward][INFO] - Sampling: []
[2026-07-23 11:35:56,980][pytensor.tensor.type][INFO] - numpy allclose failed for abs_err 5.328231562838335 and rel_err 1.0
[2026-07-23 11:35:56,982][pytensor.tensor.type][INFO] - numpy allclose failed for abs_err 5.328231562838335 and rel_err 1.0
[2026-07-23 11:35:56,982][pytensor.tensor.type][INFO] - numpy allclose failed for abs_err 5.328231562838335 and rel_err 1.0
[2026-07-23 11:35:56,997][pymc.sampling.forward][INFO] - Sampling: []
[2026-07-23 11:35:57,201][pytensor.tensor.type][INFO] - numpy allclose failed for abs_err 6.20504759641831 and rel_err 1.0
[2026-07-23 11:35:57,201][pytensor.tensor.type][INFO] - numpy allclose failed for abs_err 6.20504759641831 and rel_err 1.0
[2026-07-23 11:35:57,201][pytensor.tensor.type][INFO] - numpy allclose failed for abs_err 6.20504759641831 and rel_err 1.0
[2026-07-23 11:35:57,227][pymc.sampling.forward][INFO] - Sampling: []
[2026-07-23 11:35:57,306][pytensor.tensor.type][INFO] - numpy allclose failed for abs_err 6.23785917850678 and rel_err 1.0
[2026-07-23 11:35:57,306][pytensor.tensor.type][INFO] - numpy allclose failed for abs_err 6.23785917850678 and rel_err 1.0
[2026-07-23 11:35:57,306][pytensor.tensor.type][INFO] - numpy allclose failed for abs_err 6.23785917850678 and rel_err 1.0
[2026-07-23 11:35:57,321][pymc.sampling.forward][INFO] - Sampling: []
[2026-07-23 11:35:57,385][pytensor.tensor.type][INFO] - numpy allclose failed for abs_err 4.611566992551564 and rel_err 1.0
[2026-07-23 11:35:57,385][pytensor.tensor.type][INFO] - numpy allclose failed for abs_err 4.611566992551564 and rel_err 1.0
[2026-07-23 11:35:57,385][pytensor.tensor.type][INFO] - numpy allclose failed for abs_err 4.611566992551564 and rel_err 1.0
[2026-07-23 11:35:57,408][pymc.sampling.forward][INFO] - Sampling: []
[2026-07-23 11:35:57,489][pytensor.tensor.type][INFO] - numpy allclose failed for abs_err 5.34381414977384 and rel_err 1.0
[2026-07-23 11:35:57,490][pytensor.tensor.type][INFO] - numpy allclose failed for abs_err 5.34381414977384 and rel_err 1.0
[2026-07-23 11:35:57,490][pytensor.tensor.type][INFO] - numpy allclose failed for abs_err 5.34381414977384 and rel_err 1.0
[2026-07-23 11:35:57,503][pymc.sampling.forward][INFO] - Sampling: []
[2026-07-23 11:35:57,701][pytensor.tensor.type][INFO] - numpy allclose failed for abs_err 6.201146174394537 and rel_err 1.0
[2026-07-23 11:35:57,702][pytensor.tensor.type][INFO] - numpy allclose failed for abs_err 6.201146174394537 and rel_err 1.0
[2026-07-23 11:35:57,703][pytensor.tensor.type][INFO] - numpy allclose failed for abs_err 6.201146174394537 and rel_err 1.0
[2026-07-23 11:35:57,709][pymc.sampling.forward][INFO] - Sampling: []
[2026-07-23 11:35:57,786][pytensor.tensor.type][INFO] - numpy allclose failed for abs_err 5.432208346333266 and rel_err 1.0
[2026-07-23 11:35:57,788][pytensor.tensor.type][INFO] - numpy allclose failed for abs_err 5.432208346333266 and rel_err 1.0
[2026-07-23 11:35:57,788][pytensor.tensor.type][INFO] - numpy allclose failed for abs_err 5.432208346333266 and rel_err 1.0
[2026-07-23 11:35:57,797][pymc.sampling.forward][INFO] - Sampling: []
[2026-07-23 11:35:57,878][pytensor.tensor.type][INFO] - numpy allclose failed for abs_err 3.19186354993376 and rel_err 1.0
[2026-07-23 11:35:57,878][pytensor.tensor.type][INFO] - numpy allclose failed for abs_err 3.19186354993376 and rel_err 1.0
[2026-07-23 11:35:57,879][pytensor.tensor.type][INFO] - numpy allclose failed for abs_err 3.19186354993376 and rel_err 1.0
[2026-07-23 11:35:57,892][pymc.sampling.forward][INFO] - Sampling: []
[2026-07-23 11:35:57,972][pytensor.tensor.type][INFO] - numpy allclose failed for abs_err 6.561729207909826 and rel_err 1.0
[2026-07-23 11:35:57,972][pytensor.tensor.type][INFO] - numpy allclose failed for abs_err 6.561729207909826 and rel_err 1.0
[2026-07-23 11:35:57,973][pytensor.tensor.type][INFO] - numpy allclose failed for abs_err 6.561729207909826 and rel_err 1.0
[2026-07-23 11:35:57,987][pymc.sampling.forward][INFO] - Sampling: []
[2026-07-23 11:35:58,213][pymc.sampling.forward][INFO] - Sampling: []
[2026-07-23 11:35:58,304][pymc.sampling.forward][INFO] - Sampling: []
[2026-07-23 11:35:58,388][pymc.sampling.forward][INFO] - Sampling: []
[2026-07-23 11:35:58,470][pymc.sampling.forward][INFO] - Sampling: []
[2026-07-23 11:35:58,754][pymc.sampling.mcmc][INFO] - Initializing NUTS using jitter+adapt_diag...
[2026-07-23 11:35:59,104][pymc.sampling.mcmc][INFO] - Multiprocess sampling (4 chains in 4 jobs)
[2026-07-23 11:35:59,104][pymc.sampling.mcmc][INFO] - NUTS: [alpha, beta]
[2026-07-23 11:36:55,022][pymc.sampling.mcmc][INFO] - Sampling 4 chains for 1_000 tune and 1_000 draw iterations (4_000 + 4_000 draws total) took 56 seconds.
[2026-07-23 11:36:55,136][pymc.sampling.mcmc][INFO] - Initializing NUTS using jitter+adapt_diag...
[2026-07-23 11:36:55,446][pymc.sampling.mcmc][INFO] - Multiprocess sampling (4 chains in 4 jobs)
[2026-07-23 11:36:55,446][pymc.sampling.mcmc][INFO] - NUTS: [alpha, beta]
[2026-07-23 11:37:50,752][pymc.sampling.mcmc][INFO] - Sampling 4 chains for 1_000 tune and 1_000 draw iterations (4_000 + 4_000 draws total) took 55 seconds.
[2026-07-23 11:37:50,884][pymc.sampling.mcmc][INFO] - Initializing NUTS using jitter+adapt_diag...
[2026-07-23 11:37:51,612][pymc.sampling.mcmc][INFO] - Multiprocess sampling (4 chains in 4 jobs)
[2026-07-23 11:37:51,612][pymc.sampling.mcmc][INFO] - NUTS: [alpha, beta]
[2026-07-23 11:38:47,061][pymc.sampling.mcmc][INFO] - Sampling 4 chains for 1_000 tune and 1_000 draw iterations (4_000 + 4_000 draws total) took 55 seconds.
[2026-07-23 11:38:47,105][pytensor.tensor.type][INFO] - numpy allclose failed for abs_err 15.424948423832443 and rel_err 1.0
[2026-07-23 11:38:47,105][pytensor.tensor.type][INFO] - numpy allclose failed for abs_err 15.424948423832443 and rel_err 1.0
[2026-07-23 11:38:47,106][pytensor.tensor.type][INFO] - numpy allclose failed for abs_err 15.424948423832443 and rel_err 1.0
[2026-07-23 11:38:47,118][pymc.sampling.forward][INFO] - Sampling: []
[2026-07-23 11:38:47,190][pytensor.tensor.type][INFO] - numpy allclose failed for abs_err 15.424948423832443 and rel_err 1.0
[2026-07-23 11:38:47,191][pytensor.tensor.type][INFO] - numpy allclose failed for abs_err 15.424948423832443 and rel_err 1.0
[2026-07-23 11:38:47,191][pytensor.tensor.type][INFO] - numpy allclose failed for abs_err 15.424948423832443 and rel_err 1.0
[2026-07-23 11:38:47,203][pymc.sampling.forward][INFO] - Sampling: []
[2026-07-23 11:38:47,275][pytensor.tensor.type][INFO] - numpy allclose failed for abs_err 14.159063387675255 and rel_err 1.0
[2026-07-23 11:38:47,275][pytensor.tensor.type][INFO] - numpy allclose failed for abs_err 14.159063387675255 and rel_err 1.0
[2026-07-23 11:38:47,275][pytensor.tensor.type][INFO] - numpy allclose failed for abs_err 14.159063387675255 and rel_err 1.0
[2026-07-23 11:38:47,287][pymc.sampling.forward][INFO] - Sampling: []
[2026-07-23 11:38:47,356][pytensor.tensor.type][INFO] - numpy allclose failed for abs_err 15.816564369959801 and rel_err 1.0
[2026-07-23 11:38:47,357][pytensor.tensor.type][INFO] - numpy allclose failed for abs_err 15.816564369959801 and rel_err 1.0
[2026-07-23 11:38:47,357][pytensor.tensor.type][INFO] - numpy allclose failed for abs_err 15.816564369959801 and rel_err 1.0
[2026-07-23 11:38:47,369][pymc.sampling.forward][INFO] - Sampling: []
[2026-07-23 11:38:47,540][pytensor.tensor.type][INFO] - numpy allclose failed for abs_err 14.156932402444001 and rel_err 1.0
[2026-07-23 11:38:47,541][pytensor.tensor.type][INFO] - numpy allclose failed for abs_err 14.156932402444001 and rel_err 1.0
[2026-07-23 11:38:47,541][pytensor.tensor.type][INFO] - numpy allclose failed for abs_err 14.156932402444001 and rel_err 1.0
[2026-07-23 11:38:47,559][pymc.sampling.forward][INFO] - Sampling: []
[2026-07-23 11:38:47,636][pytensor.tensor.type][INFO] - numpy allclose failed for abs_err 14.156932402444001 and rel_err 1.0
[2026-07-23 11:38:47,636][pytensor.tensor.type][INFO] - numpy allclose failed for abs_err 14.156932402444001 and rel_err 1.0
[2026-07-23 11:38:47,636][pytensor.tensor.type][INFO] - numpy allclose failed for abs_err 14.156932402444001 and rel_err 1.0
[2026-07-23 11:38:47,651][pymc.sampling.forward][INFO] - Sampling: []
[2026-07-23 11:38:47,701][pytensor.tensor.type][INFO] - numpy allclose failed for abs_err 14.159063387675255 and rel_err 1.0
[2026-07-23 11:38:47,701][pytensor.tensor.type][INFO] - numpy allclose failed for abs_err 14.159063387675255 and rel_err 1.0
[2026-07-23 11:38:47,701][pytensor.tensor.type][INFO] - numpy allclose failed for abs_err 14.159063387675255 and rel_err 1.0
[2026-07-23 11:38:47,727][pymc.sampling.forward][INFO] - Sampling: []
[2026-07-23 11:38:47,786][pytensor.tensor.type][INFO] - numpy allclose failed for abs_err 15.816564369959801 and rel_err 1.0
[2026-07-23 11:38:47,786][pytensor.tensor.type][INFO] - numpy allclose failed for abs_err 15.816564369959801 and rel_err 1.0
[2026-07-23 11:38:47,788][pytensor.tensor.type][INFO] - numpy allclose failed for abs_err 15.816564369959801 and rel_err 1.0
[2026-07-23 11:38:47,802][pymc.sampling.forward][INFO] - Sampling: []
[2026-07-23 11:38:47,971][pytensor.tensor.type][INFO] - numpy allclose failed for abs_err 14.156932402444001 and rel_err 1.0
[2026-07-23 11:38:47,971][pytensor.tensor.type][INFO] - numpy allclose failed for abs_err 14.156932402444001 and rel_err 1.0
[2026-07-23 11:38:47,971][pytensor.tensor.type][INFO] - numpy allclose failed for abs_err 14.156932402444001 and rel_err 1.0
[2026-07-23 11:38:47,974][pymc.sampling.forward][INFO] - Sampling: []
[2026-07-23 11:38:48,069][pytensor.tensor.type][INFO] - numpy allclose failed for abs_err 14.156932402444001 and rel_err 1.0
[2026-07-23 11:38:48,069][pytensor.tensor.type][INFO] - numpy allclose failed for abs_err 14.156932402444001 and rel_err 1.0
[2026-07-23 11:38:48,069][pytensor.tensor.type][INFO] - numpy allclose failed for abs_err 14.156932402444001 and rel_err 1.0
[2026-07-23 11:38:48,080][pymc.sampling.forward][INFO] - Sampling: []
[2026-07-23 11:38:48,168][pytensor.tensor.type][INFO] - numpy allclose failed for abs_err 14.159063387675255 and rel_err 1.0
[2026-07-23 11:38:48,168][pytensor.tensor.type][INFO] - numpy allclose failed for abs_err 14.159063387675255 and rel_err 1.0
[2026-07-23 11:38:48,170][pytensor.tensor.type][INFO] - numpy allclose failed for abs_err 14.159063387675255 and rel_err 1.0
[2026-07-23 11:38:48,184][pymc.sampling.forward][INFO] - Sampling: []
[2026-07-23 11:38:48,254][pytensor.tensor.type][INFO] - numpy allclose failed for abs_err 15.816564369959801 and rel_err 1.0
[2026-07-23 11:38:48,254][pytensor.tensor.type][INFO] - numpy allclose failed for abs_err 15.816564369959801 and rel_err 1.0
[2026-07-23 11:38:48,254][pytensor.tensor.type][INFO] - numpy allclose failed for abs_err 15.816564369959801 and rel_err 1.0
[2026-07-23 11:38:48,270][pymc.sampling.forward][INFO] - Sampling: []
[2026-07-23 11:38:48,449][pytensor.tensor.type][INFO] - numpy allclose failed for abs_err 14.156932402444001 and rel_err 1.0
[2026-07-23 11:38:48,450][pytensor.tensor.type][INFO] - numpy allclose failed for abs_err 14.156932402444001 and rel_err 1.0
[2026-07-23 11:38:48,451][pytensor.tensor.type][INFO] - numpy allclose failed for abs_err 14.156932402444001 and rel_err 1.0
[2026-07-23 11:38:48,470][pymc.sampling.forward][INFO] - Sampling: []
[2026-07-23 11:38:48,556][pytensor.tensor.type][INFO] - numpy allclose failed for abs_err 14.156932402444001 and rel_err 1.0
[2026-07-23 11:38:48,556][pytensor.tensor.type][INFO] - numpy allclose failed for abs_err 14.156932402444001 and rel_err 1.0
[2026-07-23 11:38:48,556][pytensor.tensor.type][INFO] - numpy allclose failed for abs_err 14.156932402444001 and rel_err 1.0
[2026-07-23 11:38:48,573][pymc.sampling.forward][INFO] - Sampling: []
[2026-07-23 11:38:48,635][pytensor.tensor.type][INFO] - numpy allclose failed for abs_err 14.159063387675255 and rel_err 1.0
[2026-07-23 11:38:48,635][pytensor.tensor.type][INFO] - numpy allclose failed for abs_err 14.159063387675255 and rel_err 1.0
[2026-07-23 11:38:48,635][pytensor.tensor.type][INFO] - numpy allclose failed for abs_err 14.159063387675255 and rel_err 1.0
[2026-07-23 11:38:48,660][pymc.sampling.forward][INFO] - Sampling: []
[2026-07-23 11:38:48,735][pytensor.tensor.type][INFO] - numpy allclose failed for abs_err 15.816564369959801 and rel_err 1.0
[2026-07-23 11:38:48,735][pytensor.tensor.type][INFO] - numpy allclose failed for abs_err 15.816564369959801 and rel_err 1.0
[2026-07-23 11:38:48,736][pytensor.tensor.type][INFO] - numpy allclose failed for abs_err 15.816564369959801 and rel_err 1.0
[2026-07-23 11:38:48,747][pymc.sampling.forward][INFO] - Sampling: []
[2026-07-23 11:38:48,923][pytensor.tensor.type][INFO] - numpy allclose failed for abs_err 14.156932402444001 and rel_err 1.0
[2026-07-23 11:38:48,923][pytensor.tensor.type][INFO] - numpy allclose failed for abs_err 14.156932402444001 and rel_err 1.0
[2026-07-23 11:38:48,923][pytensor.tensor.type][INFO] - numpy allclose failed for abs_err 14.156932402444001 and rel_err 1.0
[2026-07-23 11:38:48,936][pymc.sampling.forward][INFO] - Sampling: []
[2026-07-23 11:38:49,014][pytensor.tensor.type][INFO] - numpy allclose failed for abs_err 14.156932402444001 and rel_err 1.0
[2026-07-23 11:38:49,015][pytensor.tensor.type][INFO] - numpy allclose failed for abs_err 14.156932402444001 and rel_err 1.0
[2026-07-23 11:38:49,015][pytensor.tensor.type][INFO] - numpy allclose failed for abs_err 14.156932402444001 and rel_err 1.0
[2026-07-23 11:38:49,026][pymc.sampling.forward][INFO] - Sampling: []
[2026-07-23 11:38:49,101][pytensor.tensor.type][INFO] - numpy allclose failed for abs_err 14.159063387675255 and rel_err 1.0
[2026-07-23 11:38:49,102][pytensor.tensor.type][INFO] - numpy allclose failed for abs_err 14.159063387675255 and rel_err 1.0
[2026-07-23 11:38:49,102][pytensor.tensor.type][INFO] - numpy allclose failed for abs_err 14.159063387675255 and rel_err 1.0
[2026-07-23 11:38:49,115][pymc.sampling.forward][INFO] - Sampling: []
[2026-07-23 11:38:49,188][pytensor.tensor.type][INFO] - numpy allclose failed for abs_err 15.816564369959801 and rel_err 1.0
[2026-07-23 11:38:49,188][pytensor.tensor.type][INFO] - numpy allclose failed for abs_err 15.816564369959801 and rel_err 1.0
[2026-07-23 11:38:49,188][pytensor.tensor.type][INFO] - numpy allclose failed for abs_err 15.816564369959801 and rel_err 1.0
[2026-07-23 11:38:49,201][pymc.sampling.forward][INFO] - Sampling: []
[2026-07-23 11:38:49,368][pytensor.tensor.type][INFO] - numpy allclose failed for abs_err 14.156932402444001 and rel_err 1.0
[2026-07-23 11:38:49,368][pytensor.tensor.type][INFO] - numpy allclose failed for abs_err 14.156932402444001 and rel_err 1.0
[2026-07-23 11:38:49,368][pytensor.tensor.type][INFO] - numpy allclose failed for abs_err 14.156932402444001 and rel_err 1.0
[2026-07-23 11:38:49,381][pymc.sampling.forward][INFO] - Sampling: []
[2026-07-23 11:38:49,461][pytensor.tensor.type][INFO] - numpy allclose failed for abs_err 14.156932402444001 and rel_err 1.0
[2026-07-23 11:38:49,462][pytensor.tensor.type][INFO] - numpy allclose failed for abs_err 14.156932402444001 and rel_err 1.0
[2026-07-23 11:38:49,462][pytensor.tensor.type][INFO] - numpy allclose failed for abs_err 14.156932402444001 and rel_err 1.0
[2026-07-23 11:38:49,474][pymc.sampling.forward][INFO] - Sampling: []
[2026-07-23 11:38:49,540][pytensor.tensor.type][INFO] - numpy allclose failed for abs_err 14.159063387675255 and rel_err 1.0
[2026-07-23 11:38:49,540][pytensor.tensor.type][INFO] - numpy allclose failed for abs_err 14.159063387675255 and rel_err 1.0
[2026-07-23 11:38:49,541][pytensor.tensor.type][INFO] - numpy allclose failed for abs_err 14.159063387675255 and rel_err 1.0
[2026-07-23 11:38:49,554][pymc.sampling.forward][INFO] - Sampling: []
[2026-07-23 11:38:49,623][pytensor.tensor.type][INFO] - numpy allclose failed for abs_err 15.816564369959801 and rel_err 1.0
[2026-07-23 11:38:49,624][pytensor.tensor.type][INFO] - numpy allclose failed for abs_err 15.816564369959801 and rel_err 1.0
[2026-07-23 11:38:49,625][pytensor.tensor.type][INFO] - numpy allclose failed for abs_err 15.816564369959801 and rel_err 1.0
[2026-07-23 11:38:49,640][pymc.sampling.forward][INFO] - Sampling: []
[2026-07-23 11:38:49,803][pytensor.tensor.type][INFO] - numpy allclose failed for abs_err 14.156932402444001 and rel_err 1.0
[2026-07-23 11:38:49,804][pytensor.tensor.type][INFO] - numpy allclose failed for abs_err 14.156932402444001 and rel_err 1.0
[2026-07-23 11:38:49,804][pytensor.tensor.type][INFO] - numpy allclose failed for abs_err 14.156932402444001 and rel_err 1.0
[2026-07-23 11:38:49,822][pymc.sampling.forward][INFO] - Sampling: []
[2026-07-23 11:38:49,899][pytensor.tensor.type][INFO] - numpy allclose failed for abs_err 14.156932402444001 and rel_err 1.0
[2026-07-23 11:38:49,899][pytensor.tensor.type][INFO] - numpy allclose failed for abs_err 14.156932402444001 and rel_err 1.0
[2026-07-23 11:38:49,900][pytensor.tensor.type][INFO] - numpy allclose failed for abs_err 14.156932402444001 and rel_err 1.0
[2026-07-23 11:38:49,910][pymc.sampling.forward][INFO] - Sampling: []
[2026-07-23 11:38:49,982][pytensor.tensor.type][INFO] - numpy allclose failed for abs_err 14.159063387675255 and rel_err 1.0
[2026-07-23 11:38:49,983][pytensor.tensor.type][INFO] - numpy allclose failed for abs_err 14.159063387675255 and rel_err 1.0
[2026-07-23 11:38:49,984][pytensor.tensor.type][INFO] - numpy allclose failed for abs_err 14.159063387675255 and rel_err 1.0
[2026-07-23 11:38:49,994][pymc.sampling.forward][INFO] - Sampling: []
[2026-07-23 11:38:50,066][pytensor.tensor.type][INFO] - numpy allclose failed for abs_err 15.816564369959801 and rel_err 1.0
[2026-07-23 11:38:50,067][pytensor.tensor.type][INFO] - numpy allclose failed for abs_err 15.816564369959801 and rel_err 1.0
[2026-07-23 11:38:50,067][pytensor.tensor.type][INFO] - numpy allclose failed for abs_err 15.816564369959801 and rel_err 1.0
[2026-07-23 11:38:50,079][pymc.sampling.forward][INFO] - Sampling: []
[2026-07-23 11:38:50,237][pytensor.tensor.type][INFO] - numpy allclose failed for abs_err 14.156932402444001 and rel_err 1.0
[2026-07-23 11:38:50,237][pytensor.tensor.type][INFO] - numpy allclose failed for abs_err 14.156932402444001 and rel_err 1.0
[2026-07-23 11:38:50,238][pytensor.tensor.type][INFO] - numpy allclose failed for abs_err 14.156932402444001 and rel_err 1.0
[2026-07-23 11:38:50,251][pymc.sampling.forward][INFO] - Sampling: []
[2026-07-23 11:38:50,323][pytensor.tensor.type][INFO] - numpy allclose failed for abs_err 14.156932402444001 and rel_err 1.0
[2026-07-23 11:38:50,324][pytensor.tensor.type][INFO] - numpy allclose failed for abs_err 14.156932402444001 and rel_err 1.0
[2026-07-23 11:38:50,324][pytensor.tensor.type][INFO] - numpy allclose failed for abs_err 14.156932402444001 and rel_err 1.0
[2026-07-23 11:38:50,336][pymc.sampling.forward][INFO] - Sampling: []
[2026-07-23 11:38:50,413][pytensor.tensor.type][INFO] - numpy allclose failed for abs_err 14.159063387675255 and rel_err 1.0
[2026-07-23 11:38:50,414][pytensor.tensor.type][INFO] - numpy allclose failed for abs_err 14.159063387675255 and rel_err 1.0
[2026-07-23 11:38:50,414][pytensor.tensor.type][INFO] - numpy allclose failed for abs_err 14.159063387675255 and rel_err 1.0
[2026-07-23 11:38:50,425][pymc.sampling.forward][INFO] - Sampling: []
[2026-07-23 11:38:50,493][pytensor.tensor.type][INFO] - numpy allclose failed for abs_err 15.816564369959801 and rel_err 1.0
[2026-07-23 11:38:50,493][pytensor.tensor.type][INFO] - numpy allclose failed for abs_err 15.816564369959801 and rel_err 1.0
[2026-07-23 11:38:50,493][pytensor.tensor.type][INFO] - numpy allclose failed for abs_err 15.816564369959801 and rel_err 1.0
[2026-07-23 11:38:50,505][pymc.sampling.forward][INFO] - Sampling: []
[2026-07-23 11:38:50,665][pytensor.tensor.type][INFO] - numpy allclose failed for abs_err 14.156932402444001 and rel_err 1.0
[2026-07-23 11:38:50,665][pytensor.tensor.type][INFO] - numpy allclose failed for abs_err 14.156932402444001 and rel_err 1.0
[2026-07-23 11:38:50,665][pytensor.tensor.type][INFO] - numpy allclose failed for abs_err 14.156932402444001 and rel_err 1.0
[2026-07-23 11:38:50,680][pymc.sampling.forward][INFO] - Sampling: []
[2026-07-23 11:38:50,765][pytensor.tensor.type][INFO] - numpy allclose failed for abs_err 14.156932402444001 and rel_err 1.0
[2026-07-23 11:38:50,765][pytensor.tensor.type][INFO] - numpy allclose failed for abs_err 14.156932402444001 and rel_err 1.0
[2026-07-23 11:38:50,766][pytensor.tensor.type][INFO] - numpy allclose failed for abs_err 14.156932402444001 and rel_err 1.0
[2026-07-23 11:38:50,777][pymc.sampling.forward][INFO] - Sampling: []
[2026-07-23 11:38:50,854][pytensor.tensor.type][INFO] - numpy allclose failed for abs_err 14.159063387675255 and rel_err 1.0
[2026-07-23 11:38:50,855][pytensor.tensor.type][INFO] - numpy allclose failed for abs_err 14.159063387675255 and rel_err 1.0
[2026-07-23 11:38:50,855][pytensor.tensor.type][INFO] - numpy allclose failed for abs_err 14.159063387675255 and rel_err 1.0
[2026-07-23 11:38:50,865][pymc.sampling.forward][INFO] - Sampling: []
[2026-07-23 11:38:50,931][pytensor.tensor.type][INFO] - numpy allclose failed for abs_err 15.816564369959801 and rel_err 1.0
[2026-07-23 11:38:50,932][pytensor.tensor.type][INFO] - numpy allclose failed for abs_err 15.816564369959801 and rel_err 1.0
[2026-07-23 11:38:50,932][pytensor.tensor.type][INFO] - numpy allclose failed for abs_err 15.816564369959801 and rel_err 1.0
[2026-07-23 11:38:50,942][pymc.sampling.forward][INFO] - Sampling: []
[2026-07-23 11:38:51,104][pytensor.tensor.type][INFO] - numpy allclose failed for abs_err 14.156932402444001 and rel_err 1.0
[2026-07-23 11:38:51,105][pytensor.tensor.type][INFO] - numpy allclose failed for abs_err 14.156932402444001 and rel_err 1.0
[2026-07-23 11:38:51,105][pytensor.tensor.type][INFO] - numpy allclose failed for abs_err 14.156932402444001 and rel_err 1.0
[2026-07-23 11:38:51,118][pymc.sampling.forward][INFO] - Sampling: []
[2026-07-23 11:38:51,199][pytensor.tensor.type][INFO] - numpy allclose failed for abs_err 14.156932402444001 and rel_err 1.0
[2026-07-23 11:38:51,199][pytensor.tensor.type][INFO] - numpy allclose failed for abs_err 14.156932402444001 and rel_err 1.0
[2026-07-23 11:38:51,200][pytensor.tensor.type][INFO] - numpy allclose failed for abs_err 14.156932402444001 and rel_err 1.0
[2026-07-23 11:38:51,210][pymc.sampling.forward][INFO] - Sampling: []
[2026-07-23 11:38:51,278][pytensor.tensor.type][INFO] - numpy allclose failed for abs_err 14.159063387675255 and rel_err 1.0
[2026-07-23 11:38:51,278][pytensor.tensor.type][INFO] - numpy allclose failed for abs_err 14.159063387675255 and rel_err 1.0
[2026-07-23 11:38:51,279][pytensor.tensor.type][INFO] - numpy allclose failed for abs_err 14.159063387675255 and rel_err 1.0
[2026-07-23 11:38:51,292][pymc.sampling.forward][INFO] - Sampling: []
[2026-07-23 11:38:51,364][pytensor.tensor.type][INFO] - numpy allclose failed for abs_err 15.816564369959801 and rel_err 1.0
[2026-07-23 11:38:51,364][pytensor.tensor.type][INFO] - numpy allclose failed for abs_err 15.816564369959801 and rel_err 1.0
[2026-07-23 11:38:51,365][pytensor.tensor.type][INFO] - numpy allclose failed for abs_err 15.816564369959801 and rel_err 1.0
[2026-07-23 11:38:51,376][pymc.sampling.forward][INFO] - Sampling: []
[2026-07-23 11:38:51,563][pymc.sampling.forward][INFO] - Sampling: []
[2026-07-23 11:38:51,662][pymc.sampling.forward][INFO] - Sampling: []
[2026-07-23 11:38:51,746][pymc.sampling.forward][INFO] - Sampling: []
[2026-07-23 11:38:51,819][pymc.sampling.forward][INFO] - Sampling: []
[2026-07-23 11:38:52,073][pymc.sampling.mcmc][INFO] - Initializing NUTS using jitter+adapt_diag...
[2026-07-23 11:38:52,382][pymc.sampling.mcmc][INFO] - Multiprocess sampling (4 chains in 4 jobs)
[2026-07-23 11:38:52,382][pymc.sampling.mcmc][INFO] - NUTS: [alpha, beta]
[2026-07-23 11:39:48,116][pymc.sampling.mcmc][INFO] - Sampling 4 chains for 1_000 tune and 1_000 draw iterations (4_000 + 4_000 draws total) took 56 seconds.
[2026-07-23 11:39:48,238][pymc.sampling.mcmc][INFO] - Initializing NUTS using jitter+adapt_diag...
[2026-07-23 11:39:48,557][pymc.sampling.mcmc][INFO] - Multiprocess sampling (4 chains in 4 jobs)
[2026-07-23 11:39:48,557][pymc.sampling.mcmc][INFO] - NUTS: [alpha, beta]
[2026-07-23 11:40:43,584][pymc.sampling.mcmc][INFO] - Sampling 4 chains for 1_000 tune and 1_000 draw iterations (4_000 + 4_000 draws total) took 55 seconds.
[2026-07-23 11:40:43,718][pymc.sampling.mcmc][INFO] - Initializing NUTS using jitter+adapt_diag...
[2026-07-23 11:40:44,024][pymc.sampling.mcmc][INFO] - Multiprocess sampling (4 chains in 4 jobs)
[2026-07-23 11:40:44,024][pymc.sampling.mcmc][INFO] - NUTS: [alpha, beta]
[2026-07-23 11:41:39,296][pymc.sampling.mcmc][INFO] - Sampling 4 chains for 1_000 tune and 1_000 draw iterations (4_000 + 4_000 draws total) took 55 seconds.
[2026-07-23 11:41:39,337][pytensor.tensor.type][INFO] - numpy allclose failed for abs_err 14.070211339783784 and rel_err 1.0
[2026-07-23 11:41:39,338][pytensor.tensor.type][INFO] - numpy allclose failed for abs_err 14.070211339783784 and rel_err 1.0
[2026-07-23 11:41:39,339][pytensor.tensor.type][INFO] - numpy allclose failed for abs_err 14.070211339783784 and rel_err 1.0
[2026-07-23 11:41:39,351][pymc.sampling.forward][INFO] - Sampling: []
[2026-07-23 11:41:39,400][pytensor.tensor.type][INFO] - numpy allclose failed for abs_err 26.924681950402373 and rel_err 1.0
[2026-07-23 11:41:39,400][pytensor.tensor.type][INFO] - numpy allclose failed for abs_err 26.924681950402373 and rel_err 1.0
[2026-07-23 11:41:39,400][pytensor.tensor.type][INFO] - numpy allclose failed for abs_err 26.924681950402373 and rel_err 1.0
[2026-07-23 11:41:39,422][pymc.sampling.forward][INFO] - Sampling: []
[2026-07-23 11:41:39,490][pytensor.tensor.type][INFO] - numpy allclose failed for abs_err 13.916080821318596 and rel_err 1.0
[2026-07-23 11:41:39,490][pytensor.tensor.type][INFO] - numpy allclose failed for abs_err 13.916080821318596 and rel_err 1.0
[2026-07-23 11:41:39,492][pytensor.tensor.type][INFO] - numpy allclose failed for abs_err 13.916080821318596 and rel_err 1.0
[2026-07-23 11:41:39,507][pymc.sampling.forward][INFO] - Sampling: []
[2026-07-23 11:41:39,567][pytensor.tensor.type][INFO] - numpy allclose failed for abs_err 14.619647789759606 and rel_err 1.0
[2026-07-23 11:41:39,568][pytensor.tensor.type][INFO] - numpy allclose failed for abs_err 14.619647789759606 and rel_err 1.0
[2026-07-23 11:41:39,568][pytensor.tensor.type][INFO] - numpy allclose failed for abs_err 14.619647789759606 and rel_err 1.0
[2026-07-23 11:41:39,580][pymc.sampling.forward][INFO] - Sampling: []
[2026-07-23 11:41:39,720][pytensor.tensor.type][INFO] - numpy allclose failed for abs_err 14.117711234850853 and rel_err 1.0
[2026-07-23 11:41:39,720][pytensor.tensor.type][INFO] - numpy allclose failed for abs_err 14.117711234850853 and rel_err 1.0
[2026-07-23 11:41:39,720][pytensor.tensor.type][INFO] - numpy allclose failed for abs_err 14.117711234850853 and rel_err 1.0
[2026-07-23 11:41:39,734][pymc.sampling.forward][INFO] - Sampling: []
[2026-07-23 11:41:39,810][pytensor.tensor.type][INFO] - numpy allclose failed for abs_err 14.070211339783784 and rel_err 1.0
[2026-07-23 11:41:39,811][pytensor.tensor.type][INFO] - numpy allclose failed for abs_err 14.070211339783784 and rel_err 1.0
[2026-07-23 11:41:39,811][pytensor.tensor.type][INFO] - numpy allclose failed for abs_err 14.070211339783784 and rel_err 1.0
[2026-07-23 11:41:39,824][pymc.sampling.forward][INFO] - Sampling: []
[2026-07-23 11:41:39,890][pytensor.tensor.type][INFO] - numpy allclose failed for abs_err 12.556254195020479 and rel_err 1.0
[2026-07-23 11:41:39,890][pytensor.tensor.type][INFO] - numpy allclose failed for abs_err 12.556254195020479 and rel_err 1.0
[2026-07-23 11:41:39,891][pytensor.tensor.type][INFO] - numpy allclose failed for abs_err 12.556254195020479 and rel_err 1.0
[2026-07-23 11:41:39,901][pymc.sampling.forward][INFO] - Sampling: []
[2026-07-23 11:41:39,951][pytensor.tensor.type][INFO] - numpy allclose failed for abs_err 16.053487587733237 and rel_err 1.0
[2026-07-23 11:41:39,965][pytensor.tensor.type][INFO] - numpy allclose failed for abs_err 16.053487587733237 and rel_err 1.0
[2026-07-23 11:41:39,965][pytensor.tensor.type][INFO] - numpy allclose failed for abs_err 16.053487587733237 and rel_err 1.0
[2026-07-23 11:41:39,974][pymc.sampling.forward][INFO] - Sampling: []
[2026-07-23 11:41:40,114][pytensor.tensor.type][INFO] - numpy allclose failed for abs_err 14.117711234850853 and rel_err 1.0
[2026-07-23 11:41:40,114][pytensor.tensor.type][INFO] - numpy allclose failed for abs_err 14.117711234850853 and rel_err 1.0
[2026-07-23 11:41:40,114][pytensor.tensor.type][INFO] - numpy allclose failed for abs_err 14.117711234850853 and rel_err 1.0
[2026-07-23 11:41:40,128][pymc.sampling.forward][INFO] - Sampling: []
[2026-07-23 11:41:40,189][pytensor.tensor.type][INFO] - numpy allclose failed for abs_err 14.117711234850853 and rel_err 1.0
[2026-07-23 11:41:40,190][pytensor.tensor.type][INFO] - numpy allclose failed for abs_err 14.117711234850853 and rel_err 1.0
[2026-07-23 11:41:40,190][pytensor.tensor.type][INFO] - numpy allclose failed for abs_err 14.117711234850853 and rel_err 1.0
[2026-07-23 11:41:40,204][pymc.sampling.forward][INFO] - Sampling: []
[2026-07-23 11:41:40,268][pytensor.tensor.type][INFO] - numpy allclose failed for abs_err 12.48770611171512 and rel_err 1.0
[2026-07-23 11:41:40,269][pytensor.tensor.type][INFO] - numpy allclose failed for abs_err 12.48770611171512 and rel_err 1.0
[2026-07-23 11:41:40,269][pytensor.tensor.type][INFO] - numpy allclose failed for abs_err 12.48770611171512 and rel_err 1.0
[2026-07-23 11:41:40,281][pymc.sampling.forward][INFO] - Sampling: []
[2026-07-23 11:41:40,348][pytensor.tensor.type][INFO] - numpy allclose failed for abs_err 14.523446489167329 and rel_err 1.0
[2026-07-23 11:41:40,349][pytensor.tensor.type][INFO] - numpy allclose failed for abs_err 14.523446489167329 and rel_err 1.0
[2026-07-23 11:41:40,349][pytensor.tensor.type][INFO] - numpy allclose failed for abs_err 14.523446489167329 and rel_err 1.0
[2026-07-23 11:41:40,360][pymc.sampling.forward][INFO] - Sampling: []
[2026-07-23 11:41:40,523][pytensor.tensor.type][INFO] - numpy allclose failed for abs_err 13.867697943015068 and rel_err 1.0
[2026-07-23 11:41:40,523][pytensor.tensor.type][INFO] - numpy allclose failed for abs_err 13.867697943015068 and rel_err 1.0
[2026-07-23 11:41:40,523][pytensor.tensor.type][INFO] - numpy allclose failed for abs_err 13.867697943015068 and rel_err 1.0
[2026-07-23 11:41:40,541][pymc.sampling.forward][INFO] - Sampling: []
[2026-07-23 11:41:40,608][pytensor.tensor.type][INFO] - numpy allclose failed for abs_err 13.856383670134514 and rel_err 1.0
[2026-07-23 11:41:40,608][pytensor.tensor.type][INFO] - numpy allclose failed for abs_err 13.856383670134514 and rel_err 1.0
[2026-07-23 11:41:40,608][pytensor.tensor.type][INFO] - numpy allclose failed for abs_err 13.856383670134514 and rel_err 1.0
[2026-07-23 11:41:40,618][pymc.sampling.forward][INFO] - Sampling: []
[2026-07-23 11:41:40,701][pytensor.tensor.type][INFO] - numpy allclose failed for abs_err 12.598881052778047 and rel_err 1.0
[2026-07-23 11:41:40,701][pytensor.tensor.type][INFO] - numpy allclose failed for abs_err 12.598881052778047 and rel_err 1.0
[2026-07-23 11:41:40,702][pytensor.tensor.type][INFO] - numpy allclose failed for abs_err 12.598881052778047 and rel_err 1.0
[2026-07-23 11:41:40,714][pymc.sampling.forward][INFO] - Sampling: []
[2026-07-23 11:41:40,778][pytensor.tensor.type][INFO] - numpy allclose failed for abs_err 16.053487587733237 and rel_err 1.0
[2026-07-23 11:41:40,778][pytensor.tensor.type][INFO] - numpy allclose failed for abs_err 16.053487587733237 and rel_err 1.0
[2026-07-23 11:41:40,779][pytensor.tensor.type][INFO] - numpy allclose failed for abs_err 16.053487587733237 and rel_err 1.0
[2026-07-23 11:41:40,783][pymc.sampling.forward][INFO] - Sampling: []
[2026-07-23 11:41:40,949][pytensor.tensor.type][INFO] - numpy allclose failed for abs_err 14.117711234850853 and rel_err 1.0
[2026-07-23 11:41:40,949][pytensor.tensor.type][INFO] - numpy allclose failed for abs_err 14.117711234850853 and rel_err 1.0
[2026-07-23 11:41:40,949][pytensor.tensor.type][INFO] - numpy allclose failed for abs_err 14.117711234850853 and rel_err 1.0
[2026-07-23 11:41:40,970][pymc.sampling.forward][INFO] - Sampling: []
[2026-07-23 11:41:41,048][pytensor.tensor.type][INFO] - numpy allclose failed for abs_err 13.845743287396546 and rel_err 1.0
[2026-07-23 11:41:41,048][pytensor.tensor.type][INFO] - numpy allclose failed for abs_err 13.845743287396546 and rel_err 1.0
[2026-07-23 11:41:41,049][pytensor.tensor.type][INFO] - numpy allclose failed for abs_err 13.845743287396546 and rel_err 1.0
[2026-07-23 11:41:41,060][pymc.sampling.forward][INFO] - Sampling: []
[2026-07-23 11:41:41,127][pytensor.tensor.type][INFO] - numpy allclose failed for abs_err 13.916080821318596 and rel_err 1.0
[2026-07-23 11:41:41,128][pytensor.tensor.type][INFO] - numpy allclose failed for abs_err 13.916080821318596 and rel_err 1.0
[2026-07-23 11:41:41,128][pytensor.tensor.type][INFO] - numpy allclose failed for abs_err 13.916080821318596 and rel_err 1.0
[2026-07-23 11:41:41,141][pymc.sampling.forward][INFO] - Sampling: []
[2026-07-23 11:41:41,199][pytensor.tensor.type][INFO] - numpy allclose failed for abs_err 16.053487587733237 and rel_err 1.0
[2026-07-23 11:41:41,199][pytensor.tensor.type][INFO] - numpy allclose failed for abs_err 16.053487587733237 and rel_err 1.0
[2026-07-23 11:41:41,204][pytensor.tensor.type][INFO] - numpy allclose failed for abs_err 16.053487587733237 and rel_err 1.0
[2026-07-23 11:41:41,216][pymc.sampling.forward][INFO] - Sampling: []
[2026-07-23 11:41:41,389][pytensor.tensor.type][INFO] - numpy allclose failed for abs_err 13.841672588181611 and rel_err 1.0
[2026-07-23 11:41:41,389][pytensor.tensor.type][INFO] - numpy allclose failed for abs_err 13.841672588181611 and rel_err 1.0
[2026-07-23 11:41:41,389][pytensor.tensor.type][INFO] - numpy allclose failed for abs_err 13.841672588181611 and rel_err 1.0
[2026-07-23 11:41:41,406][pymc.sampling.forward][INFO] - Sampling: []
[2026-07-23 11:41:41,474][pytensor.tensor.type][INFO] - numpy allclose failed for abs_err 13.863258708310243 and rel_err 1.0
[2026-07-23 11:41:41,475][pytensor.tensor.type][INFO] - numpy allclose failed for abs_err 13.863258708310243 and rel_err 1.0
[2026-07-23 11:41:41,475][pytensor.tensor.type][INFO] - numpy allclose failed for abs_err 13.863258708310243 and rel_err 1.0
[2026-07-23 11:41:41,486][pymc.sampling.forward][INFO] - Sampling: []
[2026-07-23 11:41:41,550][pytensor.tensor.type][INFO] - numpy allclose failed for abs_err 12.44623927955417 and rel_err 1.0
[2026-07-23 11:41:41,551][pytensor.tensor.type][INFO] - numpy allclose failed for abs_err 12.44623927955417 and rel_err 1.0
[2026-07-23 11:41:41,551][pytensor.tensor.type][INFO] - numpy allclose failed for abs_err 12.44623927955417 and rel_err 1.0
[2026-07-23 11:41:41,566][pymc.sampling.forward][INFO] - Sampling: []
[2026-07-23 11:41:41,623][pytensor.tensor.type][INFO] - numpy allclose failed for abs_err 16.053487587733237 and rel_err 1.0
[2026-07-23 11:41:41,623][pytensor.tensor.type][INFO] - numpy allclose failed for abs_err 16.053487587733237 and rel_err 1.0
[2026-07-23 11:41:41,623][pytensor.tensor.type][INFO] - numpy allclose failed for abs_err 16.053487587733237 and rel_err 1.0
[2026-07-23 11:41:41,639][pymc.sampling.forward][INFO] - Sampling: []
[2026-07-23 11:41:41,821][pytensor.tensor.type][INFO] - numpy allclose failed for abs_err 13.863258708310243 and rel_err 1.0
[2026-07-23 11:41:41,821][pytensor.tensor.type][INFO] - numpy allclose failed for abs_err 13.863258708310243 and rel_err 1.0
[2026-07-23 11:41:41,821][pytensor.tensor.type][INFO] - numpy allclose failed for abs_err 13.863258708310243 and rel_err 1.0
[2026-07-23 11:41:41,838][pymc.sampling.forward][INFO] - Sampling: []
[2026-07-23 11:41:41,910][pytensor.tensor.type][INFO] - numpy allclose failed for abs_err 14.117711234850853 and rel_err 1.0
[2026-07-23 11:41:41,911][pytensor.tensor.type][INFO] - numpy allclose failed for abs_err 14.117711234850853 and rel_err 1.0
[2026-07-23 11:41:41,911][pytensor.tensor.type][INFO] - numpy allclose failed for abs_err 14.117711234850853 and rel_err 1.0
[2026-07-23 11:41:41,921][pymc.sampling.forward][INFO] - Sampling: []
[2026-07-23 11:41:41,986][pytensor.tensor.type][INFO] - numpy allclose failed for abs_err 12.556254195020479 and rel_err 1.0
[2026-07-23 11:41:41,986][pytensor.tensor.type][INFO] - numpy allclose failed for abs_err 12.556254195020479 and rel_err 1.0
[2026-07-23 11:41:41,986][pytensor.tensor.type][INFO] - numpy allclose failed for abs_err 12.556254195020479 and rel_err 1.0
[2026-07-23 11:41:41,999][pymc.sampling.forward][INFO] - Sampling: []
[2026-07-23 11:41:42,071][pytensor.tensor.type][INFO] - numpy allclose failed for abs_err 14.523446489167329 and rel_err 1.0
[2026-07-23 11:41:42,072][pytensor.tensor.type][INFO] - numpy allclose failed for abs_err 14.523446489167329 and rel_err 1.0
[2026-07-23 11:41:42,072][pytensor.tensor.type][INFO] - numpy allclose failed for abs_err 14.523446489167329 and rel_err 1.0
[2026-07-23 11:41:42,085][pymc.sampling.forward][INFO] - Sampling: []
[2026-07-23 11:41:42,239][pytensor.tensor.type][INFO] - numpy allclose failed for abs_err 13.85220401362893 and rel_err 1.0
[2026-07-23 11:41:42,239][pytensor.tensor.type][INFO] - numpy allclose failed for abs_err 13.85220401362893 and rel_err 1.0
[2026-07-23 11:41:42,239][pytensor.tensor.type][INFO] - numpy allclose failed for abs_err 13.85220401362893 and rel_err 1.0
[2026-07-23 11:41:42,254][pymc.sampling.forward][INFO] - Sampling: []
[2026-07-23 11:41:42,331][pytensor.tensor.type][INFO] - numpy allclose failed for abs_err 14.070211339783784 and rel_err 1.0
[2026-07-23 11:41:42,331][pytensor.tensor.type][INFO] - numpy allclose failed for abs_err 14.070211339783784 and rel_err 1.0
[2026-07-23 11:41:42,332][pytensor.tensor.type][INFO] - numpy allclose failed for abs_err 14.070211339783784 and rel_err 1.0
[2026-07-23 11:41:42,345][pymc.sampling.forward][INFO] - Sampling: []
[2026-07-23 11:41:42,416][pytensor.tensor.type][INFO] - numpy allclose failed for abs_err 13.916080821318596 and rel_err 1.0
[2026-07-23 11:41:42,416][pytensor.tensor.type][INFO] - numpy allclose failed for abs_err 13.916080821318596 and rel_err 1.0
[2026-07-23 11:41:42,416][pytensor.tensor.type][INFO] - numpy allclose failed for abs_err 13.916080821318596 and rel_err 1.0
[2026-07-23 11:41:42,428][pymc.sampling.forward][INFO] - Sampling: []
[2026-07-23 11:41:42,503][pytensor.tensor.type][INFO] - numpy allclose failed for abs_err 16.053487587733237 and rel_err 1.0
[2026-07-23 11:41:42,503][pytensor.tensor.type][INFO] - numpy allclose failed for abs_err 16.053487587733237 and rel_err 1.0
[2026-07-23 11:41:42,504][pytensor.tensor.type][INFO] - numpy allclose failed for abs_err 16.053487587733237 and rel_err 1.0
[2026-07-23 11:41:42,515][pymc.sampling.forward][INFO] - Sampling: []
[2026-07-23 11:41:42,668][pytensor.tensor.type][INFO] - numpy allclose failed for abs_err 14.070211339783784 and rel_err 1.0
[2026-07-23 11:41:42,669][pytensor.tensor.type][INFO] - numpy allclose failed for abs_err 14.070211339783784 and rel_err 1.0
[2026-07-23 11:41:42,670][pytensor.tensor.type][INFO] - numpy allclose failed for abs_err 14.070211339783784 and rel_err 1.0
[2026-07-23 11:41:42,683][pymc.sampling.forward][INFO] - Sampling: []
[2026-07-23 11:41:42,737][pytensor.tensor.type][INFO] - numpy allclose failed for abs_err 14.070211339783784 and rel_err 1.0
[2026-07-23 11:41:42,737][pytensor.tensor.type][INFO] - numpy allclose failed for abs_err 14.070211339783784 and rel_err 1.0
[2026-07-23 11:41:42,737][pytensor.tensor.type][INFO] - numpy allclose failed for abs_err 14.070211339783784 and rel_err 1.0
[2026-07-23 11:41:42,754][pymc.sampling.forward][INFO] - Sampling: []
[2026-07-23 11:41:42,820][pytensor.tensor.type][INFO] - numpy allclose failed for abs_err 12.598881052778047 and rel_err 1.0
[2026-07-23 11:41:42,821][pytensor.tensor.type][INFO] - numpy allclose failed for abs_err 12.598881052778047 and rel_err 1.0
[2026-07-23 11:41:42,821][pytensor.tensor.type][INFO] - numpy allclose failed for abs_err 12.598881052778047 and rel_err 1.0
[2026-07-23 11:41:42,833][pymc.sampling.forward][INFO] - Sampling: []
[2026-07-23 11:41:42,901][pytensor.tensor.type][INFO] - numpy allclose failed for abs_err 14.523446489167329 and rel_err 1.0
[2026-07-23 11:41:42,901][pytensor.tensor.type][INFO] - numpy allclose failed for abs_err 14.523446489167329 and rel_err 1.0
[2026-07-23 11:41:42,901][pytensor.tensor.type][INFO] - numpy allclose failed for abs_err 14.523446489167329 and rel_err 1.0
[2026-07-23 11:41:42,913][pymc.sampling.forward][INFO] - Sampling: []
[2026-07-23 11:41:43,073][pytensor.tensor.type][INFO] - numpy allclose failed for abs_err 13.845743287396546 and rel_err 1.0
[2026-07-23 11:41:43,073][pytensor.tensor.type][INFO] - numpy allclose failed for abs_err 13.845743287396546 and rel_err 1.0
[2026-07-23 11:41:43,074][pytensor.tensor.type][INFO] - numpy allclose failed for abs_err 13.845743287396546 and rel_err 1.0
[2026-07-23 11:41:43,090][pymc.sampling.forward][INFO] - Sampling: []
[2026-07-23 11:41:43,155][pytensor.tensor.type][INFO] - numpy allclose failed for abs_err 13.841672588181611 and rel_err 1.0
[2026-07-23 11:41:43,155][pytensor.tensor.type][INFO] - numpy allclose failed for abs_err 13.841672588181611 and rel_err 1.0
[2026-07-23 11:41:43,156][pytensor.tensor.type][INFO] - numpy allclose failed for abs_err 13.841672588181611 and rel_err 1.0
[2026-07-23 11:41:43,165][pymc.sampling.forward][INFO] - Sampling: []
[2026-07-23 11:41:43,235][pytensor.tensor.type][INFO] - numpy allclose failed for abs_err 12.48459856395511 and rel_err 1.0
[2026-07-23 11:41:43,236][pytensor.tensor.type][INFO] - numpy allclose failed for abs_err 12.48459856395511 and rel_err 1.0
[2026-07-23 11:41:43,236][pytensor.tensor.type][INFO] - numpy allclose failed for abs_err 12.48459856395511 and rel_err 1.0
[2026-07-23 11:41:43,248][pymc.sampling.forward][INFO] - Sampling: []
[2026-07-23 11:41:43,309][pytensor.tensor.type][INFO] - numpy allclose failed for abs_err 16.053487587733237 and rel_err 1.0
[2026-07-23 11:41:43,310][pytensor.tensor.type][INFO] - numpy allclose failed for abs_err 16.053487587733237 and rel_err 1.0
[2026-07-23 11:41:43,310][pytensor.tensor.type][INFO] - numpy allclose failed for abs_err 16.053487587733237 and rel_err 1.0
[2026-07-23 11:41:43,324][pymc.sampling.forward][INFO] - Sampling: []
[2026-07-23 11:41:43,496][pymc.sampling.forward][INFO] - Sampling: []
[2026-07-23 11:41:43,568][pymc.sampling.forward][INFO] - Sampling: []
[2026-07-23 11:41:43,658][pymc.sampling.forward][INFO] - Sampling: []
[2026-07-23 11:41:43,738][pymc.sampling.forward][INFO] - Sampling: []
[2026-07-23 11:41:43,965][pymc.sampling.mcmc][INFO] - Initializing NUTS using jitter+adapt_diag...
[2026-07-23 11:41:44,290][pymc.sampling.mcmc][INFO] - Multiprocess sampling (4 chains in 4 jobs)
[2026-07-23 11:41:44,290][pymc.sampling.mcmc][INFO] - NUTS: [alpha, beta]
[2026-07-23 11:42:43,199][pymc.sampling.mcmc][INFO] - Sampling 4 chains for 1_000 tune and 1_000 draw iterations (4_000 + 4_000 draws total) took 59 seconds.
[2026-07-23 11:42:43,333][pymc.sampling.mcmc][INFO] - Initializing NUTS using jitter+adapt_diag...
[2026-07-23 11:42:43,667][pymc.sampling.mcmc][INFO] - Multiprocess sampling (4 chains in 4 jobs)
[2026-07-23 11:42:43,667][pymc.sampling.mcmc][INFO] - NUTS: [alpha, beta]
[2026-07-23 11:43:42,527][pymc.sampling.mcmc][INFO] - Sampling 4 chains for 1_000 tune and 1_000 draw iterations (4_000 + 4_000 draws total) took 59 seconds.
[2026-07-23 11:43:42,631][pymc.sampling.mcmc][INFO] - Initializing NUTS using jitter+adapt_diag...
[2026-07-23 11:43:42,958][pymc.sampling.mcmc][INFO] - Multiprocess sampling (4 chains in 4 jobs)
[2026-07-23 11:43:42,958][pymc.sampling.mcmc][INFO] - NUTS: [alpha, beta]
[2026-07-23 11:44:38,087][pymc.sampling.mcmc][INFO] - Sampling 4 chains for 1_000 tune and 1_000 draw iterations (4_000 + 4_000 draws total) took 55 seconds.
[2026-07-23 11:44:38,115][pytensor.tensor.type][INFO] - numpy allclose failed for abs_err 6.660951455181351 and rel_err 1.0
[2026-07-23 11:44:38,115][pytensor.tensor.type][INFO] - numpy allclose failed for abs_err 6.660951455181351 and rel_err 1.0
[2026-07-23 11:44:38,115][pytensor.tensor.type][INFO] - numpy allclose failed for abs_err 6.660951455181351 and rel_err 1.0
[2026-07-23 11:44:38,137][pymc.sampling.forward][INFO] - Sampling: []
[2026-07-23 11:44:38,207][pytensor.tensor.type][INFO] - numpy allclose failed for abs_err 6.660951455181351 and rel_err 1.0
[2026-07-23 11:44:38,207][pytensor.tensor.type][INFO] - numpy allclose failed for abs_err 6.660951455181351 and rel_err 1.0
[2026-07-23 11:44:38,208][pytensor.tensor.type][INFO] - numpy allclose failed for abs_err 6.660951455181351 and rel_err 1.0
[2026-07-23 11:44:38,219][pymc.sampling.forward][INFO] - Sampling: []
[2026-07-23 11:44:38,284][pytensor.tensor.type][INFO] - numpy allclose failed for abs_err 4.912864902468513 and rel_err 1.0
[2026-07-23 11:44:38,284][pytensor.tensor.type][INFO] - numpy allclose failed for abs_err 4.912864902468513 and rel_err 1.0
[2026-07-23 11:44:38,284][pytensor.tensor.type][INFO] - numpy allclose failed for abs_err 4.912864902468513 and rel_err 1.0
[2026-07-23 11:44:38,303][pymc.sampling.forward][INFO] - Sampling: []
[2026-07-23 11:44:38,367][pytensor.tensor.type][INFO] - numpy allclose failed for abs_err 7.73201752124458 and rel_err 1.0
[2026-07-23 11:44:38,367][pytensor.tensor.type][INFO] - numpy allclose failed for abs_err 7.73201752124458 and rel_err 1.0
[2026-07-23 11:44:38,367][pytensor.tensor.type][INFO] - numpy allclose failed for abs_err 7.73201752124458 and rel_err 1.0
[2026-07-23 11:44:38,378][pymc.sampling.forward][INFO] - Sampling: []
[2026-07-23 11:44:38,525][pytensor.tensor.type][INFO] - numpy allclose failed for abs_err 6.608807968754464 and rel_err 1.0
[2026-07-23 11:44:38,525][pytensor.tensor.type][INFO] - numpy allclose failed for abs_err 6.608807968754464 and rel_err 1.0
[2026-07-23 11:44:38,525][pytensor.tensor.type][INFO] - numpy allclose failed for abs_err 6.608807968754464 and rel_err 1.0
[2026-07-23 11:44:38,539][pymc.sampling.forward][INFO] - Sampling: []
[2026-07-23 11:44:38,605][pytensor.tensor.type][INFO] - numpy allclose failed for abs_err 6.608807968754464 and rel_err 1.0
[2026-07-23 11:44:38,605][pytensor.tensor.type][INFO] - numpy allclose failed for abs_err 6.608807968754464 and rel_err 1.0
[2026-07-23 11:44:38,605][pytensor.tensor.type][INFO] - numpy allclose failed for abs_err 6.608807968754464 and rel_err 1.0
[2026-07-23 11:44:38,617][pymc.sampling.forward][INFO] - Sampling: []
[2026-07-23 11:44:38,677][pytensor.tensor.type][INFO] - numpy allclose failed for abs_err 6.050283511386921 and rel_err 1.0
[2026-07-23 11:44:38,679][pytensor.tensor.type][INFO] - numpy allclose failed for abs_err 6.050283511386921 and rel_err 1.0
[2026-07-23 11:44:38,679][pytensor.tensor.type][INFO] - numpy allclose failed for abs_err 6.050283511386921 and rel_err 1.0
[2026-07-23 11:44:38,691][pymc.sampling.forward][INFO] - Sampling: []
[2026-07-23 11:44:38,749][pytensor.tensor.type][INFO] - numpy allclose failed for abs_err 9.040983442646557 and rel_err 1.0
[2026-07-23 11:44:38,749][pytensor.tensor.type][INFO] - numpy allclose failed for abs_err 9.040983442646557 and rel_err 1.0
[2026-07-23 11:44:38,749][pytensor.tensor.type][INFO] - numpy allclose failed for abs_err 9.040983442646557 and rel_err 1.0
[2026-07-23 11:44:38,767][pymc.sampling.forward][INFO] - Sampling: []
[2026-07-23 11:44:38,916][pytensor.tensor.type][INFO] - numpy allclose failed for abs_err 6.649119635170212 and rel_err 1.0
[2026-07-23 11:44:38,918][pytensor.tensor.type][INFO] - numpy allclose failed for abs_err 6.649119635170212 and rel_err 1.0
[2026-07-23 11:44:38,918][pytensor.tensor.type][INFO] - numpy allclose failed for abs_err 6.649119635170212 and rel_err 1.0
[2026-07-23 11:44:38,932][pymc.sampling.forward][INFO] - Sampling: []
[2026-07-23 11:44:39,000][pytensor.tensor.type][INFO] - numpy allclose failed for abs_err 6.649119635170212 and rel_err 1.0
[2026-07-23 11:44:39,001][pytensor.tensor.type][INFO] - numpy allclose failed for abs_err 6.649119635170212 and rel_err 1.0
[2026-07-23 11:44:39,001][pytensor.tensor.type][INFO] - numpy allclose failed for abs_err 6.649119635170212 and rel_err 1.0
[2026-07-23 11:44:39,012][pymc.sampling.forward][INFO] - Sampling: []
[2026-07-23 11:44:39,079][pytensor.tensor.type][INFO] - numpy allclose failed for abs_err 7.5064628341038 and rel_err 1.0
[2026-07-23 11:44:39,080][pytensor.tensor.type][INFO] - numpy allclose failed for abs_err 7.5064628341038 and rel_err 1.0
[2026-07-23 11:44:39,080][pytensor.tensor.type][INFO] - numpy allclose failed for abs_err 7.5064628341038 and rel_err 1.0
[2026-07-23 11:44:39,094][pymc.sampling.forward][INFO] - Sampling: []
[2026-07-23 11:44:39,163][pytensor.tensor.type][INFO] - numpy allclose failed for abs_err 7.222378476354074 and rel_err 1.0
[2026-07-23 11:44:39,164][pytensor.tensor.type][INFO] - numpy allclose failed for abs_err 7.222378476354074 and rel_err 1.0
[2026-07-23 11:44:39,164][pytensor.tensor.type][INFO] - numpy allclose failed for abs_err 7.222378476354074 and rel_err 1.0
[2026-07-23 11:44:39,166][pymc.sampling.forward][INFO] - Sampling: []
[2026-07-23 11:44:39,324][pytensor.tensor.type][INFO] - numpy allclose failed for abs_err 6.650517483299485 and rel_err 1.0
[2026-07-23 11:44:39,326][pytensor.tensor.type][INFO] - numpy allclose failed for abs_err 6.650517483299485 and rel_err 1.0
[2026-07-23 11:44:39,326][pytensor.tensor.type][INFO] - numpy allclose failed for abs_err 6.650517483299485 and rel_err 1.0
[2026-07-23 11:44:39,341][pymc.sampling.forward][INFO] - Sampling: []
[2026-07-23 11:44:39,409][pytensor.tensor.type][INFO] - numpy allclose failed for abs_err 6.650517483299485 and rel_err 1.0
[2026-07-23 11:44:39,410][pytensor.tensor.type][INFO] - numpy allclose failed for abs_err 6.650517483299485 and rel_err 1.0
[2026-07-23 11:44:39,410][pytensor.tensor.type][INFO] - numpy allclose failed for abs_err 6.650517483299485 and rel_err 1.0
[2026-07-23 11:44:39,420][pymc.sampling.forward][INFO] - Sampling: []
[2026-07-23 11:44:39,498][pytensor.tensor.type][INFO] - numpy allclose failed for abs_err 5.753174265132953 and rel_err 1.0
[2026-07-23 11:44:39,498][pytensor.tensor.type][INFO] - numpy allclose failed for abs_err 5.753174265132953 and rel_err 1.0
[2026-07-23 11:44:39,498][pytensor.tensor.type][INFO] - numpy allclose failed for abs_err 5.753174265132953 and rel_err 1.0
[2026-07-23 11:44:39,508][pymc.sampling.forward][INFO] - Sampling: []
[2026-07-23 11:44:39,580][pytensor.tensor.type][INFO] - numpy allclose failed for abs_err 7.151631481217692 and rel_err 1.0
[2026-07-23 11:44:39,581][pytensor.tensor.type][INFO] - numpy allclose failed for abs_err 7.151631481217692 and rel_err 1.0
[2026-07-23 11:44:39,581][pytensor.tensor.type][INFO] - numpy allclose failed for abs_err 7.151631481217692 and rel_err 1.0
[2026-07-23 11:44:39,592][pymc.sampling.forward][INFO] - Sampling: []
[2026-07-23 11:44:39,746][pytensor.tensor.type][INFO] - numpy allclose failed for abs_err 6.646214683597794 and rel_err 1.0
[2026-07-23 11:44:39,746][pytensor.tensor.type][INFO] - numpy allclose failed for abs_err 6.646214683597794 and rel_err 1.0
[2026-07-23 11:44:39,746][pytensor.tensor.type][INFO] - numpy allclose failed for abs_err 6.646214683597794 and rel_err 1.0
[2026-07-23 11:44:39,761][pymc.sampling.forward][INFO] - Sampling: []
[2026-07-23 11:44:39,826][pytensor.tensor.type][INFO] - numpy allclose failed for abs_err 6.646214683597794 and rel_err 1.0
[2026-07-23 11:44:39,826][pytensor.tensor.type][INFO] - numpy allclose failed for abs_err 6.646214683597794 and rel_err 1.0
[2026-07-23 11:44:39,827][pytensor.tensor.type][INFO] - numpy allclose failed for abs_err 6.646214683597794 and rel_err 1.0
[2026-07-23 11:44:39,839][pymc.sampling.forward][INFO] - Sampling: []
[2026-07-23 11:44:39,903][pytensor.tensor.type][INFO] - numpy allclose failed for abs_err 5.095446411275959 and rel_err 1.0
[2026-07-23 11:44:39,903][pytensor.tensor.type][INFO] - numpy allclose failed for abs_err 5.095446411275959 and rel_err 1.0
[2026-07-23 11:44:39,904][pytensor.tensor.type][INFO] - numpy allclose failed for abs_err 5.095446411275959 and rel_err 1.0
[2026-07-23 11:44:39,917][pymc.sampling.forward][INFO] - Sampling: []
[2026-07-23 11:44:39,981][pytensor.tensor.type][INFO] - numpy allclose failed for abs_err 7.273662191440039 and rel_err 1.0
[2026-07-23 11:44:39,981][pytensor.tensor.type][INFO] - numpy allclose failed for abs_err 7.273662191440039 and rel_err 1.0
[2026-07-23 11:44:39,981][pytensor.tensor.type][INFO] - numpy allclose failed for abs_err 7.273662191440039 and rel_err 1.0
[2026-07-23 11:44:39,991][pymc.sampling.forward][INFO] - Sampling: []
[2026-07-23 11:44:40,148][pytensor.tensor.type][INFO] - numpy allclose failed for abs_err 6.808791182362007 and rel_err 1.0
[2026-07-23 11:44:40,148][pytensor.tensor.type][INFO] - numpy allclose failed for abs_err 6.808791182362007 and rel_err 1.0
[2026-07-23 11:44:40,149][pytensor.tensor.type][INFO] - numpy allclose failed for abs_err 6.808791182362007 and rel_err 1.0
[2026-07-23 11:44:40,166][pymc.sampling.forward][INFO] - Sampling: []
[2026-07-23 11:44:40,244][pytensor.tensor.type][INFO] - numpy allclose failed for abs_err 6.808791182362007 and rel_err 1.0
[2026-07-23 11:44:40,244][pytensor.tensor.type][INFO] - numpy allclose failed for abs_err 6.808791182362007 and rel_err 1.0
[2026-07-23 11:44:40,244][pytensor.tensor.type][INFO] - numpy allclose failed for abs_err 6.808791182362007 and rel_err 1.0
[2026-07-23 11:44:40,256][pymc.sampling.forward][INFO] - Sampling: []
[2026-07-23 11:44:40,344][pytensor.tensor.type][INFO] - numpy allclose failed for abs_err 5.943628032909443 and rel_err 1.0
[2026-07-23 11:44:40,344][pytensor.tensor.type][INFO] - numpy allclose failed for abs_err 5.943628032909443 and rel_err 1.0
[2026-07-23 11:44:40,344][pytensor.tensor.type][INFO] - numpy allclose failed for abs_err 5.943628032909443 and rel_err 1.0
[2026-07-23 11:44:40,355][pymc.sampling.forward][INFO] - Sampling: []
[2026-07-23 11:44:40,427][pytensor.tensor.type][INFO] - numpy allclose failed for abs_err 8.370913603285803 and rel_err 1.0
[2026-07-23 11:44:40,427][pytensor.tensor.type][INFO] - numpy allclose failed for abs_err 8.370913603285803 and rel_err 1.0
[2026-07-23 11:44:40,427][pytensor.tensor.type][INFO] - numpy allclose failed for abs_err 8.370913603285803 and rel_err 1.0
[2026-07-23 11:44:40,438][pymc.sampling.forward][INFO] - Sampling: []
[2026-07-23 11:44:40,593][pytensor.tensor.type][INFO] - numpy allclose failed for abs_err 6.588385033268624 and rel_err 1.0
[2026-07-23 11:44:40,593][pytensor.tensor.type][INFO] - numpy allclose failed for abs_err 6.588385033268624 and rel_err 1.0
[2026-07-23 11:44:40,594][pytensor.tensor.type][INFO] - numpy allclose failed for abs_err 6.588385033268624 and rel_err 1.0
[2026-07-23 11:44:40,607][pymc.sampling.forward][INFO] - Sampling: []
[2026-07-23 11:44:40,681][pytensor.tensor.type][INFO] - numpy allclose failed for abs_err 6.588385033268624 and rel_err 1.0
[2026-07-23 11:44:40,681][pytensor.tensor.type][INFO] - numpy allclose failed for abs_err 6.588385033268624 and rel_err 1.0
[2026-07-23 11:44:40,681][pytensor.tensor.type][INFO] - numpy allclose failed for abs_err 6.588385033268624 and rel_err 1.0
[2026-07-23 11:44:40,691][pymc.sampling.forward][INFO] - Sampling: []
[2026-07-23 11:44:40,757][pytensor.tensor.type][INFO] - numpy allclose failed for abs_err 5.446367186356835 and rel_err 1.0
[2026-07-23 11:44:40,757][pytensor.tensor.type][INFO] - numpy allclose failed for abs_err 5.446367186356835 and rel_err 1.0
[2026-07-23 11:44:40,758][pytensor.tensor.type][INFO] - numpy allclose failed for abs_err 5.446367186356835 and rel_err 1.0
[2026-07-23 11:44:40,770][pymc.sampling.forward][INFO] - Sampling: []
[2026-07-23 11:44:40,837][pytensor.tensor.type][INFO] - numpy allclose failed for abs_err 7.805421330908789 and rel_err 1.0
[2026-07-23 11:44:40,837][pytensor.tensor.type][INFO] - numpy allclose failed for abs_err 7.805421330908789 and rel_err 1.0
[2026-07-23 11:44:40,837][pytensor.tensor.type][INFO] - numpy allclose failed for abs_err 7.805421330908789 and rel_err 1.0
[2026-07-23 11:44:40,848][pymc.sampling.forward][INFO] - Sampling: []
[2026-07-23 11:44:41,000][pytensor.tensor.type][INFO] - numpy allclose failed for abs_err 6.8026164391865 and rel_err 1.0
[2026-07-23 11:44:41,002][pytensor.tensor.type][INFO] - numpy allclose failed for abs_err 6.8026164391865 and rel_err 1.0
[2026-07-23 11:44:41,002][pytensor.tensor.type][INFO] - numpy allclose failed for abs_err 6.8026164391865 and rel_err 1.0
[2026-07-23 11:44:41,020][pymc.sampling.forward][INFO] - Sampling: []
[2026-07-23 11:44:41,088][pytensor.tensor.type][INFO] - numpy allclose failed for abs_err 6.8026164391865 and rel_err 1.0
[2026-07-23 11:44:41,088][pytensor.tensor.type][INFO] - numpy allclose failed for abs_err 6.8026164391865 and rel_err 1.0
[2026-07-23 11:44:41,089][pytensor.tensor.type][INFO] - numpy allclose failed for abs_err 6.8026164391865 and rel_err 1.0
[2026-07-23 11:44:41,099][pymc.sampling.forward][INFO] - Sampling: []
[2026-07-23 11:44:41,164][pytensor.tensor.type][INFO] - numpy allclose failed for abs_err 5.187359293209125 and rel_err 1.0
[2026-07-23 11:44:41,164][pytensor.tensor.type][INFO] - numpy allclose failed for abs_err 5.187359293209125 and rel_err 1.0
[2026-07-23 11:44:41,165][pytensor.tensor.type][INFO] - numpy allclose failed for abs_err 5.187359293209125 and rel_err 1.0
[2026-07-23 11:44:41,178][pymc.sampling.forward][INFO] - Sampling: []
[2026-07-23 11:44:41,248][pytensor.tensor.type][INFO] - numpy allclose failed for abs_err 7.278446411738254 and rel_err 1.0
[2026-07-23 11:44:41,248][pytensor.tensor.type][INFO] - numpy allclose failed for abs_err 7.278446411738254 and rel_err 1.0
[2026-07-23 11:44:41,248][pytensor.tensor.type][INFO] - numpy allclose failed for abs_err 7.278446411738254 and rel_err 1.0
[2026-07-23 11:44:41,261][pymc.sampling.forward][INFO] - Sampling: []
[2026-07-23 11:44:41,411][pytensor.tensor.type][INFO] - numpy allclose failed for abs_err 6.784166059814857 and rel_err 1.0
[2026-07-23 11:44:41,412][pytensor.tensor.type][INFO] - numpy allclose failed for abs_err 6.784166059814857 and rel_err 1.0
[2026-07-23 11:44:41,412][pytensor.tensor.type][INFO] - numpy allclose failed for abs_err 6.784166059814857 and rel_err 1.0
[2026-07-23 11:44:41,417][pymc.sampling.forward][INFO] - Sampling: []
[2026-07-23 11:44:41,492][pytensor.tensor.type][INFO] - numpy allclose failed for abs_err 6.784166059814857 and rel_err 1.0
[2026-07-23 11:44:41,493][pytensor.tensor.type][INFO] - numpy allclose failed for abs_err 6.784166059814857 and rel_err 1.0
[2026-07-23 11:44:41,493][pytensor.tensor.type][INFO] - numpy allclose failed for abs_err 6.784166059814857 and rel_err 1.0
[2026-07-23 11:44:41,503][pymc.sampling.forward][INFO] - Sampling: []
[2026-07-23 11:44:41,570][pytensor.tensor.type][INFO] - numpy allclose failed for abs_err 5.610957701908161 and rel_err 1.0
[2026-07-23 11:44:41,570][pytensor.tensor.type][INFO] - numpy allclose failed for abs_err 5.610957701908161 and rel_err 1.0
[2026-07-23 11:44:41,571][pytensor.tensor.type][INFO] - numpy allclose failed for abs_err 5.610957701908161 and rel_err 1.0
[2026-07-23 11:44:41,583][pymc.sampling.forward][INFO] - Sampling: []
[2026-07-23 11:44:41,653][pytensor.tensor.type][INFO] - numpy allclose failed for abs_err 8.714571335295691 and rel_err 1.0
[2026-07-23 11:44:41,654][pytensor.tensor.type][INFO] - numpy allclose failed for abs_err 8.714571335295691 and rel_err 1.0
[2026-07-23 11:44:41,654][pytensor.tensor.type][INFO] - numpy allclose failed for abs_err 8.714571335295691 and rel_err 1.0
[2026-07-23 11:44:41,666][pymc.sampling.forward][INFO] - Sampling: []
[2026-07-23 11:44:41,823][pytensor.tensor.type][INFO] - numpy allclose failed for abs_err 6.820100746475624 and rel_err 1.0
[2026-07-23 11:44:41,823][pytensor.tensor.type][INFO] - numpy allclose failed for abs_err 6.820100746475624 and rel_err 1.0
[2026-07-23 11:44:41,823][pytensor.tensor.type][INFO] - numpy allclose failed for abs_err 6.820100746475624 and rel_err 1.0
[2026-07-23 11:44:41,837][pymc.sampling.forward][INFO] - Sampling: []
[2026-07-23 11:44:41,909][pytensor.tensor.type][INFO] - numpy allclose failed for abs_err 6.820100746475624 and rel_err 1.0
[2026-07-23 11:44:41,910][pytensor.tensor.type][INFO] - numpy allclose failed for abs_err 6.820100746475624 and rel_err 1.0
[2026-07-23 11:44:41,910][pytensor.tensor.type][INFO] - numpy allclose failed for abs_err 6.820100746475624 and rel_err 1.0
[2026-07-23 11:44:41,922][pymc.sampling.forward][INFO] - Sampling: []
[2026-07-23 11:44:41,989][pytensor.tensor.type][INFO] - numpy allclose failed for abs_err 5.234195430980732 and rel_err 1.0
[2026-07-23 11:44:41,989][pytensor.tensor.type][INFO] - numpy allclose failed for abs_err 5.234195430980732 and rel_err 1.0
[2026-07-23 11:44:41,990][pytensor.tensor.type][INFO] - numpy allclose failed for abs_err 5.234195430980732 and rel_err 1.0
[2026-07-23 11:44:42,002][pymc.sampling.forward][INFO] - Sampling: []
[2026-07-23 11:44:42,078][pytensor.tensor.type][INFO] - numpy allclose failed for abs_err 8.069712688126067 and rel_err 1.0
[2026-07-23 11:44:42,078][pytensor.tensor.type][INFO] - numpy allclose failed for abs_err 8.069712688126067 and rel_err 1.0
[2026-07-23 11:44:42,079][pytensor.tensor.type][INFO] - numpy allclose failed for abs_err 8.069712688126067 and rel_err 1.0
[2026-07-23 11:44:42,089][pymc.sampling.forward][INFO] - Sampling: []
[2026-07-23 11:44:42,251][pymc.sampling.forward][INFO] - Sampling: []
[2026-07-23 11:44:42,331][pymc.sampling.forward][INFO] - Sampling: []
[2026-07-23 11:44:42,426][pymc.sampling.forward][INFO] - Sampling: []
[2026-07-23 11:44:42,512][pymc.sampling.forward][INFO] - Sampling: []
[2026-07-23 11:44:42,765][pymc.sampling.mcmc][INFO] - Initializing NUTS using jitter+adapt_diag...
[2026-07-23 11:44:43,076][pymc.sampling.mcmc][INFO] - Multiprocess sampling (4 chains in 4 jobs)
[2026-07-23 11:44:43,076][pymc.sampling.mcmc][INFO] - NUTS: [alpha, beta]
[2026-07-23 11:45:38,980][pymc.sampling.mcmc][INFO] - Sampling 4 chains for 1_000 tune and 1_000 draw iterations (4_000 + 4_000 draws total) took 56 seconds.
[2026-07-23 11:45:39,089][pymc.sampling.mcmc][INFO] - Initializing NUTS using jitter+adapt_diag...
[2026-07-23 11:45:39,405][pymc.sampling.mcmc][INFO] - Multiprocess sampling (4 chains in 4 jobs)
[2026-07-23 11:45:39,405][pymc.sampling.mcmc][INFO] - NUTS: [alpha, beta]
[2026-07-23 11:46:35,696][pymc.sampling.mcmc][INFO] - Sampling 4 chains for 1_000 tune and 1_000 draw iterations (4_000 + 4_000 draws total) took 56 seconds.
[2026-07-23 11:46:35,816][pymc.sampling.mcmc][INFO] - Initializing NUTS using jitter+adapt_diag...
[2026-07-23 11:46:36,128][pymc.sampling.mcmc][INFO] - Multiprocess sampling (4 chains in 4 jobs)
[2026-07-23 11:46:36,128][pymc.sampling.mcmc][INFO] - NUTS: [alpha, beta]
[2026-07-23 11:47:31,819][pymc.sampling.mcmc][INFO] - Sampling 4 chains for 1_000 tune and 1_000 draw iterations (4_000 + 4_000 draws total) took 56 seconds.
[2026-07-23 11:47:31,866][pytensor.tensor.type][INFO] - numpy allclose failed for abs_err 6.24101440998261 and rel_err 1.0
[2026-07-23 11:47:31,866][pytensor.tensor.type][INFO] - numpy allclose failed for abs_err 6.24101440998261 and rel_err 1.0
[2026-07-23 11:47:31,867][pytensor.tensor.type][INFO] - numpy allclose failed for abs_err 6.24101440998261 and rel_err 1.0
[2026-07-23 11:47:31,881][pymc.sampling.forward][INFO] - Sampling: []
[2026-07-23 11:47:31,930][pytensor.tensor.type][INFO] - numpy allclose failed for abs_err 6.320291388952184 and rel_err 1.0
[2026-07-23 11:47:31,945][pytensor.tensor.type][INFO] - numpy allclose failed for abs_err 6.320291388952184 and rel_err 1.0
[2026-07-23 11:47:31,946][pytensor.tensor.type][INFO] - numpy allclose failed for abs_err 6.320291388952184 and rel_err 1.0
[2026-07-23 11:47:31,958][pymc.sampling.forward][INFO] - Sampling: []
[2026-07-23 11:47:32,013][pytensor.tensor.type][INFO] - numpy allclose failed for abs_err 5.286926187127024 and rel_err 1.0
[2026-07-23 11:47:32,013][pytensor.tensor.type][INFO] - numpy allclose failed for abs_err 5.286926187127024 and rel_err 1.0
[2026-07-23 11:47:32,013][pytensor.tensor.type][INFO] - numpy allclose failed for abs_err 5.286926187127024 and rel_err 1.0
[2026-07-23 11:47:32,018][pymc.sampling.forward][INFO] - Sampling: []
[2026-07-23 11:47:32,096][pytensor.tensor.type][INFO] - numpy allclose failed for abs_err 7.0333984049923455 and rel_err 1.0
[2026-07-23 11:47:32,096][pytensor.tensor.type][INFO] - numpy allclose failed for abs_err 7.0333984049923455 and rel_err 1.0
[2026-07-23 11:47:32,097][pytensor.tensor.type][INFO] - numpy allclose failed for abs_err 7.0333984049923455 and rel_err 1.0
[2026-07-23 11:47:32,107][pymc.sampling.forward][INFO] - Sampling: []
[2026-07-23 11:47:32,269][pytensor.tensor.type][INFO] - numpy allclose failed for abs_err 5.472597764935256 and rel_err 1.0
[2026-07-23 11:47:32,271][pytensor.tensor.type][INFO] - numpy allclose failed for abs_err 5.472597764935256 and rel_err 1.0
[2026-07-23 11:47:32,271][pytensor.tensor.type][INFO] - numpy allclose failed for abs_err 5.472597764935256 and rel_err 1.0
[2026-07-23 11:47:32,285][pymc.sampling.forward][INFO] - Sampling: []
[2026-07-23 11:47:32,348][pytensor.tensor.type][INFO] - numpy allclose failed for abs_err 5.457295285668136 and rel_err 1.0
[2026-07-23 11:47:32,349][pytensor.tensor.type][INFO] - numpy allclose failed for abs_err 5.457295285668136 and rel_err 1.0
[2026-07-23 11:47:32,349][pytensor.tensor.type][INFO] - numpy allclose failed for abs_err 5.457295285668136 and rel_err 1.0
[2026-07-23 11:47:32,361][pymc.sampling.forward][INFO] - Sampling: []
[2026-07-23 11:47:32,414][pytensor.tensor.type][INFO] - numpy allclose failed for abs_err 3.935983613774622 and rel_err 1.0
[2026-07-23 11:47:32,414][pytensor.tensor.type][INFO] - numpy allclose failed for abs_err 3.935983613774622 and rel_err 1.0
[2026-07-23 11:47:32,414][pytensor.tensor.type][INFO] - numpy allclose failed for abs_err 3.935983613774622 and rel_err 1.0
[2026-07-23 11:47:32,433][pymc.sampling.forward][INFO] - Sampling: []
[2026-07-23 11:47:32,488][pytensor.tensor.type][INFO] - numpy allclose failed for abs_err 7.810288444436315 and rel_err 1.0
[2026-07-23 11:47:32,488][pytensor.tensor.type][INFO] - numpy allclose failed for abs_err 7.810288444436315 and rel_err 1.0
[2026-07-23 11:47:32,488][pytensor.tensor.type][INFO] - numpy allclose failed for abs_err 7.810288444436315 and rel_err 1.0
[2026-07-23 11:47:32,505][pymc.sampling.forward][INFO] - Sampling: []
[2026-07-23 11:47:32,652][pytensor.tensor.type][INFO] - numpy allclose failed for abs_err 6.206270028078008 and rel_err 1.0
[2026-07-23 11:47:32,652][pytensor.tensor.type][INFO] - numpy allclose failed for abs_err 6.206270028078008 and rel_err 1.0
[2026-07-23 11:47:32,654][pytensor.tensor.type][INFO] - numpy allclose failed for abs_err 6.206270028078008 and rel_err 1.0
[2026-07-23 11:47:32,666][pymc.sampling.forward][INFO] - Sampling: []
[2026-07-23 11:47:32,737][pytensor.tensor.type][INFO] - numpy allclose failed for abs_err 6.212152529680181 and rel_err 1.0
[2026-07-23 11:47:32,737][pytensor.tensor.type][INFO] - numpy allclose failed for abs_err 6.212152529680181 and rel_err 1.0
[2026-07-23 11:47:32,738][pytensor.tensor.type][INFO] - numpy allclose failed for abs_err 6.212152529680181 and rel_err 1.0
[2026-07-23 11:47:32,750][pymc.sampling.forward][INFO] - Sampling: []
[2026-07-23 11:47:32,820][pytensor.tensor.type][INFO] - numpy allclose failed for abs_err 3.5278234263647064 and rel_err 1.0
[2026-07-23 11:47:32,820][pytensor.tensor.type][INFO] - numpy allclose failed for abs_err 3.5278234263647064 and rel_err 1.0
[2026-07-23 11:47:32,821][pytensor.tensor.type][INFO] - numpy allclose failed for abs_err 3.5278234263647064 and rel_err 1.0
[2026-07-23 11:47:32,833][pymc.sampling.forward][INFO] - Sampling: []
[2026-07-23 11:47:32,907][pytensor.tensor.type][INFO] - numpy allclose failed for abs_err 5.440191641724828 and rel_err 1.0
[2026-07-23 11:47:32,907][pytensor.tensor.type][INFO] - numpy allclose failed for abs_err 5.440191641724828 and rel_err 1.0
[2026-07-23 11:47:32,907][pytensor.tensor.type][INFO] - numpy allclose failed for abs_err 5.440191641724828 and rel_err 1.0
[2026-07-23 11:47:32,913][pymc.sampling.forward][INFO] - Sampling: []
[2026-07-23 11:47:33,086][pytensor.tensor.type][INFO] - numpy allclose failed for abs_err 6.253064144575048 and rel_err 1.0
[2026-07-23 11:47:33,086][pytensor.tensor.type][INFO] - numpy allclose failed for abs_err 6.253064144575048 and rel_err 1.0
[2026-07-23 11:47:33,087][pytensor.tensor.type][INFO] - numpy allclose failed for abs_err 6.253064144575048 and rel_err 1.0
[2026-07-23 11:47:33,100][pymc.sampling.forward][INFO] - Sampling: []
[2026-07-23 11:47:33,168][pytensor.tensor.type][INFO] - numpy allclose failed for abs_err 6.192671287977148 and rel_err 1.0
[2026-07-23 11:47:33,168][pytensor.tensor.type][INFO] - numpy allclose failed for abs_err 6.192671287977148 and rel_err 1.0
[2026-07-23 11:47:33,169][pytensor.tensor.type][INFO] - numpy allclose failed for abs_err 6.192671287977148 and rel_err 1.0
[2026-07-23 11:47:33,181][pymc.sampling.forward][INFO] - Sampling: []
[2026-07-23 11:47:33,249][pytensor.tensor.type][INFO] - numpy allclose failed for abs_err 3.409559014942457 and rel_err 1.0
[2026-07-23 11:47:33,250][pytensor.tensor.type][INFO] - numpy allclose failed for abs_err 3.409559014942457 and rel_err 1.0
[2026-07-23 11:47:33,250][pytensor.tensor.type][INFO] - numpy allclose failed for abs_err 3.409559014942457 and rel_err 1.0
[2026-07-23 11:47:33,262][pymc.sampling.forward][INFO] - Sampling: []
[2026-07-23 11:47:33,320][pytensor.tensor.type][INFO] - numpy allclose failed for abs_err 5.784873972480236 and rel_err 1.0
[2026-07-23 11:47:33,320][pytensor.tensor.type][INFO] - numpy allclose failed for abs_err 5.784873972480236 and rel_err 1.0
[2026-07-23 11:47:33,320][pytensor.tensor.type][INFO] - numpy allclose failed for abs_err 5.784873972480236 and rel_err 1.0
[2026-07-23 11:47:33,337][pymc.sampling.forward][INFO] - Sampling: []
[2026-07-23 11:47:33,504][pytensor.tensor.type][INFO] - numpy allclose failed for abs_err 6.195171166383672 and rel_err 1.0
[2026-07-23 11:47:33,504][pytensor.tensor.type][INFO] - numpy allclose failed for abs_err 6.195171166383672 and rel_err 1.0
[2026-07-23 11:47:33,506][pytensor.tensor.type][INFO] - numpy allclose failed for abs_err 6.195171166383672 and rel_err 1.0
[2026-07-23 11:47:33,519][pymc.sampling.forward][INFO] - Sampling: []
[2026-07-23 11:47:33,587][pytensor.tensor.type][INFO] - numpy allclose failed for abs_err 5.629573292505505 and rel_err 1.0
[2026-07-23 11:47:33,587][pytensor.tensor.type][INFO] - numpy allclose failed for abs_err 5.629573292505505 and rel_err 1.0
[2026-07-23 11:47:33,588][pytensor.tensor.type][INFO] - numpy allclose failed for abs_err 5.629573292505505 and rel_err 1.0
[2026-07-23 11:47:33,600][pymc.sampling.forward][INFO] - Sampling: []
[2026-07-23 11:47:33,676][pytensor.tensor.type][INFO] - numpy allclose failed for abs_err 4.656370135099172 and rel_err 1.0
[2026-07-23 11:47:33,676][pytensor.tensor.type][INFO] - numpy allclose failed for abs_err 4.656370135099172 and rel_err 1.0
[2026-07-23 11:47:33,676][pytensor.tensor.type][INFO] - numpy allclose failed for abs_err 4.656370135099172 and rel_err 1.0
[2026-07-23 11:47:33,690][pymc.sampling.forward][INFO] - Sampling: []
[2026-07-23 11:47:33,763][pytensor.tensor.type][INFO] - numpy allclose failed for abs_err 5.743564144051794 and rel_err 1.0
[2026-07-23 11:47:33,763][pytensor.tensor.type][INFO] - numpy allclose failed for abs_err 5.743564144051794 and rel_err 1.0
[2026-07-23 11:47:33,763][pytensor.tensor.type][INFO] - numpy allclose failed for abs_err 5.743564144051794 and rel_err 1.0
[2026-07-23 11:47:33,785][pymc.sampling.forward][INFO] - Sampling: []
[2026-07-23 11:47:33,933][pytensor.tensor.type][INFO] - numpy allclose failed for abs_err 5.638618893396618 and rel_err 1.0
[2026-07-23 11:47:33,933][pytensor.tensor.type][INFO] - numpy allclose failed for abs_err 5.638618893396618 and rel_err 1.0
[2026-07-23 11:47:33,933][pytensor.tensor.type][INFO] - numpy allclose failed for abs_err 5.638618893396618 and rel_err 1.0
[2026-07-23 11:47:33,947][pymc.sampling.forward][INFO] - Sampling: []
[2026-07-23 11:47:34,035][pytensor.tensor.type][INFO] - numpy allclose failed for abs_err 5.665256984007122 and rel_err 1.0
[2026-07-23 11:47:34,035][pytensor.tensor.type][INFO] - numpy allclose failed for abs_err 5.665256984007122 and rel_err 1.0
[2026-07-23 11:47:34,036][pytensor.tensor.type][INFO] - numpy allclose failed for abs_err 5.665256984007122 and rel_err 1.0
[2026-07-23 11:47:34,048][pymc.sampling.forward][INFO] - Sampling: []
[2026-07-23 11:47:34,109][pytensor.tensor.type][INFO] - numpy allclose failed for abs_err 3.6907570396922127 and rel_err 1.0
[2026-07-23 11:47:34,111][pytensor.tensor.type][INFO] - numpy allclose failed for abs_err 3.6907570396922127 and rel_err 1.0
[2026-07-23 11:47:34,111][pytensor.tensor.type][INFO] - numpy allclose failed for abs_err 3.6907570396922127 and rel_err 1.0
[2026-07-23 11:47:34,123][pymc.sampling.forward][INFO] - Sampling: []
[2026-07-23 11:47:34,188][pytensor.tensor.type][INFO] - numpy allclose failed for abs_err 6.493786847693168 and rel_err 1.0
[2026-07-23 11:47:34,188][pytensor.tensor.type][INFO] - numpy allclose failed for abs_err 6.493786847693168 and rel_err 1.0
[2026-07-23 11:47:34,191][pytensor.tensor.type][INFO] - numpy allclose failed for abs_err 6.493786847693168 and rel_err 1.0
[2026-07-23 11:47:34,204][pymc.sampling.forward][INFO] - Sampling: []
[2026-07-23 11:47:34,362][pytensor.tensor.type][INFO] - numpy allclose failed for abs_err 6.195246089422155 and rel_err 1.0
[2026-07-23 11:47:34,363][pytensor.tensor.type][INFO] - numpy allclose failed for abs_err 6.195246089422155 and rel_err 1.0
[2026-07-23 11:47:34,364][pytensor.tensor.type][INFO] - numpy allclose failed for abs_err 6.195246089422155 and rel_err 1.0
[2026-07-23 11:47:34,377][pymc.sampling.forward][INFO] - Sampling: []
[2026-07-23 11:47:34,456][pytensor.tensor.type][INFO] - numpy allclose failed for abs_err 6.218533326112676 and rel_err 1.0
[2026-07-23 11:47:34,456][pytensor.tensor.type][INFO] - numpy allclose failed for abs_err 6.218533326112676 and rel_err 1.0
[2026-07-23 11:47:34,457][pytensor.tensor.type][INFO] - numpy allclose failed for abs_err 6.218533326112676 and rel_err 1.0
[2026-07-23 11:47:34,469][pymc.sampling.forward][INFO] - Sampling: []
[2026-07-23 11:47:34,544][pytensor.tensor.type][INFO] - numpy allclose failed for abs_err 2.5006487905336185 and rel_err 1.0
[2026-07-23 11:47:34,545][pytensor.tensor.type][INFO] - numpy allclose failed for abs_err 2.5006487905336185 and rel_err 1.0
[2026-07-23 11:47:34,546][pytensor.tensor.type][INFO] - numpy allclose failed for abs_err 2.5006487905336185 and rel_err 1.0
[2026-07-23 11:47:34,557][pymc.sampling.forward][INFO] - Sampling: []
[2026-07-23 11:47:34,619][pytensor.tensor.type][INFO] - numpy allclose failed for abs_err 5.4009332757639275 and rel_err 1.0
[2026-07-23 11:47:34,620][pytensor.tensor.type][INFO] - numpy allclose failed for abs_err 5.4009332757639275 and rel_err 1.0
[2026-07-23 11:47:34,620][pytensor.tensor.type][INFO] - numpy allclose failed for abs_err 5.4009332757639275 and rel_err 1.0
[2026-07-23 11:47:34,632][pymc.sampling.forward][INFO] - Sampling: []
[2026-07-23 11:47:34,795][pytensor.tensor.type][INFO] - numpy allclose failed for abs_err 6.195999015294958 and rel_err 1.0
[2026-07-23 11:47:34,795][pytensor.tensor.type][INFO] - numpy allclose failed for abs_err 6.195999015294958 and rel_err 1.0
[2026-07-23 11:47:34,795][pytensor.tensor.type][INFO] - numpy allclose failed for abs_err 6.195999015294958 and rel_err 1.0
[2026-07-23 11:47:34,815][pymc.sampling.forward][INFO] - Sampling: []
[2026-07-23 11:47:34,883][pytensor.tensor.type][INFO] - numpy allclose failed for abs_err 5.616290218603375 and rel_err 1.0
[2026-07-23 11:47:34,883][pytensor.tensor.type][INFO] - numpy allclose failed for abs_err 5.616290218603375 and rel_err 1.0
[2026-07-23 11:47:34,883][pytensor.tensor.type][INFO] - numpy allclose failed for abs_err 5.616290218603375 and rel_err 1.0
[2026-07-23 11:47:34,893][pymc.sampling.forward][INFO] - Sampling: []
[2026-07-23 11:47:34,956][pytensor.tensor.type][INFO] - numpy allclose failed for abs_err 3.99806296056001 and rel_err 1.0
[2026-07-23 11:47:34,956][pytensor.tensor.type][INFO] - numpy allclose failed for abs_err 3.99806296056001 and rel_err 1.0
[2026-07-23 11:47:34,956][pytensor.tensor.type][INFO] - numpy allclose failed for abs_err 3.99806296056001 and rel_err 1.0
[2026-07-23 11:47:34,968][pymc.sampling.forward][INFO] - Sampling: []
[2026-07-23 11:47:35,030][pytensor.tensor.type][INFO] - numpy allclose failed for abs_err 5.328231562838335 and rel_err 1.0
[2026-07-23 11:47:35,030][pytensor.tensor.type][INFO] - numpy allclose failed for abs_err 5.328231562838335 and rel_err 1.0
[2026-07-23 11:47:35,030][pytensor.tensor.type][INFO] - numpy allclose failed for abs_err 5.328231562838335 and rel_err 1.0
[2026-07-23 11:47:35,039][pymc.sampling.forward][INFO] - Sampling: []
[2026-07-23 11:47:35,204][pytensor.tensor.type][INFO] - numpy allclose failed for abs_err 6.20504759641831 and rel_err 1.0
[2026-07-23 11:47:35,204][pytensor.tensor.type][INFO] - numpy allclose failed for abs_err 6.20504759641831 and rel_err 1.0
[2026-07-23 11:47:35,204][pytensor.tensor.type][INFO] - numpy allclose failed for abs_err 6.20504759641831 and rel_err 1.0
[2026-07-23 11:47:35,219][pymc.sampling.forward][INFO] - Sampling: []
[2026-07-23 11:47:35,298][pytensor.tensor.type][INFO] - numpy allclose failed for abs_err 6.23785917850678 and rel_err 1.0
[2026-07-23 11:47:35,298][pytensor.tensor.type][INFO] - numpy allclose failed for abs_err 6.23785917850678 and rel_err 1.0
[2026-07-23 11:47:35,299][pytensor.tensor.type][INFO] - numpy allclose failed for abs_err 6.23785917850678 and rel_err 1.0
[2026-07-23 11:47:35,309][pymc.sampling.forward][INFO] - Sampling: []
[2026-07-23 11:47:35,394][pytensor.tensor.type][INFO] - numpy allclose failed for abs_err 4.611566992551564 and rel_err 1.0
[2026-07-23 11:47:35,394][pytensor.tensor.type][INFO] - numpy allclose failed for abs_err 4.611566992551564 and rel_err 1.0
[2026-07-23 11:47:35,396][pytensor.tensor.type][INFO] - numpy allclose failed for abs_err 4.611566992551564 and rel_err 1.0
[2026-07-23 11:47:35,407][pymc.sampling.forward][INFO] - Sampling: []
[2026-07-23 11:47:35,481][pytensor.tensor.type][INFO] - numpy allclose failed for abs_err 5.34381414977384 and rel_err 1.0
[2026-07-23 11:47:35,481][pytensor.tensor.type][INFO] - numpy allclose failed for abs_err 5.34381414977384 and rel_err 1.0
[2026-07-23 11:47:35,483][pytensor.tensor.type][INFO] - numpy allclose failed for abs_err 5.34381414977384 and rel_err 1.0
[2026-07-23 11:47:35,496][pymc.sampling.forward][INFO] - Sampling: []
[2026-07-23 11:47:35,685][pytensor.tensor.type][INFO] - numpy allclose failed for abs_err 6.201146174394537 and rel_err 1.0
[2026-07-23 11:47:35,685][pytensor.tensor.type][INFO] - numpy allclose failed for abs_err 6.201146174394537 and rel_err 1.0
[2026-07-23 11:47:35,685][pytensor.tensor.type][INFO] - numpy allclose failed for abs_err 6.201146174394537 and rel_err 1.0
[2026-07-23 11:47:35,699][pymc.sampling.forward][INFO] - Sampling: []
[2026-07-23 11:47:35,772][pytensor.tensor.type][INFO] - numpy allclose failed for abs_err 5.432208346333266 and rel_err 1.0
[2026-07-23 11:47:35,772][pytensor.tensor.type][INFO] - numpy allclose failed for abs_err 5.432208346333266 and rel_err 1.0
[2026-07-23 11:47:35,773][pytensor.tensor.type][INFO] - numpy allclose failed for abs_err 5.432208346333266 and rel_err 1.0
[2026-07-23 11:47:35,786][pymc.sampling.forward][INFO] - Sampling: []
[2026-07-23 11:47:35,869][pytensor.tensor.type][INFO] - numpy allclose failed for abs_err 3.19186354993376 and rel_err 1.0
[2026-07-23 11:47:35,870][pytensor.tensor.type][INFO] - numpy allclose failed for abs_err 3.19186354993376 and rel_err 1.0
[2026-07-23 11:47:35,870][pytensor.tensor.type][INFO] - numpy allclose failed for abs_err 3.19186354993376 and rel_err 1.0
[2026-07-23 11:47:35,882][pymc.sampling.forward][INFO] - Sampling: []
[2026-07-23 11:47:35,961][pytensor.tensor.type][INFO] - numpy allclose failed for abs_err 6.561729207909826 and rel_err 1.0
[2026-07-23 11:47:35,962][pytensor.tensor.type][INFO] - numpy allclose failed for abs_err 6.561729207909826 and rel_err 1.0
[2026-07-23 11:47:35,963][pytensor.tensor.type][INFO] - numpy allclose failed for abs_err 6.561729207909826 and rel_err 1.0
[2026-07-23 11:47:35,972][pymc.sampling.forward][INFO] - Sampling: []
[2026-07-23 11:47:36,153][pymc.sampling.forward][INFO] - Sampling: []
[2026-07-23 11:47:36,259][pymc.sampling.forward][INFO] - Sampling: []
[2026-07-23 11:47:36,338][pymc.sampling.forward][INFO] - Sampling: []
[2026-07-23 11:47:36,413][pymc.sampling.forward][INFO] - Sampling: []
