[2026-07-23 10:49:28,849][httpx][INFO] - HTTP Request: HEAD https://huggingface.co/datasets/allenai/ai2_arc/resolve/main/README.md "HTTP/1.1 307 Temporary Redirect"
[2026-07-23 10:49:29,220][httpx][INFO] - HTTP Request: HEAD https://huggingface.co/api/resolve-cache/datasets/allenai/ai2_arc/210d026faf9955653af8916fad021475a3f00453/README.md "HTTP/1.1 200 OK"
[2026-07-23 10:49:29,487][httpx][INFO] - HTTP Request: HEAD https://huggingface.co/datasets/allenai/ai2_arc/resolve/210d026faf9955653af8916fad021475a3f00453/ai2_arc.py "HTTP/1.1 404 Not Found"
[2026-07-23 10:49:29,488][huggingface_hub.utils._http][WARNING] - Warning: You are sending unauthenticated requests to the HF Hub. Please set a HF_TOKEN to enable higher rate limits and faster downloads.
[2026-07-23 10:49:30,522][httpx][INFO] - HTTP Request: HEAD https://s3.amazonaws.com/datasets.huggingface.co/datasets/datasets/allenai/ai2_arc/allenai/ai2_arc.py "HTTP/1.1 404 Not Found"
[2026-07-23 10:49:30,875][httpx][INFO] - HTTP Request: GET https://huggingface.co/api/datasets/allenai/ai2_arc/revision/210d026faf9955653af8916fad021475a3f00453 "HTTP/1.1 200 OK"
[2026-07-23 10:49:31,157][httpx][INFO] - HTTP Request: HEAD https://huggingface.co/datasets/allenai/ai2_arc/resolve/210d026faf9955653af8916fad021475a3f00453/.huggingface.yaml "HTTP/1.1 404 Not Found"
[2026-07-23 10:49:31,850][httpx][INFO] - HTTP Request: GET https://datasets-server.huggingface.co/info?dataset=allenai/ai2_arc "HTTP/1.1 200 OK"
[2026-07-23 10:49:32,123][httpx][INFO] - HTTP Request: GET https://huggingface.co/api/datasets/allenai/ai2_arc/tree/210d026faf9955653af8916fad021475a3f00453/ARC-Challenge?recursive=true&expand=false "HTTP/1.1 200 OK"
[2026-07-23 10:49:32,395][httpx][INFO] - HTTP Request: GET https://huggingface.co/api/datasets/allenai/ai2_arc/tree/210d026faf9955653af8916fad021475a3f00453?recursive=false&expand=false "HTTP/1.1 200 OK"
[2026-07-23 10:49:32,690][httpx][INFO] - HTTP Request: HEAD https://huggingface.co/datasets/allenai/ai2_arc/resolve/210d026faf9955653af8916fad021475a3f00453/dataset_infos.json "HTTP/1.1 404 Not Found"
[2026-07-23 10:49:33,196][pytensor.configparser][INFO] - Suppressed KeyError in PyTensorConfigParser.add for parameter 'cxx'!
[2026-07-23 10:49:33,196][pytensor.configparser][INFO] - Suppressed KeyError in PyTensorConfigParser.add for parameter 'gcc_version_str'!
[2026-07-23 10:49:33,196][pytensor.configparser][INFO] - Suppressed KeyError in PyTensorConfigParser.add for parameter 'compile__timeout'!
[2026-07-23 10:49:33,196][pytensor.configparser][INFO] - Suppressed KeyError in PyTensorConfigParser.add for parameter 'DebugMode__check_c'!
[2026-07-23 10:49:33,196][pytensor.configparser][INFO] - Suppressed KeyError in PyTensorConfigParser.add for parameter 'compiledir'!
[2026-07-23 10:49:33,294][pytensor.configparser][INFO] - Suppressed KeyError in PyTensorConfigParser.add for parameter 'blas__ldflags'!
[2026-07-23 10:49:33,310][pytensor.configdefaults][WARNING] - g++ not available, if using conda: `conda install gxx`
[2026-07-23 10:49:34,050][arviz][INFO] - Found 'auto' as default backend, checking available backends
[2026-07-23 10:49:34,051][arviz][INFO] - Matplotlib is available, defining as default backend
[2026-07-23 10:49:34,497][arviz][INFO] - arviz_base 1.2.0 available, exposing its functions as part of the `arviz` namespace
[2026-07-23 10:49:34,661][arviz][INFO] - arviz_stats 1.2.0 available, exposing its functions as part of the `arviz` namespace
[2026-07-23 10:49:34,722][arviz][INFO] - arviz_plots 1.2.0 available, exposing its functions as part of the `arviz` namespace
[2026-07-23 10:49:34,983][pymc.sampling.mcmc][INFO] - Initializing NUTS using jitter+adapt_diag...
[2026-07-23 10:49:50,894][pymc.sampling.mcmc][INFO] - Multiprocess sampling (4 chains in 4 jobs)
[2026-07-23 10:49:50,894][pymc.sampling.mcmc][INFO] - NUTS: [alpha, beta]
[2026-07-23 10:50:48,744][pymc.sampling.mcmc][INFO] - Sampling 4 chains for 1_000 tune and 1_000 draw iterations (4_000 + 4_000 draws total) took 58 seconds.
[2026-07-23 10:50:48,879][pymc.sampling.mcmc][INFO] - Initializing NUTS using jitter+adapt_diag...
[2026-07-23 10:50:49,195][pymc.sampling.mcmc][INFO] - Multiprocess sampling (4 chains in 4 jobs)
[2026-07-23 10:50:49,195][pymc.sampling.mcmc][INFO] - NUTS: [alpha, beta]
[2026-07-23 10:51:44,160][pymc.sampling.mcmc][INFO] - Sampling 4 chains for 1_000 tune and 1_000 draw iterations (4_000 + 4_000 draws total) took 55 seconds.
[2026-07-23 10:51:44,291][pymc.sampling.mcmc][INFO] - Initializing NUTS using jitter+adapt_diag...
[2026-07-23 10:51:45,657][pymc.sampling.mcmc][INFO] - Multiprocess sampling (4 chains in 4 jobs)
[2026-07-23 10:51:45,657][pymc.sampling.mcmc][INFO] - NUTS: [alpha, beta]
[2026-07-23 10:52:40,593][pymc.sampling.mcmc][INFO] - Sampling 4 chains for 1_000 tune and 1_000 draw iterations (4_000 + 4_000 draws total) took 55 seconds.
[2026-07-23 10:52:40,663][pytensor.tensor.type][INFO] - numpy allclose failed for abs_err 15.424948423832443 and rel_err 1.0
[2026-07-23 10:52:40,663][pytensor.tensor.type][INFO] - numpy allclose failed for abs_err 15.424948423832443 and rel_err 1.0
[2026-07-23 10:52:40,663][pytensor.tensor.type][INFO] - numpy allclose failed for abs_err 15.424948423832443 and rel_err 1.0
[2026-07-23 10:52:40,663][pymc.sampling.forward][INFO] - Sampling: []
[2026-07-23 10:52:40,894][pytensor.tensor.type][INFO] - numpy allclose failed for abs_err 15.424948423832443 and rel_err 1.0
[2026-07-23 10:52:40,894][pytensor.tensor.type][INFO] - numpy allclose failed for abs_err 15.424948423832443 and rel_err 1.0
[2026-07-23 10:52:40,894][pytensor.tensor.type][INFO] - numpy allclose failed for abs_err 15.424948423832443 and rel_err 1.0
[2026-07-23 10:52:40,909][pymc.sampling.forward][INFO] - Sampling: []
[2026-07-23 10:52:41,024][pytensor.tensor.type][INFO] - numpy allclose failed for abs_err 14.159063387675255 and rel_err 1.0
[2026-07-23 10:52:41,024][pytensor.tensor.type][INFO] - numpy allclose failed for abs_err 14.159063387675255 and rel_err 1.0
[2026-07-23 10:52:41,024][pytensor.tensor.type][INFO] - numpy allclose failed for abs_err 14.159063387675255 and rel_err 1.0
[2026-07-23 10:52:41,029][pymc.sampling.forward][INFO] - Sampling: []
[2026-07-23 10:52:41,093][pytensor.tensor.type][INFO] - numpy allclose failed for abs_err 15.816564369959801 and rel_err 1.0
[2026-07-23 10:52:41,093][pytensor.tensor.type][INFO] - numpy allclose failed for abs_err 15.816564369959801 and rel_err 1.0
[2026-07-23 10:52:41,102][pytensor.tensor.type][INFO] - numpy allclose failed for abs_err 15.816564369959801 and rel_err 1.0
[2026-07-23 10:52:41,113][pymc.sampling.forward][INFO] - Sampling: []
[2026-07-23 10:52:41,326][pytensor.tensor.type][INFO] - numpy allclose failed for abs_err 14.156932402444001 and rel_err 1.0
[2026-07-23 10:52:41,327][pytensor.tensor.type][INFO] - numpy allclose failed for abs_err 14.156932402444001 and rel_err 1.0
[2026-07-23 10:52:41,327][pytensor.tensor.type][INFO] - numpy allclose failed for abs_err 14.156932402444001 and rel_err 1.0
[2026-07-23 10:52:41,332][pymc.sampling.forward][INFO] - Sampling: []
[2026-07-23 10:52:41,418][pytensor.tensor.type][INFO] - numpy allclose failed for abs_err 14.156932402444001 and rel_err 1.0
[2026-07-23 10:52:41,418][pytensor.tensor.type][INFO] - numpy allclose failed for abs_err 14.156932402444001 and rel_err 1.0
[2026-07-23 10:52:41,420][pytensor.tensor.type][INFO] - numpy allclose failed for abs_err 14.156932402444001 and rel_err 1.0
[2026-07-23 10:52:41,431][pymc.sampling.forward][INFO] - Sampling: []
[2026-07-23 10:52:41,504][pytensor.tensor.type][INFO] - numpy allclose failed for abs_err 14.159063387675255 and rel_err 1.0
[2026-07-23 10:52:41,504][pytensor.tensor.type][INFO] - numpy allclose failed for abs_err 14.159063387675255 and rel_err 1.0
[2026-07-23 10:52:41,504][pytensor.tensor.type][INFO] - numpy allclose failed for abs_err 14.159063387675255 and rel_err 1.0
[2026-07-23 10:52:41,515][pymc.sampling.forward][INFO] - Sampling: []
[2026-07-23 10:52:41,585][pytensor.tensor.type][INFO] - numpy allclose failed for abs_err 15.816564369959801 and rel_err 1.0
[2026-07-23 10:52:41,585][pytensor.tensor.type][INFO] - numpy allclose failed for abs_err 15.816564369959801 and rel_err 1.0
[2026-07-23 10:52:41,586][pytensor.tensor.type][INFO] - numpy allclose failed for abs_err 15.816564369959801 and rel_err 1.0
[2026-07-23 10:52:41,598][pymc.sampling.forward][INFO] - Sampling: []
[2026-07-23 10:52:41,763][pytensor.tensor.type][INFO] - numpy allclose failed for abs_err 14.156932402444001 and rel_err 1.0
[2026-07-23 10:52:41,764][pytensor.tensor.type][INFO] - numpy allclose failed for abs_err 14.156932402444001 and rel_err 1.0
[2026-07-23 10:52:41,765][pytensor.tensor.type][INFO] - numpy allclose failed for abs_err 14.156932402444001 and rel_err 1.0
[2026-07-23 10:52:41,780][pymc.sampling.forward][INFO] - Sampling: []
[2026-07-23 10:52:41,859][pytensor.tensor.type][INFO] - numpy allclose failed for abs_err 14.156932402444001 and rel_err 1.0
[2026-07-23 10:52:41,860][pytensor.tensor.type][INFO] - numpy allclose failed for abs_err 14.156932402444001 and rel_err 1.0
[2026-07-23 10:52:41,860][pytensor.tensor.type][INFO] - numpy allclose failed for abs_err 14.156932402444001 and rel_err 1.0
[2026-07-23 10:52:41,870][pymc.sampling.forward][INFO] - Sampling: []
[2026-07-23 10:52:41,939][pytensor.tensor.type][INFO] - numpy allclose failed for abs_err 14.159063387675255 and rel_err 1.0
[2026-07-23 10:52:41,939][pytensor.tensor.type][INFO] - numpy allclose failed for abs_err 14.159063387675255 and rel_err 1.0
[2026-07-23 10:52:41,940][pytensor.tensor.type][INFO] - numpy allclose failed for abs_err 14.159063387675255 and rel_err 1.0
[2026-07-23 10:52:41,943][pymc.sampling.forward][INFO] - Sampling: []
[2026-07-23 10:52:42,010][pytensor.tensor.type][INFO] - numpy allclose failed for abs_err 15.816564369959801 and rel_err 1.0
[2026-07-23 10:52:42,010][pytensor.tensor.type][INFO] - numpy allclose failed for abs_err 15.816564369959801 and rel_err 1.0
[2026-07-23 10:52:42,010][pytensor.tensor.type][INFO] - numpy allclose failed for abs_err 15.816564369959801 and rel_err 1.0
[2026-07-23 10:52:42,025][pymc.sampling.forward][INFO] - Sampling: []
[2026-07-23 10:52:42,171][pytensor.tensor.type][INFO] - numpy allclose failed for abs_err 14.156932402444001 and rel_err 1.0
[2026-07-23 10:52:42,171][pytensor.tensor.type][INFO] - numpy allclose failed for abs_err 14.156932402444001 and rel_err 1.0
[2026-07-23 10:52:42,180][pytensor.tensor.type][INFO] - numpy allclose failed for abs_err 14.156932402444001 and rel_err 1.0
[2026-07-23 10:52:42,186][pymc.sampling.forward][INFO] - Sampling: []
[2026-07-23 10:52:42,254][pytensor.tensor.type][INFO] - numpy allclose failed for abs_err 14.156932402444001 and rel_err 1.0
[2026-07-23 10:52:42,254][pytensor.tensor.type][INFO] - numpy allclose failed for abs_err 14.156932402444001 and rel_err 1.0
[2026-07-23 10:52:42,255][pytensor.tensor.type][INFO] - numpy allclose failed for abs_err 14.156932402444001 and rel_err 1.0
[2026-07-23 10:52:42,259][pymc.sampling.forward][INFO] - Sampling: []
[2026-07-23 10:52:42,326][pytensor.tensor.type][INFO] - numpy allclose failed for abs_err 14.159063387675255 and rel_err 1.0
[2026-07-23 10:52:42,326][pytensor.tensor.type][INFO] - numpy allclose failed for abs_err 14.159063387675255 and rel_err 1.0
[2026-07-23 10:52:42,326][pytensor.tensor.type][INFO] - numpy allclose failed for abs_err 14.159063387675255 and rel_err 1.0
[2026-07-23 10:52:42,342][pymc.sampling.forward][INFO] - Sampling: []
[2026-07-23 10:52:42,410][pytensor.tensor.type][INFO] - numpy allclose failed for abs_err 15.816564369959801 and rel_err 1.0
[2026-07-23 10:52:42,410][pytensor.tensor.type][INFO] - numpy allclose failed for abs_err 15.816564369959801 and rel_err 1.0
[2026-07-23 10:52:42,410][pytensor.tensor.type][INFO] - numpy allclose failed for abs_err 15.816564369959801 and rel_err 1.0
[2026-07-23 10:52:42,426][pymc.sampling.forward][INFO] - Sampling: []
[2026-07-23 10:52:42,574][pytensor.tensor.type][INFO] - numpy allclose failed for abs_err 14.156932402444001 and rel_err 1.0
[2026-07-23 10:52:42,574][pytensor.tensor.type][INFO] - numpy allclose failed for abs_err 14.156932402444001 and rel_err 1.0
[2026-07-23 10:52:42,574][pytensor.tensor.type][INFO] - numpy allclose failed for abs_err 14.156932402444001 and rel_err 1.0
[2026-07-23 10:52:42,596][pymc.sampling.forward][INFO] - Sampling: []
[2026-07-23 10:52:42,676][pytensor.tensor.type][INFO] - numpy allclose failed for abs_err 14.156932402444001 and rel_err 1.0
[2026-07-23 10:52:42,677][pytensor.tensor.type][INFO] - numpy allclose failed for abs_err 14.156932402444001 and rel_err 1.0
[2026-07-23 10:52:42,677][pytensor.tensor.type][INFO] - numpy allclose failed for abs_err 14.156932402444001 and rel_err 1.0
[2026-07-23 10:52:42,689][pymc.sampling.forward][INFO] - Sampling: []
[2026-07-23 10:52:42,753][pytensor.tensor.type][INFO] - numpy allclose failed for abs_err 14.159063387675255 and rel_err 1.0
[2026-07-23 10:52:42,753][pytensor.tensor.type][INFO] - numpy allclose failed for abs_err 14.159063387675255 and rel_err 1.0
[2026-07-23 10:52:42,753][pytensor.tensor.type][INFO] - numpy allclose failed for abs_err 14.159063387675255 and rel_err 1.0
[2026-07-23 10:52:42,759][pymc.sampling.forward][INFO] - Sampling: []
[2026-07-23 10:52:42,840][pytensor.tensor.type][INFO] - numpy allclose failed for abs_err 15.816564369959801 and rel_err 1.0
[2026-07-23 10:52:42,840][pytensor.tensor.type][INFO] - numpy allclose failed for abs_err 15.816564369959801 and rel_err 1.0
[2026-07-23 10:52:42,840][pytensor.tensor.type][INFO] - numpy allclose failed for abs_err 15.816564369959801 and rel_err 1.0
[2026-07-23 10:52:42,840][pymc.sampling.forward][INFO] - Sampling: []
[2026-07-23 10:52:43,010][pytensor.tensor.type][INFO] - numpy allclose failed for abs_err 14.156932402444001 and rel_err 1.0
[2026-07-23 10:52:43,010][pytensor.tensor.type][INFO] - numpy allclose failed for abs_err 14.156932402444001 and rel_err 1.0
[2026-07-23 10:52:43,012][pytensor.tensor.type][INFO] - numpy allclose failed for abs_err 14.156932402444001 and rel_err 1.0
[2026-07-23 10:52:43,026][pymc.sampling.forward][INFO] - Sampling: []
[2026-07-23 10:52:43,102][pytensor.tensor.type][INFO] - numpy allclose failed for abs_err 14.156932402444001 and rel_err 1.0
[2026-07-23 10:52:43,102][pytensor.tensor.type][INFO] - numpy allclose failed for abs_err 14.156932402444001 and rel_err 1.0
[2026-07-23 10:52:43,102][pytensor.tensor.type][INFO] - numpy allclose failed for abs_err 14.156932402444001 and rel_err 1.0
[2026-07-23 10:52:43,114][pymc.sampling.forward][INFO] - Sampling: []
[2026-07-23 10:52:43,180][pytensor.tensor.type][INFO] - numpy allclose failed for abs_err 14.159063387675255 and rel_err 1.0
[2026-07-23 10:52:43,181][pytensor.tensor.type][INFO] - numpy allclose failed for abs_err 14.159063387675255 and rel_err 1.0
[2026-07-23 10:52:43,181][pytensor.tensor.type][INFO] - numpy allclose failed for abs_err 14.159063387675255 and rel_err 1.0
[2026-07-23 10:52:43,194][pymc.sampling.forward][INFO] - Sampling: []
[2026-07-23 10:52:43,266][pytensor.tensor.type][INFO] - numpy allclose failed for abs_err 15.816564369959801 and rel_err 1.0
[2026-07-23 10:52:43,267][pytensor.tensor.type][INFO] - numpy allclose failed for abs_err 15.816564369959801 and rel_err 1.0
[2026-07-23 10:52:43,267][pytensor.tensor.type][INFO] - numpy allclose failed for abs_err 15.816564369959801 and rel_err 1.0
[2026-07-23 10:52:43,278][pymc.sampling.forward][INFO] - Sampling: []
[2026-07-23 10:52:43,427][pytensor.tensor.type][INFO] - numpy allclose failed for abs_err 14.156932402444001 and rel_err 1.0
[2026-07-23 10:52:43,427][pytensor.tensor.type][INFO] - numpy allclose failed for abs_err 14.156932402444001 and rel_err 1.0
[2026-07-23 10:52:43,428][pytensor.tensor.type][INFO] - numpy allclose failed for abs_err 14.156932402444001 and rel_err 1.0
[2026-07-23 10:52:43,428][pymc.sampling.forward][INFO] - Sampling: []
[2026-07-23 10:52:43,503][pytensor.tensor.type][INFO] - numpy allclose failed for abs_err 14.156932402444001 and rel_err 1.0
[2026-07-23 10:52:43,503][pytensor.tensor.type][INFO] - numpy allclose failed for abs_err 14.156932402444001 and rel_err 1.0
[2026-07-23 10:52:43,504][pytensor.tensor.type][INFO] - numpy allclose failed for abs_err 14.156932402444001 and rel_err 1.0
[2026-07-23 10:52:43,515][pymc.sampling.forward][INFO] - Sampling: []
[2026-07-23 10:52:43,593][pytensor.tensor.type][INFO] - numpy allclose failed for abs_err 14.159063387675255 and rel_err 1.0
[2026-07-23 10:52:43,593][pytensor.tensor.type][INFO] - numpy allclose failed for abs_err 14.159063387675255 and rel_err 1.0
[2026-07-23 10:52:43,593][pytensor.tensor.type][INFO] - numpy allclose failed for abs_err 14.159063387675255 and rel_err 1.0
[2026-07-23 10:52:43,605][pymc.sampling.forward][INFO] - Sampling: []
[2026-07-23 10:52:43,684][pytensor.tensor.type][INFO] - numpy allclose failed for abs_err 15.816564369959801 and rel_err 1.0
[2026-07-23 10:52:43,684][pytensor.tensor.type][INFO] - numpy allclose failed for abs_err 15.816564369959801 and rel_err 1.0
[2026-07-23 10:52:43,684][pytensor.tensor.type][INFO] - numpy allclose failed for abs_err 15.816564369959801 and rel_err 1.0
[2026-07-23 10:52:43,698][pymc.sampling.forward][INFO] - Sampling: []
[2026-07-23 10:52:43,860][pytensor.tensor.type][INFO] - numpy allclose failed for abs_err 14.156932402444001 and rel_err 1.0
[2026-07-23 10:52:43,860][pytensor.tensor.type][INFO] - numpy allclose failed for abs_err 14.156932402444001 and rel_err 1.0
[2026-07-23 10:52:43,861][pytensor.tensor.type][INFO] - numpy allclose failed for abs_err 14.156932402444001 and rel_err 1.0
[2026-07-23 10:52:43,876][pymc.sampling.forward][INFO] - Sampling: []
[2026-07-23 10:52:43,959][pytensor.tensor.type][INFO] - numpy allclose failed for abs_err 14.156932402444001 and rel_err 1.0
[2026-07-23 10:52:43,960][pytensor.tensor.type][INFO] - numpy allclose failed for abs_err 14.156932402444001 and rel_err 1.0
[2026-07-23 10:52:43,960][pytensor.tensor.type][INFO] - numpy allclose failed for abs_err 14.156932402444001 and rel_err 1.0
[2026-07-23 10:52:43,975][pymc.sampling.forward][INFO] - Sampling: []
[2026-07-23 10:52:44,038][pytensor.tensor.type][INFO] - numpy allclose failed for abs_err 14.159063387675255 and rel_err 1.0
[2026-07-23 10:52:44,038][pytensor.tensor.type][INFO] - numpy allclose failed for abs_err 14.159063387675255 and rel_err 1.0
[2026-07-23 10:52:44,038][pytensor.tensor.type][INFO] - numpy allclose failed for abs_err 14.159063387675255 and rel_err 1.0
[2026-07-23 10:52:44,048][pymc.sampling.forward][INFO] - Sampling: []
[2026-07-23 10:52:44,110][pytensor.tensor.type][INFO] - numpy allclose failed for abs_err 15.816564369959801 and rel_err 1.0
[2026-07-23 10:52:44,111][pytensor.tensor.type][INFO] - numpy allclose failed for abs_err 15.816564369959801 and rel_err 1.0
[2026-07-23 10:52:44,111][pytensor.tensor.type][INFO] - numpy allclose failed for abs_err 15.816564369959801 and rel_err 1.0
[2026-07-23 10:52:44,122][pymc.sampling.forward][INFO] - Sampling: []
[2026-07-23 10:52:44,276][pytensor.tensor.type][INFO] - numpy allclose failed for abs_err 14.156932402444001 and rel_err 1.0
[2026-07-23 10:52:44,276][pytensor.tensor.type][INFO] - numpy allclose failed for abs_err 14.156932402444001 and rel_err 1.0
[2026-07-23 10:52:44,277][pytensor.tensor.type][INFO] - numpy allclose failed for abs_err 14.156932402444001 and rel_err 1.0
[2026-07-23 10:52:44,293][pymc.sampling.forward][INFO] - Sampling: []
[2026-07-23 10:52:44,372][pytensor.tensor.type][INFO] - numpy allclose failed for abs_err 14.156932402444001 and rel_err 1.0
[2026-07-23 10:52:44,372][pytensor.tensor.type][INFO] - numpy allclose failed for abs_err 14.156932402444001 and rel_err 1.0
[2026-07-23 10:52:44,372][pytensor.tensor.type][INFO] - numpy allclose failed for abs_err 14.156932402444001 and rel_err 1.0
[2026-07-23 10:52:44,384][pymc.sampling.forward][INFO] - Sampling: []
[2026-07-23 10:52:44,450][pytensor.tensor.type][INFO] - numpy allclose failed for abs_err 14.159063387675255 and rel_err 1.0
[2026-07-23 10:52:44,450][pytensor.tensor.type][INFO] - numpy allclose failed for abs_err 14.159063387675255 and rel_err 1.0
[2026-07-23 10:52:44,452][pytensor.tensor.type][INFO] - numpy allclose failed for abs_err 14.159063387675255 and rel_err 1.0
[2026-07-23 10:52:44,460][pymc.sampling.forward][INFO] - Sampling: []
[2026-07-23 10:52:44,526][pytensor.tensor.type][INFO] - numpy allclose failed for abs_err 15.816564369959801 and rel_err 1.0
[2026-07-23 10:52:44,526][pytensor.tensor.type][INFO] - numpy allclose failed for abs_err 15.816564369959801 and rel_err 1.0
[2026-07-23 10:52:44,526][pytensor.tensor.type][INFO] - numpy allclose failed for abs_err 15.816564369959801 and rel_err 1.0
[2026-07-23 10:52:44,528][pymc.sampling.forward][INFO] - Sampling: []
[2026-07-23 10:52:44,675][pytensor.tensor.type][INFO] - numpy allclose failed for abs_err 14.156932402444001 and rel_err 1.0
[2026-07-23 10:52:44,675][pytensor.tensor.type][INFO] - numpy allclose failed for abs_err 14.156932402444001 and rel_err 1.0
[2026-07-23 10:52:44,675][pytensor.tensor.type][INFO] - numpy allclose failed for abs_err 14.156932402444001 and rel_err 1.0
[2026-07-23 10:52:44,701][pymc.sampling.forward][INFO] - Sampling: []
[2026-07-23 10:52:44,769][pytensor.tensor.type][INFO] - numpy allclose failed for abs_err 14.156932402444001 and rel_err 1.0
[2026-07-23 10:52:44,770][pytensor.tensor.type][INFO] - numpy allclose failed for abs_err 14.156932402444001 and rel_err 1.0
[2026-07-23 10:52:44,770][pytensor.tensor.type][INFO] - numpy allclose failed for abs_err 14.156932402444001 and rel_err 1.0
[2026-07-23 10:52:44,783][pymc.sampling.forward][INFO] - Sampling: []
[2026-07-23 10:52:44,851][pytensor.tensor.type][INFO] - numpy allclose failed for abs_err 14.159063387675255 and rel_err 1.0
[2026-07-23 10:52:44,851][pytensor.tensor.type][INFO] - numpy allclose failed for abs_err 14.159063387675255 and rel_err 1.0
[2026-07-23 10:52:44,851][pytensor.tensor.type][INFO] - numpy allclose failed for abs_err 14.159063387675255 and rel_err 1.0
[2026-07-23 10:52:44,864][pymc.sampling.forward][INFO] - Sampling: []
[2026-07-23 10:52:44,935][pytensor.tensor.type][INFO] - numpy allclose failed for abs_err 15.816564369959801 and rel_err 1.0
[2026-07-23 10:52:44,935][pytensor.tensor.type][INFO] - numpy allclose failed for abs_err 15.816564369959801 and rel_err 1.0
[2026-07-23 10:52:44,935][pytensor.tensor.type][INFO] - numpy allclose failed for abs_err 15.816564369959801 and rel_err 1.0
[2026-07-23 10:52:44,948][pymc.sampling.forward][INFO] - Sampling: []
[2026-07-23 10:52:45,118][pymc.sampling.forward][INFO] - Sampling: []
[2026-07-23 10:52:45,192][pymc.sampling.forward][INFO] - Sampling: []
[2026-07-23 10:52:45,267][pymc.sampling.forward][INFO] - Sampling: []
[2026-07-23 10:52:45,346][pymc.sampling.forward][INFO] - Sampling: []
[2026-07-23 10:52:45,559][pymc.sampling.mcmc][INFO] - Initializing NUTS using jitter+adapt_diag...
[2026-07-23 10:52:45,882][pymc.sampling.mcmc][INFO] - Multiprocess sampling (4 chains in 4 jobs)
[2026-07-23 10:52:45,882][pymc.sampling.mcmc][INFO] - NUTS: [alpha, beta]
[2026-07-23 10:53:40,926][pymc.sampling.mcmc][INFO] - Sampling 4 chains for 1_000 tune and 1_000 draw iterations (4_000 + 4_000 draws total) took 55 seconds.
[2026-07-23 10:53:41,041][pymc.sampling.mcmc][INFO] - Initializing NUTS using jitter+adapt_diag...
[2026-07-23 10:53:41,346][pymc.sampling.mcmc][INFO] - Multiprocess sampling (4 chains in 4 jobs)
[2026-07-23 10:53:41,346][pymc.sampling.mcmc][INFO] - NUTS: [alpha, beta]
[2026-07-23 10:54:36,209][pymc.sampling.mcmc][INFO] - Sampling 4 chains for 1_000 tune and 1_000 draw iterations (4_000 + 4_000 draws total) took 55 seconds.
[2026-07-23 10:54:36,340][pymc.sampling.mcmc][INFO] - Initializing NUTS using jitter+adapt_diag...
[2026-07-23 10:54:36,647][pymc.sampling.mcmc][INFO] - Multiprocess sampling (4 chains in 4 jobs)
[2026-07-23 10:54:36,647][pymc.sampling.mcmc][INFO] - NUTS: [alpha, beta]
[2026-07-23 10:55:31,313][pymc.sampling.mcmc][INFO] - Sampling 4 chains for 1_000 tune and 1_000 draw iterations (4_000 + 4_000 draws total) took 55 seconds.
[2026-07-23 10:55:31,359][pytensor.tensor.type][INFO] - numpy allclose failed for abs_err 14.070211339783784 and rel_err 1.0
[2026-07-23 10:55:31,359][pytensor.tensor.type][INFO] - numpy allclose failed for abs_err 14.070211339783784 and rel_err 1.0
[2026-07-23 10:55:31,359][pytensor.tensor.type][INFO] - numpy allclose failed for abs_err 14.070211339783784 and rel_err 1.0
[2026-07-23 10:55:31,380][pymc.sampling.forward][INFO] - Sampling: []
[2026-07-23 10:55:31,446][pytensor.tensor.type][INFO] - numpy allclose failed for abs_err 26.924681950402373 and rel_err 1.0
[2026-07-23 10:55:31,446][pytensor.tensor.type][INFO] - numpy allclose failed for abs_err 26.924681950402373 and rel_err 1.0
[2026-07-23 10:55:31,447][pytensor.tensor.type][INFO] - numpy allclose failed for abs_err 26.924681950402373 and rel_err 1.0
[2026-07-23 10:55:31,454][pymc.sampling.forward][INFO] - Sampling: []
[2026-07-23 10:55:31,519][pytensor.tensor.type][INFO] - numpy allclose failed for abs_err 13.916080821318596 and rel_err 1.0
[2026-07-23 10:55:31,519][pytensor.tensor.type][INFO] - numpy allclose failed for abs_err 13.916080821318596 and rel_err 1.0
[2026-07-23 10:55:31,520][pytensor.tensor.type][INFO] - numpy allclose failed for abs_err 13.916080821318596 and rel_err 1.0
[2026-07-23 10:55:31,531][pymc.sampling.forward][INFO] - Sampling: []
[2026-07-23 10:55:31,588][pytensor.tensor.type][INFO] - numpy allclose failed for abs_err 14.619647789759606 and rel_err 1.0
[2026-07-23 10:55:31,590][pytensor.tensor.type][INFO] - numpy allclose failed for abs_err 14.619647789759606 and rel_err 1.0
[2026-07-23 10:55:31,590][pytensor.tensor.type][INFO] - numpy allclose failed for abs_err 14.619647789759606 and rel_err 1.0
[2026-07-23 10:55:31,598][pymc.sampling.forward][INFO] - Sampling: []
[2026-07-23 10:55:31,737][pytensor.tensor.type][INFO] - numpy allclose failed for abs_err 14.117711234850853 and rel_err 1.0
[2026-07-23 10:55:31,738][pytensor.tensor.type][INFO] - numpy allclose failed for abs_err 14.117711234850853 and rel_err 1.0
[2026-07-23 10:55:31,739][pytensor.tensor.type][INFO] - numpy allclose failed for abs_err 14.117711234850853 and rel_err 1.0
[2026-07-23 10:55:31,749][pymc.sampling.forward][INFO] - Sampling: []
[2026-07-23 10:55:31,827][pytensor.tensor.type][INFO] - numpy allclose failed for abs_err 14.070211339783784 and rel_err 1.0
[2026-07-23 10:55:31,827][pytensor.tensor.type][INFO] - numpy allclose failed for abs_err 14.070211339783784 and rel_err 1.0
[2026-07-23 10:55:31,828][pytensor.tensor.type][INFO] - numpy allclose failed for abs_err 14.070211339783784 and rel_err 1.0
[2026-07-23 10:55:31,839][pymc.sampling.forward][INFO] - Sampling: []
[2026-07-23 10:55:31,892][pytensor.tensor.type][INFO] - numpy allclose failed for abs_err 12.556254195020479 and rel_err 1.0
[2026-07-23 10:55:31,892][pytensor.tensor.type][INFO] - numpy allclose failed for abs_err 12.556254195020479 and rel_err 1.0
[2026-07-23 10:55:31,892][pytensor.tensor.type][INFO] - numpy allclose failed for abs_err 12.556254195020479 and rel_err 1.0
[2026-07-23 10:55:31,908][pymc.sampling.forward][INFO] - Sampling: []
[2026-07-23 10:55:31,975][pytensor.tensor.type][INFO] - numpy allclose failed for abs_err 16.053487587733237 and rel_err 1.0
[2026-07-23 10:55:31,976][pytensor.tensor.type][INFO] - numpy allclose failed for abs_err 16.053487587733237 and rel_err 1.0
[2026-07-23 10:55:31,976][pytensor.tensor.type][INFO] - numpy allclose failed for abs_err 16.053487587733237 and rel_err 1.0
[2026-07-23 10:55:31,987][pymc.sampling.forward][INFO] - Sampling: []
[2026-07-23 10:55:32,133][pytensor.tensor.type][INFO] - numpy allclose failed for abs_err 14.117711234850853 and rel_err 1.0
[2026-07-23 10:55:32,135][pytensor.tensor.type][INFO] - numpy allclose failed for abs_err 14.117711234850853 and rel_err 1.0
[2026-07-23 10:55:32,135][pytensor.tensor.type][INFO] - numpy allclose failed for abs_err 14.117711234850853 and rel_err 1.0
[2026-07-23 10:55:32,146][pymc.sampling.forward][INFO] - Sampling: []
[2026-07-23 10:55:32,216][pytensor.tensor.type][INFO] - numpy allclose failed for abs_err 14.117711234850853 and rel_err 1.0
[2026-07-23 10:55:32,216][pytensor.tensor.type][INFO] - numpy allclose failed for abs_err 14.117711234850853 and rel_err 1.0
[2026-07-23 10:55:32,216][pytensor.tensor.type][INFO] - numpy allclose failed for abs_err 14.117711234850853 and rel_err 1.0
[2026-07-23 10:55:32,227][pymc.sampling.forward][INFO] - Sampling: []
[2026-07-23 10:55:32,287][pytensor.tensor.type][INFO] - numpy allclose failed for abs_err 12.48770611171512 and rel_err 1.0
[2026-07-23 10:55:32,287][pytensor.tensor.type][INFO] - numpy allclose failed for abs_err 12.48770611171512 and rel_err 1.0
[2026-07-23 10:55:32,287][pytensor.tensor.type][INFO] - numpy allclose failed for abs_err 12.48770611171512 and rel_err 1.0
[2026-07-23 10:55:32,300][pymc.sampling.forward][INFO] - Sampling: []
[2026-07-23 10:55:32,362][pytensor.tensor.type][INFO] - numpy allclose failed for abs_err 14.523446489167329 and rel_err 1.0
[2026-07-23 10:55:32,363][pytensor.tensor.type][INFO] - numpy allclose failed for abs_err 14.523446489167329 and rel_err 1.0
[2026-07-23 10:55:32,363][pytensor.tensor.type][INFO] - numpy allclose failed for abs_err 14.523446489167329 and rel_err 1.0
[2026-07-23 10:55:32,375][pymc.sampling.forward][INFO] - Sampling: []
[2026-07-23 10:55:32,534][pytensor.tensor.type][INFO] - numpy allclose failed for abs_err 13.867697943015068 and rel_err 1.0
[2026-07-23 10:55:32,534][pytensor.tensor.type][INFO] - numpy allclose failed for abs_err 13.867697943015068 and rel_err 1.0
[2026-07-23 10:55:32,534][pytensor.tensor.type][INFO] - numpy allclose failed for abs_err 13.867697943015068 and rel_err 1.0
[2026-07-23 10:55:32,552][pymc.sampling.forward][INFO] - Sampling: []
[2026-07-23 10:55:32,626][pytensor.tensor.type][INFO] - numpy allclose failed for abs_err 13.856383670134514 and rel_err 1.0
[2026-07-23 10:55:32,627][pytensor.tensor.type][INFO] - numpy allclose failed for abs_err 13.856383670134514 and rel_err 1.0
[2026-07-23 10:55:32,627][pytensor.tensor.type][INFO] - numpy allclose failed for abs_err 13.856383670134514 and rel_err 1.0
[2026-07-23 10:55:32,642][pymc.sampling.forward][INFO] - Sampling: []
[2026-07-23 10:55:32,704][pytensor.tensor.type][INFO] - numpy allclose failed for abs_err 12.598881052778047 and rel_err 1.0
[2026-07-23 10:55:32,704][pytensor.tensor.type][INFO] - numpy allclose failed for abs_err 12.598881052778047 and rel_err 1.0
[2026-07-23 10:55:32,707][pytensor.tensor.type][INFO] - numpy allclose failed for abs_err 12.598881052778047 and rel_err 1.0
[2026-07-23 10:55:32,716][pymc.sampling.forward][INFO] - Sampling: []
[2026-07-23 10:55:32,775][pytensor.tensor.type][INFO] - numpy allclose failed for abs_err 16.053487587733237 and rel_err 1.0
[2026-07-23 10:55:32,775][pytensor.tensor.type][INFO] - numpy allclose failed for abs_err 16.053487587733237 and rel_err 1.0
[2026-07-23 10:55:32,775][pytensor.tensor.type][INFO] - numpy allclose failed for abs_err 16.053487587733237 and rel_err 1.0
[2026-07-23 10:55:32,794][pymc.sampling.forward][INFO] - Sampling: []
[2026-07-23 10:55:32,946][pytensor.tensor.type][INFO] - numpy allclose failed for abs_err 14.117711234850853 and rel_err 1.0
[2026-07-23 10:55:32,947][pytensor.tensor.type][INFO] - numpy allclose failed for abs_err 14.117711234850853 and rel_err 1.0
[2026-07-23 10:55:32,947][pytensor.tensor.type][INFO] - numpy allclose failed for abs_err 14.117711234850853 and rel_err 1.0
[2026-07-23 10:55:32,962][pymc.sampling.forward][INFO] - Sampling: []
[2026-07-23 10:55:33,036][pytensor.tensor.type][INFO] - numpy allclose failed for abs_err 13.845743287396546 and rel_err 1.0
[2026-07-23 10:55:33,037][pytensor.tensor.type][INFO] - numpy allclose failed for abs_err 13.845743287396546 and rel_err 1.0
[2026-07-23 10:55:33,037][pytensor.tensor.type][INFO] - numpy allclose failed for abs_err 13.845743287396546 and rel_err 1.0
[2026-07-23 10:55:33,049][pymc.sampling.forward][INFO] - Sampling: []
[2026-07-23 10:55:33,114][pytensor.tensor.type][INFO] - numpy allclose failed for abs_err 13.916080821318596 and rel_err 1.0
[2026-07-23 10:55:33,114][pytensor.tensor.type][INFO] - numpy allclose failed for abs_err 13.916080821318596 and rel_err 1.0
[2026-07-23 10:55:33,115][pytensor.tensor.type][INFO] - numpy allclose failed for abs_err 13.916080821318596 and rel_err 1.0
[2026-07-23 10:55:33,127][pymc.sampling.forward][INFO] - Sampling: []
[2026-07-23 10:55:33,195][pytensor.tensor.type][INFO] - numpy allclose failed for abs_err 16.053487587733237 and rel_err 1.0
[2026-07-23 10:55:33,195][pytensor.tensor.type][INFO] - numpy allclose failed for abs_err 16.053487587733237 and rel_err 1.0
[2026-07-23 10:55:33,196][pytensor.tensor.type][INFO] - numpy allclose failed for abs_err 16.053487587733237 and rel_err 1.0
[2026-07-23 10:55:33,208][pymc.sampling.forward][INFO] - Sampling: []
[2026-07-23 10:55:33,371][pytensor.tensor.type][INFO] - numpy allclose failed for abs_err 13.841672588181611 and rel_err 1.0
[2026-07-23 10:55:33,371][pytensor.tensor.type][INFO] - numpy allclose failed for abs_err 13.841672588181611 and rel_err 1.0
[2026-07-23 10:55:33,371][pytensor.tensor.type][INFO] - numpy allclose failed for abs_err 13.841672588181611 and rel_err 1.0
[2026-07-23 10:55:33,392][pymc.sampling.forward][INFO] - Sampling: []
[2026-07-23 10:55:33,474][pytensor.tensor.type][INFO] - numpy allclose failed for abs_err 13.863258708310243 and rel_err 1.0
[2026-07-23 10:55:33,474][pytensor.tensor.type][INFO] - numpy allclose failed for abs_err 13.863258708310243 and rel_err 1.0
[2026-07-23 10:55:33,475][pytensor.tensor.type][INFO] - numpy allclose failed for abs_err 13.863258708310243 and rel_err 1.0
[2026-07-23 10:55:33,485][pymc.sampling.forward][INFO] - Sampling: []
[2026-07-23 10:55:33,547][pytensor.tensor.type][INFO] - numpy allclose failed for abs_err 12.44623927955417 and rel_err 1.0
[2026-07-23 10:55:33,547][pytensor.tensor.type][INFO] - numpy allclose failed for abs_err 12.44623927955417 and rel_err 1.0
[2026-07-23 10:55:33,547][pytensor.tensor.type][INFO] - numpy allclose failed for abs_err 12.44623927955417 and rel_err 1.0
[2026-07-23 10:55:33,567][pymc.sampling.forward][INFO] - Sampling: []
[2026-07-23 10:55:33,638][pytensor.tensor.type][INFO] - numpy allclose failed for abs_err 16.053487587733237 and rel_err 1.0
[2026-07-23 10:55:33,638][pytensor.tensor.type][INFO] - numpy allclose failed for abs_err 16.053487587733237 and rel_err 1.0
[2026-07-23 10:55:33,639][pytensor.tensor.type][INFO] - numpy allclose failed for abs_err 16.053487587733237 and rel_err 1.0
[2026-07-23 10:55:33,651][pymc.sampling.forward][INFO] - Sampling: []
[2026-07-23 10:55:33,817][pytensor.tensor.type][INFO] - numpy allclose failed for abs_err 13.863258708310243 and rel_err 1.0
[2026-07-23 10:55:33,817][pytensor.tensor.type][INFO] - numpy allclose failed for abs_err 13.863258708310243 and rel_err 1.0
[2026-07-23 10:55:33,817][pytensor.tensor.type][INFO] - numpy allclose failed for abs_err 13.863258708310243 and rel_err 1.0
[2026-07-23 10:55:33,834][pymc.sampling.forward][INFO] - Sampling: []
[2026-07-23 10:55:33,911][pytensor.tensor.type][INFO] - numpy allclose failed for abs_err 14.117711234850853 and rel_err 1.0
[2026-07-23 10:55:33,911][pytensor.tensor.type][INFO] - numpy allclose failed for abs_err 14.117711234850853 and rel_err 1.0
[2026-07-23 10:55:33,911][pytensor.tensor.type][INFO] - numpy allclose failed for abs_err 14.117711234850853 and rel_err 1.0
[2026-07-23 10:55:33,925][pymc.sampling.forward][INFO] - Sampling: []
[2026-07-23 10:55:33,989][pytensor.tensor.type][INFO] - numpy allclose failed for abs_err 12.556254195020479 and rel_err 1.0
[2026-07-23 10:55:33,990][pytensor.tensor.type][INFO] - numpy allclose failed for abs_err 12.556254195020479 and rel_err 1.0
[2026-07-23 10:55:33,990][pytensor.tensor.type][INFO] - numpy allclose failed for abs_err 12.556254195020479 and rel_err 1.0
[2026-07-23 10:55:34,003][pymc.sampling.forward][INFO] - Sampling: []
[2026-07-23 10:55:34,075][pytensor.tensor.type][INFO] - numpy allclose failed for abs_err 14.523446489167329 and rel_err 1.0
[2026-07-23 10:55:34,075][pytensor.tensor.type][INFO] - numpy allclose failed for abs_err 14.523446489167329 and rel_err 1.0
[2026-07-23 10:55:34,075][pytensor.tensor.type][INFO] - numpy allclose failed for abs_err 14.523446489167329 and rel_err 1.0
[2026-07-23 10:55:34,094][pymc.sampling.forward][INFO] - Sampling: []
[2026-07-23 10:55:34,243][pytensor.tensor.type][INFO] - numpy allclose failed for abs_err 13.85220401362893 and rel_err 1.0
[2026-07-23 10:55:34,243][pytensor.tensor.type][INFO] - numpy allclose failed for abs_err 13.85220401362893 and rel_err 1.0
[2026-07-23 10:55:34,245][pytensor.tensor.type][INFO] - numpy allclose failed for abs_err 13.85220401362893 and rel_err 1.0
[2026-07-23 10:55:34,259][pymc.sampling.forward][INFO] - Sampling: []
[2026-07-23 10:55:34,325][pytensor.tensor.type][INFO] - numpy allclose failed for abs_err 14.070211339783784 and rel_err 1.0
[2026-07-23 10:55:34,326][pytensor.tensor.type][INFO] - numpy allclose failed for abs_err 14.070211339783784 and rel_err 1.0
[2026-07-23 10:55:34,326][pytensor.tensor.type][INFO] - numpy allclose failed for abs_err 14.070211339783784 and rel_err 1.0
[2026-07-23 10:55:34,338][pymc.sampling.forward][INFO] - Sampling: []
[2026-07-23 10:55:34,405][pytensor.tensor.type][INFO] - numpy allclose failed for abs_err 13.916080821318596 and rel_err 1.0
[2026-07-23 10:55:34,405][pytensor.tensor.type][INFO] - numpy allclose failed for abs_err 13.916080821318596 and rel_err 1.0
[2026-07-23 10:55:34,406][pytensor.tensor.type][INFO] - numpy allclose failed for abs_err 13.916080821318596 and rel_err 1.0
[2026-07-23 10:55:34,408][pymc.sampling.forward][INFO] - Sampling: []
[2026-07-23 10:55:34,475][pytensor.tensor.type][INFO] - numpy allclose failed for abs_err 16.053487587733237 and rel_err 1.0
[2026-07-23 10:55:34,475][pytensor.tensor.type][INFO] - numpy allclose failed for abs_err 16.053487587733237 and rel_err 1.0
[2026-07-23 10:55:34,475][pytensor.tensor.type][INFO] - numpy allclose failed for abs_err 16.053487587733237 and rel_err 1.0
[2026-07-23 10:55:34,492][pymc.sampling.forward][INFO] - Sampling: []
[2026-07-23 10:55:34,639][pytensor.tensor.type][INFO] - numpy allclose failed for abs_err 14.070211339783784 and rel_err 1.0
[2026-07-23 10:55:34,639][pytensor.tensor.type][INFO] - numpy allclose failed for abs_err 14.070211339783784 and rel_err 1.0
[2026-07-23 10:55:34,648][pytensor.tensor.type][INFO] - numpy allclose failed for abs_err 14.070211339783784 and rel_err 1.0
[2026-07-23 10:55:34,663][pymc.sampling.forward][INFO] - Sampling: []
[2026-07-23 10:55:34,736][pytensor.tensor.type][INFO] - numpy allclose failed for abs_err 14.070211339783784 and rel_err 1.0
[2026-07-23 10:55:34,737][pytensor.tensor.type][INFO] - numpy allclose failed for abs_err 14.070211339783784 and rel_err 1.0
[2026-07-23 10:55:34,737][pytensor.tensor.type][INFO] - numpy allclose failed for abs_err 14.070211339783784 and rel_err 1.0
[2026-07-23 10:55:34,749][pymc.sampling.forward][INFO] - Sampling: []
[2026-07-23 10:55:34,821][pytensor.tensor.type][INFO] - numpy allclose failed for abs_err 12.598881052778047 and rel_err 1.0
[2026-07-23 10:55:34,821][pytensor.tensor.type][INFO] - numpy allclose failed for abs_err 12.598881052778047 and rel_err 1.0
[2026-07-23 10:55:34,822][pytensor.tensor.type][INFO] - numpy allclose failed for abs_err 12.598881052778047 and rel_err 1.0
[2026-07-23 10:55:34,825][pymc.sampling.forward][INFO] - Sampling: []
[2026-07-23 10:55:34,891][pytensor.tensor.type][INFO] - numpy allclose failed for abs_err 14.523446489167329 and rel_err 1.0
[2026-07-23 10:55:34,891][pytensor.tensor.type][INFO] - numpy allclose failed for abs_err 14.523446489167329 and rel_err 1.0
[2026-07-23 10:55:34,891][pytensor.tensor.type][INFO] - numpy allclose failed for abs_err 14.523446489167329 and rel_err 1.0
[2026-07-23 10:55:34,912][pymc.sampling.forward][INFO] - Sampling: []
[2026-07-23 10:55:35,068][pytensor.tensor.type][INFO] - numpy allclose failed for abs_err 13.845743287396546 and rel_err 1.0
[2026-07-23 10:55:35,069][pytensor.tensor.type][INFO] - numpy allclose failed for abs_err 13.845743287396546 and rel_err 1.0
[2026-07-23 10:55:35,069][pytensor.tensor.type][INFO] - numpy allclose failed for abs_err 13.845743287396546 and rel_err 1.0
[2026-07-23 10:55:35,079][pymc.sampling.forward][INFO] - Sampling: []
[2026-07-23 10:55:35,149][pytensor.tensor.type][INFO] - numpy allclose failed for abs_err 13.841672588181611 and rel_err 1.0
[2026-07-23 10:55:35,150][pytensor.tensor.type][INFO] - numpy allclose failed for abs_err 13.841672588181611 and rel_err 1.0
[2026-07-23 10:55:35,150][pytensor.tensor.type][INFO] - numpy allclose failed for abs_err 13.841672588181611 and rel_err 1.0
[2026-07-23 10:55:35,162][pymc.sampling.forward][INFO] - Sampling: []
[2026-07-23 10:55:35,237][pytensor.tensor.type][INFO] - numpy allclose failed for abs_err 12.48459856395511 and rel_err 1.0
[2026-07-23 10:55:35,237][pytensor.tensor.type][INFO] - numpy allclose failed for abs_err 12.48459856395511 and rel_err 1.0
[2026-07-23 10:55:35,238][pytensor.tensor.type][INFO] - numpy allclose failed for abs_err 12.48459856395511 and rel_err 1.0
[2026-07-23 10:55:35,250][pymc.sampling.forward][INFO] - Sampling: []
[2026-07-23 10:55:35,313][pytensor.tensor.type][INFO] - numpy allclose failed for abs_err 16.053487587733237 and rel_err 1.0
[2026-07-23 10:55:35,313][pytensor.tensor.type][INFO] - numpy allclose failed for abs_err 16.053487587733237 and rel_err 1.0
[2026-07-23 10:55:35,313][pytensor.tensor.type][INFO] - numpy allclose failed for abs_err 16.053487587733237 and rel_err 1.0
[2026-07-23 10:55:35,324][pymc.sampling.forward][INFO] - Sampling: []
[2026-07-23 10:55:35,488][pymc.sampling.forward][INFO] - Sampling: []
[2026-07-23 10:55:35,566][pymc.sampling.forward][INFO] - Sampling: []
[2026-07-23 10:55:35,643][pymc.sampling.forward][INFO] - Sampling: []
[2026-07-23 10:55:35,722][pymc.sampling.forward][INFO] - Sampling: []
[2026-07-23 10:55:35,958][pymc.sampling.mcmc][INFO] - Initializing NUTS using jitter+adapt_diag...
[2026-07-23 10:55:36,602][pymc.sampling.mcmc][INFO] - Multiprocess sampling (4 chains in 4 jobs)
[2026-07-23 10:55:36,602][pymc.sampling.mcmc][INFO] - NUTS: [alpha, beta]
[2026-07-23 10:56:31,858][pymc.sampling.mcmc][INFO] - Sampling 4 chains for 1_000 tune and 1_000 draw iterations (4_000 + 4_000 draws total) took 55 seconds.
[2026-07-23 10:56:31,991][pymc.sampling.mcmc][INFO] - Initializing NUTS using jitter+adapt_diag...
[2026-07-23 10:56:32,311][pymc.sampling.mcmc][INFO] - Multiprocess sampling (4 chains in 4 jobs)
[2026-07-23 10:56:32,312][pymc.sampling.mcmc][INFO] - NUTS: [alpha, beta]
[2026-07-23 10:57:27,429][pymc.sampling.mcmc][INFO] - Sampling 4 chains for 1_000 tune and 1_000 draw iterations (4_000 + 4_000 draws total) took 55 seconds.
[2026-07-23 10:57:27,543][pymc.sampling.mcmc][INFO] - Initializing NUTS using jitter+adapt_diag...
[2026-07-23 10:57:27,862][pymc.sampling.mcmc][INFO] - Multiprocess sampling (4 chains in 4 jobs)
[2026-07-23 10:57:27,862][pymc.sampling.mcmc][INFO] - NUTS: [alpha, beta]
[2026-07-23 10:58:22,529][pymc.sampling.mcmc][INFO] - Sampling 4 chains for 1_000 tune and 1_000 draw iterations (4_000 + 4_000 draws total) took 55 seconds.
[2026-07-23 10:58:22,571][pytensor.tensor.type][INFO] - numpy allclose failed for abs_err 6.660951455181351 and rel_err 1.0
[2026-07-23 10:58:22,571][pytensor.tensor.type][INFO] - numpy allclose failed for abs_err 6.660951455181351 and rel_err 1.0
[2026-07-23 10:58:22,571][pytensor.tensor.type][INFO] - numpy allclose failed for abs_err 6.660951455181351 and rel_err 1.0
[2026-07-23 10:58:22,580][pymc.sampling.forward][INFO] - Sampling: []
[2026-07-23 10:58:22,648][pytensor.tensor.type][INFO] - numpy allclose failed for abs_err 6.660951455181351 and rel_err 1.0
[2026-07-23 10:58:22,648][pytensor.tensor.type][INFO] - numpy allclose failed for abs_err 6.660951455181351 and rel_err 1.0
[2026-07-23 10:58:22,649][pytensor.tensor.type][INFO] - numpy allclose failed for abs_err 6.660951455181351 and rel_err 1.0
[2026-07-23 10:58:22,659][pymc.sampling.forward][INFO] - Sampling: []
[2026-07-23 10:58:22,727][pytensor.tensor.type][INFO] - numpy allclose failed for abs_err 4.912864902468513 and rel_err 1.0
[2026-07-23 10:58:22,727][pytensor.tensor.type][INFO] - numpy allclose failed for abs_err 4.912864902468513 and rel_err 1.0
[2026-07-23 10:58:22,727][pytensor.tensor.type][INFO] - numpy allclose failed for abs_err 4.912864902468513 and rel_err 1.0
[2026-07-23 10:58:22,739][pymc.sampling.forward][INFO] - Sampling: []
[2026-07-23 10:58:22,803][pytensor.tensor.type][INFO] - numpy allclose failed for abs_err 7.73201752124458 and rel_err 1.0
[2026-07-23 10:58:22,803][pytensor.tensor.type][INFO] - numpy allclose failed for abs_err 7.73201752124458 and rel_err 1.0
[2026-07-23 10:58:22,804][pytensor.tensor.type][INFO] - numpy allclose failed for abs_err 7.73201752124458 and rel_err 1.0
[2026-07-23 10:58:22,815][pymc.sampling.forward][INFO] - Sampling: []
[2026-07-23 10:58:22,961][pytensor.tensor.type][INFO] - numpy allclose failed for abs_err 6.608807968754464 and rel_err 1.0
[2026-07-23 10:58:22,961][pytensor.tensor.type][INFO] - numpy allclose failed for abs_err 6.608807968754464 and rel_err 1.0
[2026-07-23 10:58:22,961][pytensor.tensor.type][INFO] - numpy allclose failed for abs_err 6.608807968754464 and rel_err 1.0
[2026-07-23 10:58:22,973][pymc.sampling.forward][INFO] - Sampling: []
[2026-07-23 10:58:23,053][pytensor.tensor.type][INFO] - numpy allclose failed for abs_err 6.608807968754464 and rel_err 1.0
[2026-07-23 10:58:23,054][pytensor.tensor.type][INFO] - numpy allclose failed for abs_err 6.608807968754464 and rel_err 1.0
[2026-07-23 10:58:23,054][pytensor.tensor.type][INFO] - numpy allclose failed for abs_err 6.608807968754464 and rel_err 1.0
[2026-07-23 10:58:23,065][pymc.sampling.forward][INFO] - Sampling: []
[2026-07-23 10:58:23,123][pytensor.tensor.type][INFO] - numpy allclose failed for abs_err 6.050283511386921 and rel_err 1.0
[2026-07-23 10:58:23,124][pytensor.tensor.type][INFO] - numpy allclose failed for abs_err 6.050283511386921 and rel_err 1.0
[2026-07-23 10:58:23,124][pytensor.tensor.type][INFO] - numpy allclose failed for abs_err 6.050283511386921 and rel_err 1.0
[2026-07-23 10:58:23,136][pymc.sampling.forward][INFO] - Sampling: []
[2026-07-23 10:58:23,202][pytensor.tensor.type][INFO] - numpy allclose failed for abs_err 9.040983442646557 and rel_err 1.0
[2026-07-23 10:58:23,202][pytensor.tensor.type][INFO] - numpy allclose failed for abs_err 9.040983442646557 and rel_err 1.0
[2026-07-23 10:58:23,203][pytensor.tensor.type][INFO] - numpy allclose failed for abs_err 9.040983442646557 and rel_err 1.0
[2026-07-23 10:58:23,207][pymc.sampling.forward][INFO] - Sampling: []
[2026-07-23 10:58:23,357][pytensor.tensor.type][INFO] - numpy allclose failed for abs_err 6.649119635170212 and rel_err 1.0
[2026-07-23 10:58:23,357][pytensor.tensor.type][INFO] - numpy allclose failed for abs_err 6.649119635170212 and rel_err 1.0
[2026-07-23 10:58:23,357][pytensor.tensor.type][INFO] - numpy allclose failed for abs_err 6.649119635170212 and rel_err 1.0
[2026-07-23 10:58:23,373][pymc.sampling.forward][INFO] - Sampling: []
[2026-07-23 10:58:23,443][pytensor.tensor.type][INFO] - numpy allclose failed for abs_err 6.649119635170212 and rel_err 1.0
[2026-07-23 10:58:23,443][pytensor.tensor.type][INFO] - numpy allclose failed for abs_err 6.649119635170212 and rel_err 1.0
[2026-07-23 10:58:23,444][pytensor.tensor.type][INFO] - numpy allclose failed for abs_err 6.649119635170212 and rel_err 1.0
[2026-07-23 10:58:23,457][pymc.sampling.forward][INFO] - Sampling: []
[2026-07-23 10:58:23,527][pytensor.tensor.type][INFO] - numpy allclose failed for abs_err 7.5064628341038 and rel_err 1.0
[2026-07-23 10:58:23,527][pytensor.tensor.type][INFO] - numpy allclose failed for abs_err 7.5064628341038 and rel_err 1.0
[2026-07-23 10:58:23,527][pytensor.tensor.type][INFO] - numpy allclose failed for abs_err 7.5064628341038 and rel_err 1.0
[2026-07-23 10:58:23,538][pymc.sampling.forward][INFO] - Sampling: []
[2026-07-23 10:58:23,616][pytensor.tensor.type][INFO] - numpy allclose failed for abs_err 7.222378476354074 and rel_err 1.0
[2026-07-23 10:58:23,616][pytensor.tensor.type][INFO] - numpy allclose failed for abs_err 7.222378476354074 and rel_err 1.0
[2026-07-23 10:58:23,616][pytensor.tensor.type][INFO] - numpy allclose failed for abs_err 7.222378476354074 and rel_err 1.0
[2026-07-23 10:58:23,628][pymc.sampling.forward][INFO] - Sampling: []
[2026-07-23 10:58:23,788][pytensor.tensor.type][INFO] - numpy allclose failed for abs_err 6.650517483299485 and rel_err 1.0
[2026-07-23 10:58:23,789][pytensor.tensor.type][INFO] - numpy allclose failed for abs_err 6.650517483299485 and rel_err 1.0
[2026-07-23 10:58:23,789][pytensor.tensor.type][INFO] - numpy allclose failed for abs_err 6.650517483299485 and rel_err 1.0
[2026-07-23 10:58:23,804][pymc.sampling.forward][INFO] - Sampling: []
[2026-07-23 10:58:23,873][pytensor.tensor.type][INFO] - numpy allclose failed for abs_err 6.650517483299485 and rel_err 1.0
[2026-07-23 10:58:23,873][pytensor.tensor.type][INFO] - numpy allclose failed for abs_err 6.650517483299485 and rel_err 1.0
[2026-07-23 10:58:23,874][pytensor.tensor.type][INFO] - numpy allclose failed for abs_err 6.650517483299485 and rel_err 1.0
[2026-07-23 10:58:23,886][pymc.sampling.forward][INFO] - Sampling: []
[2026-07-23 10:58:23,947][pytensor.tensor.type][INFO] - numpy allclose failed for abs_err 5.753174265132953 and rel_err 1.0
[2026-07-23 10:58:23,948][pytensor.tensor.type][INFO] - numpy allclose failed for abs_err 5.753174265132953 and rel_err 1.0
[2026-07-23 10:58:23,948][pytensor.tensor.type][INFO] - numpy allclose failed for abs_err 5.753174265132953 and rel_err 1.0
[2026-07-23 10:58:23,956][pymc.sampling.forward][INFO] - Sampling: []
[2026-07-23 10:58:24,023][pytensor.tensor.type][INFO] - numpy allclose failed for abs_err 7.151631481217692 and rel_err 1.0
[2026-07-23 10:58:24,023][pytensor.tensor.type][INFO] - numpy allclose failed for abs_err 7.151631481217692 and rel_err 1.0
[2026-07-23 10:58:24,023][pytensor.tensor.type][INFO] - numpy allclose failed for abs_err 7.151631481217692 and rel_err 1.0
[2026-07-23 10:58:24,033][pymc.sampling.forward][INFO] - Sampling: []
[2026-07-23 10:58:24,187][pytensor.tensor.type][INFO] - numpy allclose failed for abs_err 6.646214683597794 and rel_err 1.0
[2026-07-23 10:58:24,188][pytensor.tensor.type][INFO] - numpy allclose failed for abs_err 6.646214683597794 and rel_err 1.0
[2026-07-23 10:58:24,188][pytensor.tensor.type][INFO] - numpy allclose failed for abs_err 6.646214683597794 and rel_err 1.0
[2026-07-23 10:58:24,199][pymc.sampling.forward][INFO] - Sampling: []
[2026-07-23 10:58:24,277][pytensor.tensor.type][INFO] - numpy allclose failed for abs_err 6.646214683597794 and rel_err 1.0
[2026-07-23 10:58:24,277][pytensor.tensor.type][INFO] - numpy allclose failed for abs_err 6.646214683597794 and rel_err 1.0
[2026-07-23 10:58:24,277][pytensor.tensor.type][INFO] - numpy allclose failed for abs_err 6.646214683597794 and rel_err 1.0
[2026-07-23 10:58:24,290][pymc.sampling.forward][INFO] - Sampling: []
[2026-07-23 10:58:24,341][pytensor.tensor.type][INFO] - numpy allclose failed for abs_err 5.095446411275959 and rel_err 1.0
[2026-07-23 10:58:24,341][pytensor.tensor.type][INFO] - numpy allclose failed for abs_err 5.095446411275959 and rel_err 1.0
[2026-07-23 10:58:24,341][pytensor.tensor.type][INFO] - numpy allclose failed for abs_err 5.095446411275959 and rel_err 1.0
[2026-07-23 10:58:24,364][pymc.sampling.forward][INFO] - Sampling: []
[2026-07-23 10:58:24,423][pytensor.tensor.type][INFO] - numpy allclose failed for abs_err 7.273662191440039 and rel_err 1.0
[2026-07-23 10:58:24,423][pytensor.tensor.type][INFO] - numpy allclose failed for abs_err 7.273662191440039 and rel_err 1.0
[2026-07-23 10:58:24,423][pytensor.tensor.type][INFO] - numpy allclose failed for abs_err 7.273662191440039 and rel_err 1.0
[2026-07-23 10:58:24,440][pymc.sampling.forward][INFO] - Sampling: []
[2026-07-23 10:58:24,590][pytensor.tensor.type][INFO] - numpy allclose failed for abs_err 6.808791182362007 and rel_err 1.0
[2026-07-23 10:58:24,591][pytensor.tensor.type][INFO] - numpy allclose failed for abs_err 6.808791182362007 and rel_err 1.0
[2026-07-23 10:58:24,591][pytensor.tensor.type][INFO] - numpy allclose failed for abs_err 6.808791182362007 and rel_err 1.0
[2026-07-23 10:58:24,601][pymc.sampling.forward][INFO] - Sampling: []
[2026-07-23 10:58:24,670][pytensor.tensor.type][INFO] - numpy allclose failed for abs_err 6.808791182362007 and rel_err 1.0
[2026-07-23 10:58:24,671][pytensor.tensor.type][INFO] - numpy allclose failed for abs_err 6.808791182362007 and rel_err 1.0
[2026-07-23 10:58:24,671][pytensor.tensor.type][INFO] - numpy allclose failed for abs_err 6.808791182362007 and rel_err 1.0
[2026-07-23 10:58:24,684][pymc.sampling.forward][INFO] - Sampling: []
[2026-07-23 10:58:24,754][pytensor.tensor.type][INFO] - numpy allclose failed for abs_err 5.943628032909443 and rel_err 1.0
[2026-07-23 10:58:24,754][pytensor.tensor.type][INFO] - numpy allclose failed for abs_err 5.943628032909443 and rel_err 1.0
[2026-07-23 10:58:24,754][pytensor.tensor.type][INFO] - numpy allclose failed for abs_err 5.943628032909443 and rel_err 1.0
[2026-07-23 10:58:24,764][pymc.sampling.forward][INFO] - Sampling: []
[2026-07-23 10:58:24,839][pytensor.tensor.type][INFO] - numpy allclose failed for abs_err 8.370913603285803 and rel_err 1.0
[2026-07-23 10:58:24,839][pytensor.tensor.type][INFO] - numpy allclose failed for abs_err 8.370913603285803 and rel_err 1.0
[2026-07-23 10:58:24,839][pytensor.tensor.type][INFO] - numpy allclose failed for abs_err 8.370913603285803 and rel_err 1.0
[2026-07-23 10:58:24,850][pymc.sampling.forward][INFO] - Sampling: []
[2026-07-23 10:58:25,008][pytensor.tensor.type][INFO] - numpy allclose failed for abs_err 6.588385033268624 and rel_err 1.0
[2026-07-23 10:58:25,008][pytensor.tensor.type][INFO] - numpy allclose failed for abs_err 6.588385033268624 and rel_err 1.0
[2026-07-23 10:58:25,008][pytensor.tensor.type][INFO] - numpy allclose failed for abs_err 6.588385033268624 and rel_err 1.0
[2026-07-23 10:58:25,025][pymc.sampling.forward][INFO] - Sampling: []
[2026-07-23 10:58:25,111][pytensor.tensor.type][INFO] - numpy allclose failed for abs_err 6.588385033268624 and rel_err 1.0
[2026-07-23 10:58:25,111][pytensor.tensor.type][INFO] - numpy allclose failed for abs_err 6.588385033268624 and rel_err 1.0
[2026-07-23 10:58:25,111][pytensor.tensor.type][INFO] - numpy allclose failed for abs_err 6.588385033268624 and rel_err 1.0
[2026-07-23 10:58:25,124][pymc.sampling.forward][INFO] - Sampling: []
[2026-07-23 10:58:25,190][pytensor.tensor.type][INFO] - numpy allclose failed for abs_err 5.446367186356835 and rel_err 1.0
[2026-07-23 10:58:25,190][pytensor.tensor.type][INFO] - numpy allclose failed for abs_err 5.446367186356835 and rel_err 1.0
[2026-07-23 10:58:25,191][pytensor.tensor.type][INFO] - numpy allclose failed for abs_err 5.446367186356835 and rel_err 1.0
[2026-07-23 10:58:25,201][pymc.sampling.forward][INFO] - Sampling: []
[2026-07-23 10:58:25,273][pytensor.tensor.type][INFO] - numpy allclose failed for abs_err 7.805421330908789 and rel_err 1.0
[2026-07-23 10:58:25,273][pytensor.tensor.type][INFO] - numpy allclose failed for abs_err 7.805421330908789 and rel_err 1.0
[2026-07-23 10:58:25,273][pytensor.tensor.type][INFO] - numpy allclose failed for abs_err 7.805421330908789 and rel_err 1.0
[2026-07-23 10:58:25,273][pymc.sampling.forward][INFO] - Sampling: []
[2026-07-23 10:58:25,452][pytensor.tensor.type][INFO] - numpy allclose failed for abs_err 6.8026164391865 and rel_err 1.0
[2026-07-23 10:58:25,453][pytensor.tensor.type][INFO] - numpy allclose failed for abs_err 6.8026164391865 and rel_err 1.0
[2026-07-23 10:58:25,453][pytensor.tensor.type][INFO] - numpy allclose failed for abs_err 6.8026164391865 and rel_err 1.0
[2026-07-23 10:58:25,468][pymc.sampling.forward][INFO] - Sampling: []
[2026-07-23 10:58:25,541][pytensor.tensor.type][INFO] - numpy allclose failed for abs_err 6.8026164391865 and rel_err 1.0
[2026-07-23 10:58:25,541][pytensor.tensor.type][INFO] - numpy allclose failed for abs_err 6.8026164391865 and rel_err 1.0
[2026-07-23 10:58:25,542][pytensor.tensor.type][INFO] - numpy allclose failed for abs_err 6.8026164391865 and rel_err 1.0
[2026-07-23 10:58:25,551][pymc.sampling.forward][INFO] - Sampling: []
[2026-07-23 10:58:25,615][pytensor.tensor.type][INFO] - numpy allclose failed for abs_err 5.187359293209125 and rel_err 1.0
[2026-07-23 10:58:25,616][pytensor.tensor.type][INFO] - numpy allclose failed for abs_err 5.187359293209125 and rel_err 1.0
[2026-07-23 10:58:25,616][pytensor.tensor.type][INFO] - numpy allclose failed for abs_err 5.187359293209125 and rel_err 1.0
[2026-07-23 10:58:25,623][pymc.sampling.forward][INFO] - Sampling: []
[2026-07-23 10:58:25,690][pytensor.tensor.type][INFO] - numpy allclose failed for abs_err 7.278446411738254 and rel_err 1.0
[2026-07-23 10:58:25,690][pytensor.tensor.type][INFO] - numpy allclose failed for abs_err 7.278446411738254 and rel_err 1.0
[2026-07-23 10:58:25,690][pytensor.tensor.type][INFO] - numpy allclose failed for abs_err 7.278446411738254 and rel_err 1.0
[2026-07-23 10:58:25,697][pymc.sampling.forward][INFO] - Sampling: []
[2026-07-23 10:58:25,853][pytensor.tensor.type][INFO] - numpy allclose failed for abs_err 6.784166059814857 and rel_err 1.0
[2026-07-23 10:58:25,854][pytensor.tensor.type][INFO] - numpy allclose failed for abs_err 6.784166059814857 and rel_err 1.0
[2026-07-23 10:58:25,854][pytensor.tensor.type][INFO] - numpy allclose failed for abs_err 6.784166059814857 and rel_err 1.0
[2026-07-23 10:58:25,859][pymc.sampling.forward][INFO] - Sampling: []
[2026-07-23 10:58:25,939][pytensor.tensor.type][INFO] - numpy allclose failed for abs_err 6.784166059814857 and rel_err 1.0
[2026-07-23 10:58:25,939][pytensor.tensor.type][INFO] - numpy allclose failed for abs_err 6.784166059814857 and rel_err 1.0
[2026-07-23 10:58:25,940][pytensor.tensor.type][INFO] - numpy allclose failed for abs_err 6.784166059814857 and rel_err 1.0
[2026-07-23 10:58:25,953][pymc.sampling.forward][INFO] - Sampling: []
[2026-07-23 10:58:26,020][pytensor.tensor.type][INFO] - numpy allclose failed for abs_err 5.610957701908161 and rel_err 1.0
[2026-07-23 10:58:26,020][pytensor.tensor.type][INFO] - numpy allclose failed for abs_err 5.610957701908161 and rel_err 1.0
[2026-07-23 10:58:26,020][pytensor.tensor.type][INFO] - numpy allclose failed for abs_err 5.610957701908161 and rel_err 1.0
[2026-07-23 10:58:26,032][pymc.sampling.forward][INFO] - Sampling: []
[2026-07-23 10:58:26,095][pytensor.tensor.type][INFO] - numpy allclose failed for abs_err 8.714571335295691 and rel_err 1.0
[2026-07-23 10:58:26,095][pytensor.tensor.type][INFO] - numpy allclose failed for abs_err 8.714571335295691 and rel_err 1.0
[2026-07-23 10:58:26,095][pytensor.tensor.type][INFO] - numpy allclose failed for abs_err 8.714571335295691 and rel_err 1.0
[2026-07-23 10:58:26,112][pymc.sampling.forward][INFO] - Sampling: []
[2026-07-23 10:58:26,275][pytensor.tensor.type][INFO] - numpy allclose failed for abs_err 6.820100746475624 and rel_err 1.0
[2026-07-23 10:58:26,276][pytensor.tensor.type][INFO] - numpy allclose failed for abs_err 6.820100746475624 and rel_err 1.0
[2026-07-23 10:58:26,276][pytensor.tensor.type][INFO] - numpy allclose failed for abs_err 6.820100746475624 and rel_err 1.0
[2026-07-23 10:58:26,289][pymc.sampling.forward][INFO] - Sampling: []
[2026-07-23 10:58:26,352][pytensor.tensor.type][INFO] - numpy allclose failed for abs_err 6.820100746475624 and rel_err 1.0
[2026-07-23 10:58:26,353][pytensor.tensor.type][INFO] - numpy allclose failed for abs_err 6.820100746475624 and rel_err 1.0
[2026-07-23 10:58:26,353][pytensor.tensor.type][INFO] - numpy allclose failed for abs_err 6.820100746475624 and rel_err 1.0
[2026-07-23 10:58:26,366][pymc.sampling.forward][INFO] - Sampling: []
[2026-07-23 10:58:26,430][pytensor.tensor.type][INFO] - numpy allclose failed for abs_err 5.234195430980732 and rel_err 1.0
[2026-07-23 10:58:26,430][pytensor.tensor.type][INFO] - numpy allclose failed for abs_err 5.234195430980732 and rel_err 1.0
[2026-07-23 10:58:26,431][pytensor.tensor.type][INFO] - numpy allclose failed for abs_err 5.234195430980732 and rel_err 1.0
[2026-07-23 10:58:26,442][pymc.sampling.forward][INFO] - Sampling: []
[2026-07-23 10:58:26,513][pytensor.tensor.type][INFO] - numpy allclose failed for abs_err 8.069712688126067 and rel_err 1.0
[2026-07-23 10:58:26,514][pytensor.tensor.type][INFO] - numpy allclose failed for abs_err 8.069712688126067 and rel_err 1.0
[2026-07-23 10:58:26,514][pytensor.tensor.type][INFO] - numpy allclose failed for abs_err 8.069712688126067 and rel_err 1.0
[2026-07-23 10:58:26,526][pymc.sampling.forward][INFO] - Sampling: []
[2026-07-23 10:58:26,696][pymc.sampling.forward][INFO] - Sampling: []
[2026-07-23 10:58:26,773][pymc.sampling.forward][INFO] - Sampling: []
[2026-07-23 10:58:26,859][pymc.sampling.forward][INFO] - Sampling: []
[2026-07-23 10:58:26,937][pymc.sampling.forward][INFO] - Sampling: []
[2026-07-23 10:58:27,172][pymc.sampling.mcmc][INFO] - Initializing NUTS using jitter+adapt_diag...
[2026-07-23 10:58:27,490][pymc.sampling.mcmc][INFO] - Multiprocess sampling (4 chains in 4 jobs)
[2026-07-23 10:58:27,490][pymc.sampling.mcmc][INFO] - NUTS: [alpha, beta]
[2026-07-23 10:59:24,073][pymc.sampling.mcmc][INFO] - Sampling 4 chains for 1_000 tune and 1_000 draw iterations (4_000 + 4_000 draws total) took 57 seconds.
[2026-07-23 10:59:24,205][pymc.sampling.mcmc][INFO] - Initializing NUTS using jitter+adapt_diag...
[2026-07-23 10:59:24,513][pymc.sampling.mcmc][INFO] - Multiprocess sampling (4 chains in 4 jobs)
[2026-07-23 10:59:24,513][pymc.sampling.mcmc][INFO] - NUTS: [alpha, beta]
[2026-07-23 11:00:19,762][pymc.sampling.mcmc][INFO] - Sampling 4 chains for 1_000 tune and 1_000 draw iterations (4_000 + 4_000 draws total) took 55 seconds.
[2026-07-23 11:00:19,876][pymc.sampling.mcmc][INFO] - Initializing NUTS using jitter+adapt_diag...
[2026-07-23 11:00:20,177][pymc.sampling.mcmc][INFO] - Multiprocess sampling (4 chains in 4 jobs)
[2026-07-23 11:00:20,177][pymc.sampling.mcmc][INFO] - NUTS: [alpha, beta]
[2026-07-23 11:01:15,404][pymc.sampling.mcmc][INFO] - Sampling 4 chains for 1_000 tune and 1_000 draw iterations (4_000 + 4_000 draws total) took 55 seconds.
[2026-07-23 11:01:15,458][pytensor.tensor.type][INFO] - numpy allclose failed for abs_err 6.24101440998261 and rel_err 1.0
[2026-07-23 11:01:15,459][pytensor.tensor.type][INFO] - numpy allclose failed for abs_err 6.24101440998261 and rel_err 1.0
[2026-07-23 11:01:15,459][pytensor.tensor.type][INFO] - numpy allclose failed for abs_err 6.24101440998261 and rel_err 1.0
[2026-07-23 11:01:15,471][pymc.sampling.forward][INFO] - Sampling: []
[2026-07-23 11:01:15,536][pytensor.tensor.type][INFO] - numpy allclose failed for abs_err 6.320291388952184 and rel_err 1.0
[2026-07-23 11:01:15,536][pytensor.tensor.type][INFO] - numpy allclose failed for abs_err 6.320291388952184 and rel_err 1.0
[2026-07-23 11:01:15,536][pytensor.tensor.type][INFO] - numpy allclose failed for abs_err 6.320291388952184 and rel_err 1.0
[2026-07-23 11:01:15,545][pymc.sampling.forward][INFO] - Sampling: []
[2026-07-23 11:01:15,610][pytensor.tensor.type][INFO] - numpy allclose failed for abs_err 5.286926187127024 and rel_err 1.0
[2026-07-23 11:01:15,610][pytensor.tensor.type][INFO] - numpy allclose failed for abs_err 5.286926187127024 and rel_err 1.0
[2026-07-23 11:01:15,610][pytensor.tensor.type][INFO] - numpy allclose failed for abs_err 5.286926187127024 and rel_err 1.0
[2026-07-23 11:01:15,620][pymc.sampling.forward][INFO] - Sampling: []
[2026-07-23 11:01:15,672][pytensor.tensor.type][INFO] - numpy allclose failed for abs_err 7.0333984049923455 and rel_err 1.0
[2026-07-23 11:01:15,672][pytensor.tensor.type][INFO] - numpy allclose failed for abs_err 7.0333984049923455 and rel_err 1.0
[2026-07-23 11:01:15,672][pytensor.tensor.type][INFO] - numpy allclose failed for abs_err 7.0333984049923455 and rel_err 1.0
[2026-07-23 11:01:15,695][pymc.sampling.forward][INFO] - Sampling: []
[2026-07-23 11:01:15,833][pytensor.tensor.type][INFO] - numpy allclose failed for abs_err 5.472597764935256 and rel_err 1.0
[2026-07-23 11:01:15,834][pytensor.tensor.type][INFO] - numpy allclose failed for abs_err 5.472597764935256 and rel_err 1.0
[2026-07-23 11:01:15,834][pytensor.tensor.type][INFO] - numpy allclose failed for abs_err 5.472597764935256 and rel_err 1.0
[2026-07-23 11:01:15,841][pymc.sampling.forward][INFO] - Sampling: []
[2026-07-23 11:01:15,910][pytensor.tensor.type][INFO] - numpy allclose failed for abs_err 5.457295285668136 and rel_err 1.0
[2026-07-23 11:01:15,910][pytensor.tensor.type][INFO] - numpy allclose failed for abs_err 5.457295285668136 and rel_err 1.0
[2026-07-23 11:01:15,910][pytensor.tensor.type][INFO] - numpy allclose failed for abs_err 5.457295285668136 and rel_err 1.0
[2026-07-23 11:01:15,925][pymc.sampling.forward][INFO] - Sampling: []
[2026-07-23 11:01:15,997][pytensor.tensor.type][INFO] - numpy allclose failed for abs_err 3.935983613774622 and rel_err 1.0
[2026-07-23 11:01:15,998][pytensor.tensor.type][INFO] - numpy allclose failed for abs_err 3.935983613774622 and rel_err 1.0
[2026-07-23 11:01:15,998][pytensor.tensor.type][INFO] - numpy allclose failed for abs_err 3.935983613774622 and rel_err 1.0
[2026-07-23 11:01:16,008][pymc.sampling.forward][INFO] - Sampling: []
[2026-07-23 11:01:16,072][pytensor.tensor.type][INFO] - numpy allclose failed for abs_err 7.810288444436315 and rel_err 1.0
[2026-07-23 11:01:16,073][pytensor.tensor.type][INFO] - numpy allclose failed for abs_err 7.810288444436315 and rel_err 1.0
[2026-07-23 11:01:16,073][pytensor.tensor.type][INFO] - numpy allclose failed for abs_err 7.810288444436315 and rel_err 1.0
[2026-07-23 11:01:16,083][pymc.sampling.forward][INFO] - Sampling: []
[2026-07-23 11:01:16,219][pytensor.tensor.type][INFO] - numpy allclose failed for abs_err 6.206270028078008 and rel_err 1.0
[2026-07-23 11:01:16,219][pytensor.tensor.type][INFO] - numpy allclose failed for abs_err 6.206270028078008 and rel_err 1.0
[2026-07-23 11:01:16,219][pytensor.tensor.type][INFO] - numpy allclose failed for abs_err 6.206270028078008 and rel_err 1.0
[2026-07-23 11:01:16,225][pymc.sampling.forward][INFO] - Sampling: []
[2026-07-23 11:01:16,289][pytensor.tensor.type][INFO] - numpy allclose failed for abs_err 6.212152529680181 and rel_err 1.0
[2026-07-23 11:01:16,290][pytensor.tensor.type][INFO] - numpy allclose failed for abs_err 6.212152529680181 and rel_err 1.0
[2026-07-23 11:01:16,290][pytensor.tensor.type][INFO] - numpy allclose failed for abs_err 6.212152529680181 and rel_err 1.0
[2026-07-23 11:01:16,303][pymc.sampling.forward][INFO] - Sampling: []
[2026-07-23 11:01:16,355][pytensor.tensor.type][INFO] - numpy allclose failed for abs_err 3.5278234263647064 and rel_err 1.0
[2026-07-23 11:01:16,355][pytensor.tensor.type][INFO] - numpy allclose failed for abs_err 3.5278234263647064 and rel_err 1.0
[2026-07-23 11:01:16,355][pytensor.tensor.type][INFO] - numpy allclose failed for abs_err 3.5278234263647064 and rel_err 1.0
[2026-07-23 11:01:16,378][pymc.sampling.forward][INFO] - Sampling: []
[2026-07-23 11:01:16,439][pytensor.tensor.type][INFO] - numpy allclose failed for abs_err 5.440191641724828 and rel_err 1.0
[2026-07-23 11:01:16,439][pytensor.tensor.type][INFO] - numpy allclose failed for abs_err 5.440191641724828 and rel_err 1.0
[2026-07-23 11:01:16,439][pytensor.tensor.type][INFO] - numpy allclose failed for abs_err 5.440191641724828 and rel_err 1.0
[2026-07-23 11:01:16,459][pymc.sampling.forward][INFO] - Sampling: []
[2026-07-23 11:01:16,618][pytensor.tensor.type][INFO] - numpy allclose failed for abs_err 6.253064144575048 and rel_err 1.0
[2026-07-23 11:01:16,618][pytensor.tensor.type][INFO] - numpy allclose failed for abs_err 6.253064144575048 and rel_err 1.0
[2026-07-23 11:01:16,619][pytensor.tensor.type][INFO] - numpy allclose failed for abs_err 6.253064144575048 and rel_err 1.0
[2026-07-23 11:01:16,627][pymc.sampling.forward][INFO] - Sampling: []
[2026-07-23 11:01:16,690][pytensor.tensor.type][INFO] - numpy allclose failed for abs_err 6.192671287977148 and rel_err 1.0
[2026-07-23 11:01:16,690][pytensor.tensor.type][INFO] - numpy allclose failed for abs_err 6.192671287977148 and rel_err 1.0
[2026-07-23 11:01:16,690][pytensor.tensor.type][INFO] - numpy allclose failed for abs_err 6.192671287977148 and rel_err 1.0
[2026-07-23 11:01:16,712][pymc.sampling.forward][INFO] - Sampling: []
[2026-07-23 11:01:16,771][pytensor.tensor.type][INFO] - numpy allclose failed for abs_err 3.409559014942457 and rel_err 1.0
[2026-07-23 11:01:16,771][pytensor.tensor.type][INFO] - numpy allclose failed for abs_err 3.409559014942457 and rel_err 1.0
[2026-07-23 11:01:16,771][pytensor.tensor.type][INFO] - numpy allclose failed for abs_err 3.409559014942457 and rel_err 1.0
[2026-07-23 11:01:16,775][pymc.sampling.forward][INFO] - Sampling: []
[2026-07-23 11:01:16,839][pytensor.tensor.type][INFO] - numpy allclose failed for abs_err 5.784873972480236 and rel_err 1.0
[2026-07-23 11:01:16,839][pytensor.tensor.type][INFO] - numpy allclose failed for abs_err 5.784873972480236 and rel_err 1.0
[2026-07-23 11:01:16,839][pytensor.tensor.type][INFO] - numpy allclose failed for abs_err 5.784873972480236 and rel_err 1.0
[2026-07-23 11:01:16,860][pymc.sampling.forward][INFO] - Sampling: []
[2026-07-23 11:01:17,018][pytensor.tensor.type][INFO] - numpy allclose failed for abs_err 6.195171166383672 and rel_err 1.0
[2026-07-23 11:01:17,018][pytensor.tensor.type][INFO] - numpy allclose failed for abs_err 6.195171166383672 and rel_err 1.0
[2026-07-23 11:01:17,019][pytensor.tensor.type][INFO] - numpy allclose failed for abs_err 6.195171166383672 and rel_err 1.0
[2026-07-23 11:01:17,032][pymc.sampling.forward][INFO] - Sampling: []
[2026-07-23 11:01:17,112][pytensor.tensor.type][INFO] - numpy allclose failed for abs_err 5.629573292505505 and rel_err 1.0
[2026-07-23 11:01:17,113][pytensor.tensor.type][INFO] - numpy allclose failed for abs_err 5.629573292505505 and rel_err 1.0
[2026-07-23 11:01:17,113][pytensor.tensor.type][INFO] - numpy allclose failed for abs_err 5.629573292505505 and rel_err 1.0
[2026-07-23 11:01:17,125][pymc.sampling.forward][INFO] - Sampling: []
[2026-07-23 11:01:17,212][pytensor.tensor.type][INFO] - numpy allclose failed for abs_err 4.656370135099172 and rel_err 1.0
[2026-07-23 11:01:17,213][pytensor.tensor.type][INFO] - numpy allclose failed for abs_err 4.656370135099172 and rel_err 1.0
[2026-07-23 11:01:17,213][pytensor.tensor.type][INFO] - numpy allclose failed for abs_err 4.656370135099172 and rel_err 1.0
[2026-07-23 11:01:17,226][pymc.sampling.forward][INFO] - Sampling: []
[2026-07-23 11:01:17,289][pytensor.tensor.type][INFO] - numpy allclose failed for abs_err 5.743564144051794 and rel_err 1.0
[2026-07-23 11:01:17,290][pytensor.tensor.type][INFO] - numpy allclose failed for abs_err 5.743564144051794 and rel_err 1.0
[2026-07-23 11:01:17,290][pytensor.tensor.type][INFO] - numpy allclose failed for abs_err 5.743564144051794 and rel_err 1.0
[2026-07-23 11:01:17,304][pymc.sampling.forward][INFO] - Sampling: []
[2026-07-23 11:01:17,463][pytensor.tensor.type][INFO] - numpy allclose failed for abs_err 5.638618893396618 and rel_err 1.0
[2026-07-23 11:01:17,463][pytensor.tensor.type][INFO] - numpy allclose failed for abs_err 5.638618893396618 and rel_err 1.0
[2026-07-23 11:01:17,464][pytensor.tensor.type][INFO] - numpy allclose failed for abs_err 5.638618893396618 and rel_err 1.0
[2026-07-23 11:01:17,477][pymc.sampling.forward][INFO] - Sampling: []
[2026-07-23 11:01:17,549][pytensor.tensor.type][INFO] - numpy allclose failed for abs_err 5.665256984007122 and rel_err 1.0
[2026-07-23 11:01:17,549][pytensor.tensor.type][INFO] - numpy allclose failed for abs_err 5.665256984007122 and rel_err 1.0
[2026-07-23 11:01:17,550][pytensor.tensor.type][INFO] - numpy allclose failed for abs_err 5.665256984007122 and rel_err 1.0
[2026-07-23 11:01:17,561][pymc.sampling.forward][INFO] - Sampling: []
[2026-07-23 11:01:17,623][pytensor.tensor.type][INFO] - numpy allclose failed for abs_err 3.6907570396922127 and rel_err 1.0
[2026-07-23 11:01:17,624][pytensor.tensor.type][INFO] - numpy allclose failed for abs_err 3.6907570396922127 and rel_err 1.0
[2026-07-23 11:01:17,624][pytensor.tensor.type][INFO] - numpy allclose failed for abs_err 3.6907570396922127 and rel_err 1.0
[2026-07-23 11:01:17,636][pymc.sampling.forward][INFO] - Sampling: []
[2026-07-23 11:01:17,700][pytensor.tensor.type][INFO] - numpy allclose failed for abs_err 6.493786847693168 and rel_err 1.0
[2026-07-23 11:01:17,700][pytensor.tensor.type][INFO] - numpy allclose failed for abs_err 6.493786847693168 and rel_err 1.0
[2026-07-23 11:01:17,703][pytensor.tensor.type][INFO] - numpy allclose failed for abs_err 6.493786847693168 and rel_err 1.0
[2026-07-23 11:01:17,714][pymc.sampling.forward][INFO] - Sampling: []
[2026-07-23 11:01:17,883][pytensor.tensor.type][INFO] - numpy allclose failed for abs_err 6.195246089422155 and rel_err 1.0
[2026-07-23 11:01:17,883][pytensor.tensor.type][INFO] - numpy allclose failed for abs_err 6.195246089422155 and rel_err 1.0
[2026-07-23 11:01:17,884][pytensor.tensor.type][INFO] - numpy allclose failed for abs_err 6.195246089422155 and rel_err 1.0
[2026-07-23 11:01:17,896][pymc.sampling.forward][INFO] - Sampling: []
[2026-07-23 11:01:17,965][pytensor.tensor.type][INFO] - numpy allclose failed for abs_err 6.218533326112676 and rel_err 1.0
[2026-07-23 11:01:17,966][pytensor.tensor.type][INFO] - numpy allclose failed for abs_err 6.218533326112676 and rel_err 1.0
[2026-07-23 11:01:17,966][pytensor.tensor.type][INFO] - numpy allclose failed for abs_err 6.218533326112676 and rel_err 1.0
[2026-07-23 11:01:17,979][pymc.sampling.forward][INFO] - Sampling: []
[2026-07-23 11:01:18,041][pytensor.tensor.type][INFO] - numpy allclose failed for abs_err 2.5006487905336185 and rel_err 1.0
[2026-07-23 11:01:18,041][pytensor.tensor.type][INFO] - numpy allclose failed for abs_err 2.5006487905336185 and rel_err 1.0
[2026-07-23 11:01:18,042][pytensor.tensor.type][INFO] - numpy allclose failed for abs_err 2.5006487905336185 and rel_err 1.0
[2026-07-23 11:01:18,053][pymc.sampling.forward][INFO] - Sampling: []
[2026-07-23 11:01:18,107][pytensor.tensor.type][INFO] - numpy allclose failed for abs_err 5.4009332757639275 and rel_err 1.0
[2026-07-23 11:01:18,107][pytensor.tensor.type][INFO] - numpy allclose failed for abs_err 5.4009332757639275 and rel_err 1.0
[2026-07-23 11:01:18,107][pytensor.tensor.type][INFO] - numpy allclose failed for abs_err 5.4009332757639275 and rel_err 1.0
[2026-07-23 11:01:18,129][pymc.sampling.forward][INFO] - Sampling: []
[2026-07-23 11:01:18,276][pytensor.tensor.type][INFO] - numpy allclose failed for abs_err 6.195999015294958 and rel_err 1.0
[2026-07-23 11:01:18,276][pytensor.tensor.type][INFO] - numpy allclose failed for abs_err 6.195999015294958 and rel_err 1.0
[2026-07-23 11:01:18,276][pytensor.tensor.type][INFO] - numpy allclose failed for abs_err 6.195999015294958 and rel_err 1.0
[2026-07-23 11:01:18,294][pymc.sampling.forward][INFO] - Sampling: []
[2026-07-23 11:01:18,362][pytensor.tensor.type][INFO] - numpy allclose failed for abs_err 5.616290218603375 and rel_err 1.0
[2026-07-23 11:01:18,362][pytensor.tensor.type][INFO] - numpy allclose failed for abs_err 5.616290218603375 and rel_err 1.0
[2026-07-23 11:01:18,363][pytensor.tensor.type][INFO] - numpy allclose failed for abs_err 5.616290218603375 and rel_err 1.0
[2026-07-23 11:01:18,374][pymc.sampling.forward][INFO] - Sampling: []
[2026-07-23 11:01:18,446][pytensor.tensor.type][INFO] - numpy allclose failed for abs_err 3.99806296056001 and rel_err 1.0
[2026-07-23 11:01:18,447][pytensor.tensor.type][INFO] - numpy allclose failed for abs_err 3.99806296056001 and rel_err 1.0
[2026-07-23 11:01:18,447][pytensor.tensor.type][INFO] - numpy allclose failed for abs_err 3.99806296056001 and rel_err 1.0
[2026-07-23 11:01:18,458][pymc.sampling.forward][INFO] - Sampling: []
[2026-07-23 11:01:18,534][pytensor.tensor.type][INFO] - numpy allclose failed for abs_err 5.328231562838335 and rel_err 1.0
[2026-07-23 11:01:18,535][pytensor.tensor.type][INFO] - numpy allclose failed for abs_err 5.328231562838335 and rel_err 1.0
[2026-07-23 11:01:18,535][pytensor.tensor.type][INFO] - numpy allclose failed for abs_err 5.328231562838335 and rel_err 1.0
[2026-07-23 11:01:18,547][pymc.sampling.forward][INFO] - Sampling: []
[2026-07-23 11:01:18,702][pytensor.tensor.type][INFO] - numpy allclose failed for abs_err 6.20504759641831 and rel_err 1.0
[2026-07-23 11:01:18,703][pytensor.tensor.type][INFO] - numpy allclose failed for abs_err 6.20504759641831 and rel_err 1.0
[2026-07-23 11:01:18,703][pytensor.tensor.type][INFO] - numpy allclose failed for abs_err 6.20504759641831 and rel_err 1.0
[2026-07-23 11:01:18,718][pymc.sampling.forward][INFO] - Sampling: []
[2026-07-23 11:01:18,788][pytensor.tensor.type][INFO] - numpy allclose failed for abs_err 6.23785917850678 and rel_err 1.0
[2026-07-23 11:01:18,788][pytensor.tensor.type][INFO] - numpy allclose failed for abs_err 6.23785917850678 and rel_err 1.0
[2026-07-23 11:01:18,788][pytensor.tensor.type][INFO] - numpy allclose failed for abs_err 6.23785917850678 and rel_err 1.0
[2026-07-23 11:01:18,803][pymc.sampling.forward][INFO] - Sampling: []
[2026-07-23 11:01:18,875][pytensor.tensor.type][INFO] - numpy allclose failed for abs_err 4.611566992551564 and rel_err 1.0
[2026-07-23 11:01:18,876][pytensor.tensor.type][INFO] - numpy allclose failed for abs_err 4.611566992551564 and rel_err 1.0
[2026-07-23 11:01:18,876][pytensor.tensor.type][INFO] - numpy allclose failed for abs_err 4.611566992551564 and rel_err 1.0
[2026-07-23 11:01:18,890][pymc.sampling.forward][INFO] - Sampling: []
[2026-07-23 11:01:18,973][pytensor.tensor.type][INFO] - numpy allclose failed for abs_err 5.34381414977384 and rel_err 1.0
[2026-07-23 11:01:18,973][pytensor.tensor.type][INFO] - numpy allclose failed for abs_err 5.34381414977384 and rel_err 1.0
[2026-07-23 11:01:18,974][pytensor.tensor.type][INFO] - numpy allclose failed for abs_err 5.34381414977384 and rel_err 1.0
[2026-07-23 11:01:18,983][pymc.sampling.forward][INFO] - Sampling: []
[2026-07-23 11:01:19,144][pytensor.tensor.type][INFO] - numpy allclose failed for abs_err 6.201146174394537 and rel_err 1.0
[2026-07-23 11:01:19,146][pytensor.tensor.type][INFO] - numpy allclose failed for abs_err 6.201146174394537 and rel_err 1.0
[2026-07-23 11:01:19,146][pytensor.tensor.type][INFO] - numpy allclose failed for abs_err 6.201146174394537 and rel_err 1.0
[2026-07-23 11:01:19,576][pymc.sampling.forward][INFO] - Sampling: []
[2026-07-23 11:01:19,642][pytensor.tensor.type][INFO] - numpy allclose failed for abs_err 5.432208346333266 and rel_err 1.0
[2026-07-23 11:01:19,643][pytensor.tensor.type][INFO] - numpy allclose failed for abs_err 5.432208346333266 and rel_err 1.0
[2026-07-23 11:01:19,643][pytensor.tensor.type][INFO] - numpy allclose failed for abs_err 5.432208346333266 and rel_err 1.0
[2026-07-23 11:01:19,654][pymc.sampling.forward][INFO] - Sampling: []
[2026-07-23 11:01:19,729][pytensor.tensor.type][INFO] - numpy allclose failed for abs_err 3.19186354993376 and rel_err 1.0
[2026-07-23 11:01:19,730][pytensor.tensor.type][INFO] - numpy allclose failed for abs_err 3.19186354993376 and rel_err 1.0
[2026-07-23 11:01:19,730][pytensor.tensor.type][INFO] - numpy allclose failed for abs_err 3.19186354993376 and rel_err 1.0
[2026-07-23 11:01:19,745][pymc.sampling.forward][INFO] - Sampling: []
[2026-07-23 11:01:19,813][pytensor.tensor.type][INFO] - numpy allclose failed for abs_err 6.561729207909826 and rel_err 1.0
[2026-07-23 11:01:19,814][pytensor.tensor.type][INFO] - numpy allclose failed for abs_err 6.561729207909826 and rel_err 1.0
[2026-07-23 11:01:19,814][pytensor.tensor.type][INFO] - numpy allclose failed for abs_err 6.561729207909826 and rel_err 1.0
[2026-07-23 11:01:19,828][pymc.sampling.forward][INFO] - Sampling: []
[2026-07-23 11:01:20,003][pymc.sampling.forward][INFO] - Sampling: []
[2026-07-23 11:01:20,096][pymc.sampling.forward][INFO] - Sampling: []
[2026-07-23 11:01:20,180][pymc.sampling.forward][INFO] - Sampling: []
[2026-07-23 11:01:20,256][pymc.sampling.forward][INFO] - Sampling: []
[2026-07-23 11:01:20,502][pymc.sampling.mcmc][INFO] - Initializing NUTS using jitter+adapt_diag...
[2026-07-23 11:01:20,815][pymc.sampling.mcmc][INFO] - Multiprocess sampling (4 chains in 4 jobs)
[2026-07-23 11:01:20,815][pymc.sampling.mcmc][INFO] - NUTS: [alpha, beta]
[2026-07-23 11:02:16,404][pymc.sampling.mcmc][INFO] - Sampling 4 chains for 1_000 tune and 1_000 draw iterations (4_000 + 4_000 draws total) took 56 seconds.
[2026-07-23 11:02:16,521][pymc.sampling.mcmc][INFO] - Initializing NUTS using jitter+adapt_diag...
[2026-07-23 11:02:16,836][pymc.sampling.mcmc][INFO] - Multiprocess sampling (4 chains in 4 jobs)
[2026-07-23 11:02:16,836][pymc.sampling.mcmc][INFO] - NUTS: [alpha, beta]
[2026-07-23 11:03:13,190][pymc.sampling.mcmc][INFO] - Sampling 4 chains for 1_000 tune and 1_000 draw iterations (4_000 + 4_000 draws total) took 56 seconds.
[2026-07-23 11:03:13,302][pymc.sampling.mcmc][INFO] - Initializing NUTS using jitter+adapt_diag...
[2026-07-23 11:03:13,600][pymc.sampling.mcmc][INFO] - Multiprocess sampling (4 chains in 4 jobs)
[2026-07-23 11:03:13,600][pymc.sampling.mcmc][INFO] - NUTS: [alpha, beta]
[2026-07-23 11:04:08,808][pymc.sampling.mcmc][INFO] - Sampling 4 chains for 1_000 tune and 1_000 draw iterations (4_000 + 4_000 draws total) took 55 seconds.
[2026-07-23 11:04:08,844][pytensor.tensor.type][INFO] - numpy allclose failed for abs_err 15.424948423832443 and rel_err 1.0
[2026-07-23 11:04:08,844][pytensor.tensor.type][INFO] - numpy allclose failed for abs_err 15.424948423832443 and rel_err 1.0
[2026-07-23 11:04:08,853][pytensor.tensor.type][INFO] - numpy allclose failed for abs_err 15.424948423832443 and rel_err 1.0
[2026-07-23 11:04:08,860][pymc.sampling.forward][INFO] - Sampling: []
[2026-07-23 11:04:08,926][pytensor.tensor.type][INFO] - numpy allclose failed for abs_err 15.424948423832443 and rel_err 1.0
[2026-07-23 11:04:08,926][pytensor.tensor.type][INFO] - numpy allclose failed for abs_err 15.424948423832443 and rel_err 1.0
[2026-07-23 11:04:08,936][pytensor.tensor.type][INFO] - numpy allclose failed for abs_err 15.424948423832443 and rel_err 1.0
[2026-07-23 11:04:08,943][pymc.sampling.forward][INFO] - Sampling: []
[2026-07-23 11:04:09,008][pytensor.tensor.type][INFO] - numpy allclose failed for abs_err 14.159063387675255 and rel_err 1.0
[2026-07-23 11:04:09,008][pytensor.tensor.type][INFO] - numpy allclose failed for abs_err 14.159063387675255 and rel_err 1.0
[2026-07-23 11:04:09,009][pytensor.tensor.type][INFO] - numpy allclose failed for abs_err 14.159063387675255 and rel_err 1.0
[2026-07-23 11:04:09,018][pymc.sampling.forward][INFO] - Sampling: []
[2026-07-23 11:04:09,086][pytensor.tensor.type][INFO] - numpy allclose failed for abs_err 15.816564369959801 and rel_err 1.0
[2026-07-23 11:04:09,086][pytensor.tensor.type][INFO] - numpy allclose failed for abs_err 15.816564369959801 and rel_err 1.0
[2026-07-23 11:04:09,086][pytensor.tensor.type][INFO] - numpy allclose failed for abs_err 15.816564369959801 and rel_err 1.0
[2026-07-23 11:04:09,097][pymc.sampling.forward][INFO] - Sampling: []
[2026-07-23 11:04:09,256][pytensor.tensor.type][INFO] - numpy allclose failed for abs_err 14.156932402444001 and rel_err 1.0
[2026-07-23 11:04:09,256][pytensor.tensor.type][INFO] - numpy allclose failed for abs_err 14.156932402444001 and rel_err 1.0
[2026-07-23 11:04:09,258][pytensor.tensor.type][INFO] - numpy allclose failed for abs_err 14.156932402444001 and rel_err 1.0
[2026-07-23 11:04:09,269][pymc.sampling.forward][INFO] - Sampling: []
[2026-07-23 11:04:09,341][pytensor.tensor.type][INFO] - numpy allclose failed for abs_err 14.156932402444001 and rel_err 1.0
[2026-07-23 11:04:09,341][pytensor.tensor.type][INFO] - numpy allclose failed for abs_err 14.156932402444001 and rel_err 1.0
[2026-07-23 11:04:09,342][pytensor.tensor.type][INFO] - numpy allclose failed for abs_err 14.156932402444001 and rel_err 1.0
[2026-07-23 11:04:09,352][pymc.sampling.forward][INFO] - Sampling: []
[2026-07-23 11:04:09,418][pytensor.tensor.type][INFO] - numpy allclose failed for abs_err 14.159063387675255 and rel_err 1.0
[2026-07-23 11:04:09,418][pytensor.tensor.type][INFO] - numpy allclose failed for abs_err 14.159063387675255 and rel_err 1.0
[2026-07-23 11:04:09,418][pytensor.tensor.type][INFO] - numpy allclose failed for abs_err 14.159063387675255 and rel_err 1.0
[2026-07-23 11:04:09,429][pymc.sampling.forward][INFO] - Sampling: []
[2026-07-23 11:04:09,492][pytensor.tensor.type][INFO] - numpy allclose failed for abs_err 15.816564369959801 and rel_err 1.0
[2026-07-23 11:04:09,493][pytensor.tensor.type][INFO] - numpy allclose failed for abs_err 15.816564369959801 and rel_err 1.0
[2026-07-23 11:04:09,493][pytensor.tensor.type][INFO] - numpy allclose failed for abs_err 15.816564369959801 and rel_err 1.0
[2026-07-23 11:04:09,504][pymc.sampling.forward][INFO] - Sampling: []
[2026-07-23 11:04:09,665][pytensor.tensor.type][INFO] - numpy allclose failed for abs_err 14.156932402444001 and rel_err 1.0
[2026-07-23 11:04:09,665][pytensor.tensor.type][INFO] - numpy allclose failed for abs_err 14.156932402444001 and rel_err 1.0
[2026-07-23 11:04:09,665][pytensor.tensor.type][INFO] - numpy allclose failed for abs_err 14.156932402444001 and rel_err 1.0
[2026-07-23 11:04:09,678][pymc.sampling.forward][INFO] - Sampling: []
[2026-07-23 11:04:09,746][pytensor.tensor.type][INFO] - numpy allclose failed for abs_err 14.156932402444001 and rel_err 1.0
[2026-07-23 11:04:09,746][pytensor.tensor.type][INFO] - numpy allclose failed for abs_err 14.156932402444001 and rel_err 1.0
[2026-07-23 11:04:09,747][pytensor.tensor.type][INFO] - numpy allclose failed for abs_err 14.156932402444001 and rel_err 1.0
[2026-07-23 11:04:09,758][pymc.sampling.forward][INFO] - Sampling: []
[2026-07-23 11:04:09,839][pytensor.tensor.type][INFO] - numpy allclose failed for abs_err 14.159063387675255 and rel_err 1.0
[2026-07-23 11:04:09,839][pytensor.tensor.type][INFO] - numpy allclose failed for abs_err 14.159063387675255 and rel_err 1.0
[2026-07-23 11:04:09,840][pytensor.tensor.type][INFO] - numpy allclose failed for abs_err 14.159063387675255 and rel_err 1.0
[2026-07-23 11:04:09,847][pymc.sampling.forward][INFO] - Sampling: []
[2026-07-23 11:04:09,917][pytensor.tensor.type][INFO] - numpy allclose failed for abs_err 15.816564369959801 and rel_err 1.0
[2026-07-23 11:04:09,918][pytensor.tensor.type][INFO] - numpy allclose failed for abs_err 15.816564369959801 and rel_err 1.0
[2026-07-23 11:04:09,918][pytensor.tensor.type][INFO] - numpy allclose failed for abs_err 15.816564369959801 and rel_err 1.0
[2026-07-23 11:04:09,930][pymc.sampling.forward][INFO] - Sampling: []
[2026-07-23 11:04:10,106][pytensor.tensor.type][INFO] - numpy allclose failed for abs_err 14.156932402444001 and rel_err 1.0
[2026-07-23 11:04:10,107][pytensor.tensor.type][INFO] - numpy allclose failed for abs_err 14.156932402444001 and rel_err 1.0
[2026-07-23 11:04:10,107][pytensor.tensor.type][INFO] - numpy allclose failed for abs_err 14.156932402444001 and rel_err 1.0
[2026-07-23 11:04:10,119][pymc.sampling.forward][INFO] - Sampling: []
[2026-07-23 11:04:10,194][pytensor.tensor.type][INFO] - numpy allclose failed for abs_err 14.156932402444001 and rel_err 1.0
[2026-07-23 11:04:10,194][pytensor.tensor.type][INFO] - numpy allclose failed for abs_err 14.156932402444001 and rel_err 1.0
[2026-07-23 11:04:10,194][pytensor.tensor.type][INFO] - numpy allclose failed for abs_err 14.156932402444001 and rel_err 1.0
[2026-07-23 11:04:10,210][pymc.sampling.forward][INFO] - Sampling: []
[2026-07-23 11:04:10,275][pytensor.tensor.type][INFO] - numpy allclose failed for abs_err 14.159063387675255 and rel_err 1.0
[2026-07-23 11:04:10,276][pytensor.tensor.type][INFO] - numpy allclose failed for abs_err 14.159063387675255 and rel_err 1.0
[2026-07-23 11:04:10,276][pytensor.tensor.type][INFO] - numpy allclose failed for abs_err 14.159063387675255 and rel_err 1.0
[2026-07-23 11:04:10,287][pymc.sampling.forward][INFO] - Sampling: []
[2026-07-23 11:04:10,359][pytensor.tensor.type][INFO] - numpy allclose failed for abs_err 15.816564369959801 and rel_err 1.0
[2026-07-23 11:04:10,359][pytensor.tensor.type][INFO] - numpy allclose failed for abs_err 15.816564369959801 and rel_err 1.0
[2026-07-23 11:04:10,360][pytensor.tensor.type][INFO] - numpy allclose failed for abs_err 15.816564369959801 and rel_err 1.0
[2026-07-23 11:04:10,370][pymc.sampling.forward][INFO] - Sampling: []
[2026-07-23 11:04:10,528][pytensor.tensor.type][INFO] - numpy allclose failed for abs_err 14.156932402444001 and rel_err 1.0
[2026-07-23 11:04:10,528][pytensor.tensor.type][INFO] - numpy allclose failed for abs_err 14.156932402444001 and rel_err 1.0
[2026-07-23 11:04:10,528][pytensor.tensor.type][INFO] - numpy allclose failed for abs_err 14.156932402444001 and rel_err 1.0
[2026-07-23 11:04:10,544][pymc.sampling.forward][INFO] - Sampling: []
[2026-07-23 11:04:10,620][pytensor.tensor.type][INFO] - numpy allclose failed for abs_err 14.156932402444001 and rel_err 1.0
[2026-07-23 11:04:10,620][pytensor.tensor.type][INFO] - numpy allclose failed for abs_err 14.156932402444001 and rel_err 1.0
[2026-07-23 11:04:10,621][pytensor.tensor.type][INFO] - numpy allclose failed for abs_err 14.156932402444001 and rel_err 1.0
[2026-07-23 11:04:10,634][pymc.sampling.forward][INFO] - Sampling: []
[2026-07-23 11:04:10,699][pytensor.tensor.type][INFO] - numpy allclose failed for abs_err 14.159063387675255 and rel_err 1.0
[2026-07-23 11:04:10,700][pytensor.tensor.type][INFO] - numpy allclose failed for abs_err 14.159063387675255 and rel_err 1.0
[2026-07-23 11:04:10,700][pytensor.tensor.type][INFO] - numpy allclose failed for abs_err 14.159063387675255 and rel_err 1.0
[2026-07-23 11:04:10,711][pymc.sampling.forward][INFO] - Sampling: []
[2026-07-23 11:04:10,781][pytensor.tensor.type][INFO] - numpy allclose failed for abs_err 15.816564369959801 and rel_err 1.0
[2026-07-23 11:04:10,781][pytensor.tensor.type][INFO] - numpy allclose failed for abs_err 15.816564369959801 and rel_err 1.0
[2026-07-23 11:04:10,782][pytensor.tensor.type][INFO] - numpy allclose failed for abs_err 15.816564369959801 and rel_err 1.0
[2026-07-23 11:04:10,792][pymc.sampling.forward][INFO] - Sampling: []
[2026-07-23 11:04:10,957][pytensor.tensor.type][INFO] - numpy allclose failed for abs_err 14.156932402444001 and rel_err 1.0
[2026-07-23 11:04:10,957][pytensor.tensor.type][INFO] - numpy allclose failed for abs_err 14.156932402444001 and rel_err 1.0
[2026-07-23 11:04:10,957][pytensor.tensor.type][INFO] - numpy allclose failed for abs_err 14.156932402444001 and rel_err 1.0
[2026-07-23 11:04:10,971][pymc.sampling.forward][INFO] - Sampling: []
[2026-07-23 11:04:11,037][pytensor.tensor.type][INFO] - numpy allclose failed for abs_err 14.156932402444001 and rel_err 1.0
[2026-07-23 11:04:11,038][pytensor.tensor.type][INFO] - numpy allclose failed for abs_err 14.156932402444001 and rel_err 1.0
[2026-07-23 11:04:11,038][pytensor.tensor.type][INFO] - numpy allclose failed for abs_err 14.156932402444001 and rel_err 1.0
[2026-07-23 11:04:11,049][pymc.sampling.forward][INFO] - Sampling: []
[2026-07-23 11:04:11,117][pytensor.tensor.type][INFO] - numpy allclose failed for abs_err 14.159063387675255 and rel_err 1.0
[2026-07-23 11:04:11,117][pytensor.tensor.type][INFO] - numpy allclose failed for abs_err 14.159063387675255 and rel_err 1.0
[2026-07-23 11:04:11,118][pytensor.tensor.type][INFO] - numpy allclose failed for abs_err 14.159063387675255 and rel_err 1.0
[2026-07-23 11:04:11,129][pymc.sampling.forward][INFO] - Sampling: []
[2026-07-23 11:04:11,206][pytensor.tensor.type][INFO] - numpy allclose failed for abs_err 15.816564369959801 and rel_err 1.0
[2026-07-23 11:04:11,206][pytensor.tensor.type][INFO] - numpy allclose failed for abs_err 15.816564369959801 and rel_err 1.0
[2026-07-23 11:04:11,207][pytensor.tensor.type][INFO] - numpy allclose failed for abs_err 15.816564369959801 and rel_err 1.0
[2026-07-23 11:04:11,219][pymc.sampling.forward][INFO] - Sampling: []
[2026-07-23 11:04:11,390][pytensor.tensor.type][INFO] - numpy allclose failed for abs_err 14.156932402444001 and rel_err 1.0
[2026-07-23 11:04:11,390][pytensor.tensor.type][INFO] - numpy allclose failed for abs_err 14.156932402444001 and rel_err 1.0
[2026-07-23 11:04:11,390][pytensor.tensor.type][INFO] - numpy allclose failed for abs_err 14.156932402444001 and rel_err 1.0
[2026-07-23 11:04:11,401][pymc.sampling.forward][INFO] - Sampling: []
[2026-07-23 11:04:11,470][pytensor.tensor.type][INFO] - numpy allclose failed for abs_err 14.156932402444001 and rel_err 1.0
[2026-07-23 11:04:11,470][pytensor.tensor.type][INFO] - numpy allclose failed for abs_err 14.156932402444001 and rel_err 1.0
[2026-07-23 11:04:11,470][pytensor.tensor.type][INFO] - numpy allclose failed for abs_err 14.156932402444001 and rel_err 1.0
[2026-07-23 11:04:11,475][pymc.sampling.forward][INFO] - Sampling: []
[2026-07-23 11:04:11,545][pytensor.tensor.type][INFO] - numpy allclose failed for abs_err 14.159063387675255 and rel_err 1.0
[2026-07-23 11:04:11,545][pytensor.tensor.type][INFO] - numpy allclose failed for abs_err 14.159063387675255 and rel_err 1.0
[2026-07-23 11:04:11,545][pytensor.tensor.type][INFO] - numpy allclose failed for abs_err 14.159063387675255 and rel_err 1.0
[2026-07-23 11:04:11,555][pymc.sampling.forward][INFO] - Sampling: []
[2026-07-23 11:04:11,620][pytensor.tensor.type][INFO] - numpy allclose failed for abs_err 15.816564369959801 and rel_err 1.0
[2026-07-23 11:04:11,620][pytensor.tensor.type][INFO] - numpy allclose failed for abs_err 15.816564369959801 and rel_err 1.0
[2026-07-23 11:04:11,621][pytensor.tensor.type][INFO] - numpy allclose failed for abs_err 15.816564369959801 and rel_err 1.0
[2026-07-23 11:04:11,631][pymc.sampling.forward][INFO] - Sampling: []
[2026-07-23 11:04:11,801][pytensor.tensor.type][INFO] - numpy allclose failed for abs_err 14.156932402444001 and rel_err 1.0
[2026-07-23 11:04:11,801][pytensor.tensor.type][INFO] - numpy allclose failed for abs_err 14.156932402444001 and rel_err 1.0
[2026-07-23 11:04:11,802][pytensor.tensor.type][INFO] - numpy allclose failed for abs_err 14.156932402444001 and rel_err 1.0
[2026-07-23 11:04:11,807][pymc.sampling.forward][INFO] - Sampling: []
[2026-07-23 11:04:11,890][pytensor.tensor.type][INFO] - numpy allclose failed for abs_err 14.156932402444001 and rel_err 1.0
[2026-07-23 11:04:11,890][pytensor.tensor.type][INFO] - numpy allclose failed for abs_err 14.156932402444001 and rel_err 1.0
[2026-07-23 11:04:11,891][pytensor.tensor.type][INFO] - numpy allclose failed for abs_err 14.156932402444001 and rel_err 1.0
[2026-07-23 11:04:11,902][pymc.sampling.forward][INFO] - Sampling: []
[2026-07-23 11:04:11,971][pytensor.tensor.type][INFO] - numpy allclose failed for abs_err 14.159063387675255 and rel_err 1.0
[2026-07-23 11:04:11,972][pytensor.tensor.type][INFO] - numpy allclose failed for abs_err 14.159063387675255 and rel_err 1.0
[2026-07-23 11:04:11,972][pytensor.tensor.type][INFO] - numpy allclose failed for abs_err 14.159063387675255 and rel_err 1.0
[2026-07-23 11:04:11,983][pymc.sampling.forward][INFO] - Sampling: []
[2026-07-23 11:04:12,046][pytensor.tensor.type][INFO] - numpy allclose failed for abs_err 15.816564369959801 and rel_err 1.0
[2026-07-23 11:04:12,047][pytensor.tensor.type][INFO] - numpy allclose failed for abs_err 15.816564369959801 and rel_err 1.0
[2026-07-23 11:04:12,047][pytensor.tensor.type][INFO] - numpy allclose failed for abs_err 15.816564369959801 and rel_err 1.0
[2026-07-23 11:04:12,053][pymc.sampling.forward][INFO] - Sampling: []
[2026-07-23 11:04:12,207][pytensor.tensor.type][INFO] - numpy allclose failed for abs_err 14.156932402444001 and rel_err 1.0
[2026-07-23 11:04:12,207][pytensor.tensor.type][INFO] - numpy allclose failed for abs_err 14.156932402444001 and rel_err 1.0
[2026-07-23 11:04:12,209][pytensor.tensor.type][INFO] - numpy allclose failed for abs_err 14.156932402444001 and rel_err 1.0
[2026-07-23 11:04:12,222][pymc.sampling.forward][INFO] - Sampling: []
[2026-07-23 11:04:12,287][pytensor.tensor.type][INFO] - numpy allclose failed for abs_err 14.156932402444001 and rel_err 1.0
[2026-07-23 11:04:12,287][pytensor.tensor.type][INFO] - numpy allclose failed for abs_err 14.156932402444001 and rel_err 1.0
[2026-07-23 11:04:12,287][pytensor.tensor.type][INFO] - numpy allclose failed for abs_err 14.156932402444001 and rel_err 1.0
[2026-07-23 11:04:12,297][pymc.sampling.forward][INFO] - Sampling: []
[2026-07-23 11:04:12,353][pytensor.tensor.type][INFO] - numpy allclose failed for abs_err 14.159063387675255 and rel_err 1.0
[2026-07-23 11:04:12,353][pytensor.tensor.type][INFO] - numpy allclose failed for abs_err 14.159063387675255 and rel_err 1.0
[2026-07-23 11:04:12,353][pytensor.tensor.type][INFO] - numpy allclose failed for abs_err 14.159063387675255 and rel_err 1.0
[2026-07-23 11:04:12,371][pymc.sampling.forward][INFO] - Sampling: []
[2026-07-23 11:04:12,437][pytensor.tensor.type][INFO] - numpy allclose failed for abs_err 15.816564369959801 and rel_err 1.0
[2026-07-23 11:04:12,437][pytensor.tensor.type][INFO] - numpy allclose failed for abs_err 15.816564369959801 and rel_err 1.0
[2026-07-23 11:04:12,438][pytensor.tensor.type][INFO] - numpy allclose failed for abs_err 15.816564369959801 and rel_err 1.0
[2026-07-23 11:04:12,447][pymc.sampling.forward][INFO] - Sampling: []
[2026-07-23 11:04:12,587][pytensor.tensor.type][INFO] - numpy allclose failed for abs_err 14.156932402444001 and rel_err 1.0
[2026-07-23 11:04:12,587][pytensor.tensor.type][INFO] - numpy allclose failed for abs_err 14.156932402444001 and rel_err 1.0
[2026-07-23 11:04:12,587][pytensor.tensor.type][INFO] - numpy allclose failed for abs_err 14.156932402444001 and rel_err 1.0
[2026-07-23 11:04:12,605][pymc.sampling.forward][INFO] - Sampling: []
[2026-07-23 11:04:12,680][pytensor.tensor.type][INFO] - numpy allclose failed for abs_err 14.156932402444001 and rel_err 1.0
[2026-07-23 11:04:12,681][pytensor.tensor.type][INFO] - numpy allclose failed for abs_err 14.156932402444001 and rel_err 1.0
[2026-07-23 11:04:12,681][pytensor.tensor.type][INFO] - numpy allclose failed for abs_err 14.156932402444001 and rel_err 1.0
[2026-07-23 11:04:12,692][pymc.sampling.forward][INFO] - Sampling: []
[2026-07-23 11:04:12,753][pytensor.tensor.type][INFO] - numpy allclose failed for abs_err 14.159063387675255 and rel_err 1.0
[2026-07-23 11:04:12,753][pytensor.tensor.type][INFO] - numpy allclose failed for abs_err 14.159063387675255 and rel_err 1.0
[2026-07-23 11:04:12,753][pytensor.tensor.type][INFO] - numpy allclose failed for abs_err 14.159063387675255 and rel_err 1.0
[2026-07-23 11:04:12,775][pymc.sampling.forward][INFO] - Sampling: []
[2026-07-23 11:04:12,842][pytensor.tensor.type][INFO] - numpy allclose failed for abs_err 15.816564369959801 and rel_err 1.0
[2026-07-23 11:04:12,842][pytensor.tensor.type][INFO] - numpy allclose failed for abs_err 15.816564369959801 and rel_err 1.0
[2026-07-23 11:04:12,842][pytensor.tensor.type][INFO] - numpy allclose failed for abs_err 15.816564369959801 and rel_err 1.0
[2026-07-23 11:04:12,861][pymc.sampling.forward][INFO] - Sampling: []
[2026-07-23 11:04:13,036][pymc.sampling.forward][INFO] - Sampling: []
[2026-07-23 11:04:13,119][pymc.sampling.forward][INFO] - Sampling: []
[2026-07-23 11:04:13,193][pymc.sampling.forward][INFO] - Sampling: []
[2026-07-23 11:04:13,268][pymc.sampling.forward][INFO] - Sampling: []
[2026-07-23 11:04:13,491][pymc.sampling.mcmc][INFO] - Initializing NUTS using jitter+adapt_diag...
[2026-07-23 11:04:13,792][pymc.sampling.mcmc][INFO] - Multiprocess sampling (4 chains in 4 jobs)
[2026-07-23 11:04:13,792][pymc.sampling.mcmc][INFO] - NUTS: [alpha, beta]
[2026-07-23 11:05:11,853][pymc.sampling.mcmc][INFO] - Sampling 4 chains for 1_000 tune and 1_000 draw iterations (4_000 + 4_000 draws total) took 58 seconds.
[2026-07-23 11:05:11,969][pymc.sampling.mcmc][INFO] - Initializing NUTS using jitter+adapt_diag...
[2026-07-23 11:05:12,292][pymc.sampling.mcmc][INFO] - Multiprocess sampling (4 chains in 4 jobs)
[2026-07-23 11:05:12,292][pymc.sampling.mcmc][INFO] - NUTS: [alpha, beta]
[2026-07-23 11:06:07,943][pymc.sampling.mcmc][INFO] - Sampling 4 chains for 1_000 tune and 1_000 draw iterations (4_000 + 4_000 draws total) took 56 seconds.
[2026-07-23 11:06:08,066][pymc.sampling.mcmc][INFO] - Initializing NUTS using jitter+adapt_diag...
[2026-07-23 11:06:08,369][pymc.sampling.mcmc][INFO] - Multiprocess sampling (4 chains in 4 jobs)
[2026-07-23 11:06:08,369][pymc.sampling.mcmc][INFO] - NUTS: [alpha, beta]
[2026-07-23 11:07:03,225][pymc.sampling.mcmc][INFO] - Sampling 4 chains for 1_000 tune and 1_000 draw iterations (4_000 + 4_000 draws total) took 55 seconds.
[2026-07-23 11:07:03,259][pytensor.tensor.type][INFO] - numpy allclose failed for abs_err 14.070211339783784 and rel_err 1.0
[2026-07-23 11:07:03,267][pytensor.tensor.type][INFO] - numpy allclose failed for abs_err 14.070211339783784 and rel_err 1.0
[2026-07-23 11:07:03,267][pytensor.tensor.type][INFO] - numpy allclose failed for abs_err 14.070211339783784 and rel_err 1.0
[2026-07-23 11:07:03,273][pymc.sampling.forward][INFO] - Sampling: []
[2026-07-23 11:07:03,338][pytensor.tensor.type][INFO] - numpy allclose failed for abs_err 26.924681950402373 and rel_err 1.0
[2026-07-23 11:07:03,339][pytensor.tensor.type][INFO] - numpy allclose failed for abs_err 26.924681950402373 and rel_err 1.0
[2026-07-23 11:07:03,339][pytensor.tensor.type][INFO] - numpy allclose failed for abs_err 26.924681950402373 and rel_err 1.0
[2026-07-23 11:07:03,348][pymc.sampling.forward][INFO] - Sampling: []
[2026-07-23 11:07:03,409][pytensor.tensor.type][INFO] - numpy allclose failed for abs_err 13.916080821318596 and rel_err 1.0
[2026-07-23 11:07:03,409][pytensor.tensor.type][INFO] - numpy allclose failed for abs_err 13.916080821318596 and rel_err 1.0
[2026-07-23 11:07:03,410][pytensor.tensor.type][INFO] - numpy allclose failed for abs_err 13.916080821318596 and rel_err 1.0
[2026-07-23 11:07:03,421][pymc.sampling.forward][INFO] - Sampling: []
[2026-07-23 11:07:03,469][pytensor.tensor.type][INFO] - numpy allclose failed for abs_err 14.619647789759606 and rel_err 1.0
[2026-07-23 11:07:03,469][pytensor.tensor.type][INFO] - numpy allclose failed for abs_err 14.619647789759606 and rel_err 1.0
[2026-07-23 11:07:03,469][pytensor.tensor.type][INFO] - numpy allclose failed for abs_err 14.619647789759606 and rel_err 1.0
[2026-07-23 11:07:03,495][pymc.sampling.forward][INFO] - Sampling: []
[2026-07-23 11:07:03,641][pytensor.tensor.type][INFO] - numpy allclose failed for abs_err 14.117711234850853 and rel_err 1.0
[2026-07-23 11:07:03,641][pytensor.tensor.type][INFO] - numpy allclose failed for abs_err 14.117711234850853 and rel_err 1.0
[2026-07-23 11:07:03,641][pytensor.tensor.type][INFO] - numpy allclose failed for abs_err 14.117711234850853 and rel_err 1.0
[2026-07-23 11:07:03,655][pymc.sampling.forward][INFO] - Sampling: []
[2026-07-23 11:07:03,732][pytensor.tensor.type][INFO] - numpy allclose failed for abs_err 14.070211339783784 and rel_err 1.0
[2026-07-23 11:07:03,733][pytensor.tensor.type][INFO] - numpy allclose failed for abs_err 14.070211339783784 and rel_err 1.0
[2026-07-23 11:07:03,733][pytensor.tensor.type][INFO] - numpy allclose failed for abs_err 14.070211339783784 and rel_err 1.0
[2026-07-23 11:07:03,735][pymc.sampling.forward][INFO] - Sampling: []
[2026-07-23 11:07:03,808][pytensor.tensor.type][INFO] - numpy allclose failed for abs_err 12.556254195020479 and rel_err 1.0
[2026-07-23 11:07:03,809][pytensor.tensor.type][INFO] - numpy allclose failed for abs_err 12.556254195020479 and rel_err 1.0
[2026-07-23 11:07:03,809][pytensor.tensor.type][INFO] - numpy allclose failed for abs_err 12.556254195020479 and rel_err 1.0
[2026-07-23 11:07:03,821][pymc.sampling.forward][INFO] - Sampling: []
[2026-07-23 11:07:03,870][pytensor.tensor.type][INFO] - numpy allclose failed for abs_err 16.053487587733237 and rel_err 1.0
[2026-07-23 11:07:03,884][pytensor.tensor.type][INFO] - numpy allclose failed for abs_err 16.053487587733237 and rel_err 1.0
[2026-07-23 11:07:03,884][pytensor.tensor.type][INFO] - numpy allclose failed for abs_err 16.053487587733237 and rel_err 1.0
[2026-07-23 11:07:03,894][pymc.sampling.forward][INFO] - Sampling: []
[2026-07-23 11:07:04,049][pytensor.tensor.type][INFO] - numpy allclose failed for abs_err 14.117711234850853 and rel_err 1.0
[2026-07-23 11:07:04,050][pytensor.tensor.type][INFO] - numpy allclose failed for abs_err 14.117711234850853 and rel_err 1.0
[2026-07-23 11:07:04,051][pytensor.tensor.type][INFO] - numpy allclose failed for abs_err 14.117711234850853 and rel_err 1.0
[2026-07-23 11:07:04,055][pymc.sampling.forward][INFO] - Sampling: []
[2026-07-23 11:07:04,123][pytensor.tensor.type][INFO] - numpy allclose failed for abs_err 14.117711234850853 and rel_err 1.0
[2026-07-23 11:07:04,123][pytensor.tensor.type][INFO] - numpy allclose failed for abs_err 14.117711234850853 and rel_err 1.0
[2026-07-23 11:07:04,123][pytensor.tensor.type][INFO] - numpy allclose failed for abs_err 14.117711234850853 and rel_err 1.0
[2026-07-23 11:07:04,137][pymc.sampling.forward][INFO] - Sampling: []
[2026-07-23 11:07:04,216][pytensor.tensor.type][INFO] - numpy allclose failed for abs_err 12.48770611171512 and rel_err 1.0
[2026-07-23 11:07:04,217][pytensor.tensor.type][INFO] - numpy allclose failed for abs_err 12.48770611171512 and rel_err 1.0
[2026-07-23 11:07:04,217][pytensor.tensor.type][INFO] - numpy allclose failed for abs_err 12.48770611171512 and rel_err 1.0
[2026-07-23 11:07:04,227][pymc.sampling.forward][INFO] - Sampling: []
[2026-07-23 11:07:04,287][pytensor.tensor.type][INFO] - numpy allclose failed for abs_err 14.523446489167329 and rel_err 1.0
[2026-07-23 11:07:04,287][pytensor.tensor.type][INFO] - numpy allclose failed for abs_err 14.523446489167329 and rel_err 1.0
[2026-07-23 11:07:04,288][pytensor.tensor.type][INFO] - numpy allclose failed for abs_err 14.523446489167329 and rel_err 1.0
[2026-07-23 11:07:04,299][pymc.sampling.forward][INFO] - Sampling: []
[2026-07-23 11:07:04,443][pytensor.tensor.type][INFO] - numpy allclose failed for abs_err 13.867697943015068 and rel_err 1.0
[2026-07-23 11:07:04,445][pytensor.tensor.type][INFO] - numpy allclose failed for abs_err 13.867697943015068 and rel_err 1.0
[2026-07-23 11:07:04,445][pytensor.tensor.type][INFO] - numpy allclose failed for abs_err 13.867697943015068 and rel_err 1.0
[2026-07-23 11:07:04,455][pymc.sampling.forward][INFO] - Sampling: []
[2026-07-23 11:07:04,521][pytensor.tensor.type][INFO] - numpy allclose failed for abs_err 13.856383670134514 and rel_err 1.0
[2026-07-23 11:07:04,521][pytensor.tensor.type][INFO] - numpy allclose failed for abs_err 13.856383670134514 and rel_err 1.0
[2026-07-23 11:07:04,522][pytensor.tensor.type][INFO] - numpy allclose failed for abs_err 13.856383670134514 and rel_err 1.0
[2026-07-23 11:07:04,533][pymc.sampling.forward][INFO] - Sampling: []
[2026-07-23 11:07:04,602][pytensor.tensor.type][INFO] - numpy allclose failed for abs_err 12.598881052778047 and rel_err 1.0
[2026-07-23 11:07:04,603][pytensor.tensor.type][INFO] - numpy allclose failed for abs_err 12.598881052778047 and rel_err 1.0
[2026-07-23 11:07:04,603][pytensor.tensor.type][INFO] - numpy allclose failed for abs_err 12.598881052778047 and rel_err 1.0
[2026-07-23 11:07:04,614][pymc.sampling.forward][INFO] - Sampling: []
[2026-07-23 11:07:04,679][pytensor.tensor.type][INFO] - numpy allclose failed for abs_err 16.053487587733237 and rel_err 1.0
[2026-07-23 11:07:04,679][pytensor.tensor.type][INFO] - numpy allclose failed for abs_err 16.053487587733237 and rel_err 1.0
[2026-07-23 11:07:04,680][pytensor.tensor.type][INFO] - numpy allclose failed for abs_err 16.053487587733237 and rel_err 1.0
[2026-07-23 11:07:04,688][pymc.sampling.forward][INFO] - Sampling: []
[2026-07-23 11:07:04,847][pytensor.tensor.type][INFO] - numpy allclose failed for abs_err 14.117711234850853 and rel_err 1.0
[2026-07-23 11:07:04,847][pytensor.tensor.type][INFO] - numpy allclose failed for abs_err 14.117711234850853 and rel_err 1.0
[2026-07-23 11:07:04,848][pytensor.tensor.type][INFO] - numpy allclose failed for abs_err 14.117711234850853 and rel_err 1.0
[2026-07-23 11:07:05,271][pymc.sampling.forward][INFO] - Sampling: []
[2026-07-23 11:07:05,342][pytensor.tensor.type][INFO] - numpy allclose failed for abs_err 13.845743287396546 and rel_err 1.0
[2026-07-23 11:07:05,343][pytensor.tensor.type][INFO] - numpy allclose failed for abs_err 13.845743287396546 and rel_err 1.0
[2026-07-23 11:07:05,343][pytensor.tensor.type][INFO] - numpy allclose failed for abs_err 13.845743287396546 and rel_err 1.0
[2026-07-23 11:07:05,356][pymc.sampling.forward][INFO] - Sampling: []
[2026-07-23 11:07:05,420][pytensor.tensor.type][INFO] - numpy allclose failed for abs_err 13.916080821318596 and rel_err 1.0
[2026-07-23 11:07:05,421][pytensor.tensor.type][INFO] - numpy allclose failed for abs_err 13.916080821318596 and rel_err 1.0
[2026-07-23 11:07:05,421][pytensor.tensor.type][INFO] - numpy allclose failed for abs_err 13.916080821318596 and rel_err 1.0
[2026-07-23 11:07:05,431][pymc.sampling.forward][INFO] - Sampling: []
[2026-07-23 11:07:05,490][pytensor.tensor.type][INFO] - numpy allclose failed for abs_err 16.053487587733237 and rel_err 1.0
[2026-07-23 11:07:05,490][pytensor.tensor.type][INFO] - numpy allclose failed for abs_err 16.053487587733237 and rel_err 1.0
[2026-07-23 11:07:05,491][pytensor.tensor.type][INFO] - numpy allclose failed for abs_err 16.053487587733237 and rel_err 1.0
[2026-07-23 11:07:05,503][pymc.sampling.forward][INFO] - Sampling: []
[2026-07-23 11:07:05,663][pytensor.tensor.type][INFO] - numpy allclose failed for abs_err 13.841672588181611 and rel_err 1.0
[2026-07-23 11:07:05,663][pytensor.tensor.type][INFO] - numpy allclose failed for abs_err 13.841672588181611 and rel_err 1.0
[2026-07-23 11:07:05,663][pytensor.tensor.type][INFO] - numpy allclose failed for abs_err 13.841672588181611 and rel_err 1.0
[2026-07-23 11:07:05,676][pymc.sampling.forward][INFO] - Sampling: []
[2026-07-23 11:07:05,740][pytensor.tensor.type][INFO] - numpy allclose failed for abs_err 13.863258708310243 and rel_err 1.0
[2026-07-23 11:07:05,740][pytensor.tensor.type][INFO] - numpy allclose failed for abs_err 13.863258708310243 and rel_err 1.0
[2026-07-23 11:07:05,741][pytensor.tensor.type][INFO] - numpy allclose failed for abs_err 13.863258708310243 and rel_err 1.0
[2026-07-23 11:07:05,752][pymc.sampling.forward][INFO] - Sampling: []
[2026-07-23 11:07:05,819][pytensor.tensor.type][INFO] - numpy allclose failed for abs_err 12.44623927955417 and rel_err 1.0
[2026-07-23 11:07:05,819][pytensor.tensor.type][INFO] - numpy allclose failed for abs_err 12.44623927955417 and rel_err 1.0
[2026-07-23 11:07:05,821][pytensor.tensor.type][INFO] - numpy allclose failed for abs_err 12.44623927955417 and rel_err 1.0
[2026-07-23 11:07:05,830][pymc.sampling.forward][INFO] - Sampling: []
[2026-07-23 11:07:05,885][pytensor.tensor.type][INFO] - numpy allclose failed for abs_err 16.053487587733237 and rel_err 1.0
[2026-07-23 11:07:05,885][pytensor.tensor.type][INFO] - numpy allclose failed for abs_err 16.053487587733237 and rel_err 1.0
[2026-07-23 11:07:05,885][pytensor.tensor.type][INFO] - numpy allclose failed for abs_err 16.053487587733237 and rel_err 1.0
[2026-07-23 11:07:05,909][pymc.sampling.forward][INFO] - Sampling: []
[2026-07-23 11:07:06,064][pytensor.tensor.type][INFO] - numpy allclose failed for abs_err 13.863258708310243 and rel_err 1.0
[2026-07-23 11:07:06,064][pytensor.tensor.type][INFO] - numpy allclose failed for abs_err 13.863258708310243 and rel_err 1.0
[2026-07-23 11:07:06,065][pytensor.tensor.type][INFO] - numpy allclose failed for abs_err 13.863258708310243 and rel_err 1.0
[2026-07-23 11:07:06,081][pymc.sampling.forward][INFO] - Sampling: []
[2026-07-23 11:07:06,152][pytensor.tensor.type][INFO] - numpy allclose failed for abs_err 14.117711234850853 and rel_err 1.0
[2026-07-23 11:07:06,152][pytensor.tensor.type][INFO] - numpy allclose failed for abs_err 14.117711234850853 and rel_err 1.0
[2026-07-23 11:07:06,152][pytensor.tensor.type][INFO] - numpy allclose failed for abs_err 14.117711234850853 and rel_err 1.0
[2026-07-23 11:07:06,174][pymc.sampling.forward][INFO] - Sampling: []
[2026-07-23 11:07:06,246][pytensor.tensor.type][INFO] - numpy allclose failed for abs_err 12.556254195020479 and rel_err 1.0
[2026-07-23 11:07:06,246][pytensor.tensor.type][INFO] - numpy allclose failed for abs_err 12.556254195020479 and rel_err 1.0
[2026-07-23 11:07:06,246][pytensor.tensor.type][INFO] - numpy allclose failed for abs_err 12.556254195020479 and rel_err 1.0
[2026-07-23 11:07:06,255][pymc.sampling.forward][INFO] - Sampling: []
[2026-07-23 11:07:06,325][pytensor.tensor.type][INFO] - numpy allclose failed for abs_err 14.523446489167329 and rel_err 1.0
[2026-07-23 11:07:06,325][pytensor.tensor.type][INFO] - numpy allclose failed for abs_err 14.523446489167329 and rel_err 1.0
[2026-07-23 11:07:06,326][pytensor.tensor.type][INFO] - numpy allclose failed for abs_err 14.523446489167329 and rel_err 1.0
[2026-07-23 11:07:06,338][pymc.sampling.forward][INFO] - Sampling: []
[2026-07-23 11:07:06,507][pytensor.tensor.type][INFO] - numpy allclose failed for abs_err 13.85220401362893 and rel_err 1.0
[2026-07-23 11:07:06,507][pytensor.tensor.type][INFO] - numpy allclose failed for abs_err 13.85220401362893 and rel_err 1.0
[2026-07-23 11:07:06,507][pytensor.tensor.type][INFO] - numpy allclose failed for abs_err 13.85220401362893 and rel_err 1.0
[2026-07-23 11:07:06,519][pymc.sampling.forward][INFO] - Sampling: []
[2026-07-23 11:07:06,588][pytensor.tensor.type][INFO] - numpy allclose failed for abs_err 14.070211339783784 and rel_err 1.0
[2026-07-23 11:07:06,588][pytensor.tensor.type][INFO] - numpy allclose failed for abs_err 14.070211339783784 and rel_err 1.0
[2026-07-23 11:07:06,589][pytensor.tensor.type][INFO] - numpy allclose failed for abs_err 14.070211339783784 and rel_err 1.0
[2026-07-23 11:07:06,602][pymc.sampling.forward][INFO] - Sampling: []
[2026-07-23 11:07:06,676][pytensor.tensor.type][INFO] - numpy allclose failed for abs_err 13.916080821318596 and rel_err 1.0
[2026-07-23 11:07:06,676][pytensor.tensor.type][INFO] - numpy allclose failed for abs_err 13.916080821318596 and rel_err 1.0
[2026-07-23 11:07:06,677][pytensor.tensor.type][INFO] - numpy allclose failed for abs_err 13.916080821318596 and rel_err 1.0
[2026-07-23 11:07:06,689][pymc.sampling.forward][INFO] - Sampling: []
[2026-07-23 11:07:06,760][pytensor.tensor.type][INFO] - numpy allclose failed for abs_err 16.053487587733237 and rel_err 1.0
[2026-07-23 11:07:06,760][pytensor.tensor.type][INFO] - numpy allclose failed for abs_err 16.053487587733237 and rel_err 1.0
[2026-07-23 11:07:06,761][pytensor.tensor.type][INFO] - numpy allclose failed for abs_err 16.053487587733237 and rel_err 1.0
[2026-07-23 11:07:06,773][pymc.sampling.forward][INFO] - Sampling: []
[2026-07-23 11:07:06,940][pytensor.tensor.type][INFO] - numpy allclose failed for abs_err 14.070211339783784 and rel_err 1.0
[2026-07-23 11:07:06,940][pytensor.tensor.type][INFO] - numpy allclose failed for abs_err 14.070211339783784 and rel_err 1.0
[2026-07-23 11:07:06,940][pytensor.tensor.type][INFO] - numpy allclose failed for abs_err 14.070211339783784 and rel_err 1.0
[2026-07-23 11:07:06,954][pymc.sampling.forward][INFO] - Sampling: []
[2026-07-23 11:07:07,024][pytensor.tensor.type][INFO] - numpy allclose failed for abs_err 14.070211339783784 and rel_err 1.0
[2026-07-23 11:07:07,024][pytensor.tensor.type][INFO] - numpy allclose failed for abs_err 14.070211339783784 and rel_err 1.0
[2026-07-23 11:07:07,025][pytensor.tensor.type][INFO] - numpy allclose failed for abs_err 14.070211339783784 and rel_err 1.0
[2026-07-23 11:07:07,038][pymc.sampling.forward][INFO] - Sampling: []
[2026-07-23 11:07:07,110][pytensor.tensor.type][INFO] - numpy allclose failed for abs_err 12.598881052778047 and rel_err 1.0
[2026-07-23 11:07:07,110][pytensor.tensor.type][INFO] - numpy allclose failed for abs_err 12.598881052778047 and rel_err 1.0
[2026-07-23 11:07:07,110][pytensor.tensor.type][INFO] - numpy allclose failed for abs_err 12.598881052778047 and rel_err 1.0
[2026-07-23 11:07:07,122][pymc.sampling.forward][INFO] - Sampling: []
[2026-07-23 11:07:07,198][pytensor.tensor.type][INFO] - numpy allclose failed for abs_err 14.523446489167329 and rel_err 1.0
[2026-07-23 11:07:07,198][pytensor.tensor.type][INFO] - numpy allclose failed for abs_err 14.523446489167329 and rel_err 1.0
[2026-07-23 11:07:07,199][pytensor.tensor.type][INFO] - numpy allclose failed for abs_err 14.523446489167329 and rel_err 1.0
[2026-07-23 11:07:07,213][pymc.sampling.forward][INFO] - Sampling: []
[2026-07-23 11:07:07,365][pytensor.tensor.type][INFO] - numpy allclose failed for abs_err 13.845743287396546 and rel_err 1.0
[2026-07-23 11:07:07,365][pytensor.tensor.type][INFO] - numpy allclose failed for abs_err 13.845743287396546 and rel_err 1.0
[2026-07-23 11:07:07,365][pytensor.tensor.type][INFO] - numpy allclose failed for abs_err 13.845743287396546 and rel_err 1.0
[2026-07-23 11:07:07,386][pymc.sampling.forward][INFO] - Sampling: []
[2026-07-23 11:07:07,464][pytensor.tensor.type][INFO] - numpy allclose failed for abs_err 13.841672588181611 and rel_err 1.0
[2026-07-23 11:07:07,465][pytensor.tensor.type][INFO] - numpy allclose failed for abs_err 13.841672588181611 and rel_err 1.0
[2026-07-23 11:07:07,465][pytensor.tensor.type][INFO] - numpy allclose failed for abs_err 13.841672588181611 and rel_err 1.0
[2026-07-23 11:07:07,478][pymc.sampling.forward][INFO] - Sampling: []
[2026-07-23 11:07:07,540][pytensor.tensor.type][INFO] - numpy allclose failed for abs_err 12.48459856395511 and rel_err 1.0
[2026-07-23 11:07:07,540][pytensor.tensor.type][INFO] - numpy allclose failed for abs_err 12.48459856395511 and rel_err 1.0
[2026-07-23 11:07:07,541][pytensor.tensor.type][INFO] - numpy allclose failed for abs_err 12.48459856395511 and rel_err 1.0
[2026-07-23 11:07:07,551][pymc.sampling.forward][INFO] - Sampling: []
[2026-07-23 11:07:07,628][pytensor.tensor.type][INFO] - numpy allclose failed for abs_err 16.053487587733237 and rel_err 1.0
[2026-07-23 11:07:07,628][pytensor.tensor.type][INFO] - numpy allclose failed for abs_err 16.053487587733237 and rel_err 1.0
[2026-07-23 11:07:07,629][pytensor.tensor.type][INFO] - numpy allclose failed for abs_err 16.053487587733237 and rel_err 1.0
[2026-07-23 11:07:07,640][pymc.sampling.forward][INFO] - Sampling: []
[2026-07-23 11:07:07,809][pymc.sampling.forward][INFO] - Sampling: []
[2026-07-23 11:07:07,891][pymc.sampling.forward][INFO] - Sampling: []
[2026-07-23 11:07:07,968][pymc.sampling.forward][INFO] - Sampling: []
[2026-07-23 11:07:08,047][pymc.sampling.forward][INFO] - Sampling: []
[2026-07-23 11:07:08,268][pymc.sampling.mcmc][INFO] - Initializing NUTS using jitter+adapt_diag...
[2026-07-23 11:07:08,574][pymc.sampling.mcmc][INFO] - Multiprocess sampling (4 chains in 4 jobs)
[2026-07-23 11:07:08,574][pymc.sampling.mcmc][INFO] - NUTS: [alpha, beta]
[2026-07-23 11:08:03,834][pymc.sampling.mcmc][INFO] - Sampling 4 chains for 1_000 tune and 1_000 draw iterations (4_000 + 4_000 draws total) took 55 seconds.
[2026-07-23 11:08:03,965][pymc.sampling.mcmc][INFO] - Initializing NUTS using jitter+adapt_diag...
[2026-07-23 11:08:04,273][pymc.sampling.mcmc][INFO] - Multiprocess sampling (4 chains in 4 jobs)
[2026-07-23 11:08:04,273][pymc.sampling.mcmc][INFO] - NUTS: [alpha, beta]
[2026-07-23 11:09:07,900][pymc.sampling.mcmc][INFO] - Sampling 4 chains for 1_000 tune and 1_000 draw iterations (4_000 + 4_000 draws total) took 64 seconds.
[2026-07-23 11:09:08,090][pymc.sampling.mcmc][INFO] - Initializing NUTS using jitter+adapt_diag...
[2026-07-23 11:09:08,561][pymc.sampling.mcmc][INFO] - Multiprocess sampling (4 chains in 4 jobs)
[2026-07-23 11:09:08,561][pymc.sampling.mcmc][INFO] - NUTS: [alpha, beta]
[2026-07-23 11:10:10,569][pymc.sampling.mcmc][INFO] - Sampling 4 chains for 1_000 tune and 1_000 draw iterations (4_000 + 4_000 draws total) took 62 seconds.
[2026-07-23 11:10:10,601][pytensor.tensor.type][INFO] - numpy allclose failed for abs_err 6.660951455181351 and rel_err 1.0
[2026-07-23 11:10:10,601][pytensor.tensor.type][INFO] - numpy allclose failed for abs_err 6.660951455181351 and rel_err 1.0
[2026-07-23 11:10:10,616][pytensor.tensor.type][INFO] - numpy allclose failed for abs_err 6.660951455181351 and rel_err 1.0
[2026-07-23 11:10:10,629][pymc.sampling.forward][INFO] - Sampling: []
[2026-07-23 11:10:10,692][pytensor.tensor.type][INFO] - numpy allclose failed for abs_err 6.660951455181351 and rel_err 1.0
[2026-07-23 11:10:10,693][pytensor.tensor.type][INFO] - numpy allclose failed for abs_err 6.660951455181351 and rel_err 1.0
[2026-07-23 11:10:10,694][pytensor.tensor.type][INFO] - numpy allclose failed for abs_err 6.660951455181351 and rel_err 1.0
[2026-07-23 11:10:10,706][pymc.sampling.forward][INFO] - Sampling: []
[2026-07-23 11:10:10,783][pytensor.tensor.type][INFO] - numpy allclose failed for abs_err 4.912864902468513 and rel_err 1.0
[2026-07-23 11:10:10,784][pytensor.tensor.type][INFO] - numpy allclose failed for abs_err 4.912864902468513 and rel_err 1.0
[2026-07-23 11:10:10,784][pytensor.tensor.type][INFO] - numpy allclose failed for abs_err 4.912864902468513 and rel_err 1.0
[2026-07-23 11:10:10,794][pymc.sampling.forward][INFO] - Sampling: []
[2026-07-23 11:10:10,867][pytensor.tensor.type][INFO] - numpy allclose failed for abs_err 7.73201752124458 and rel_err 1.0
[2026-07-23 11:10:10,867][pytensor.tensor.type][INFO] - numpy allclose failed for abs_err 7.73201752124458 and rel_err 1.0
[2026-07-23 11:10:10,867][pytensor.tensor.type][INFO] - numpy allclose failed for abs_err 7.73201752124458 and rel_err 1.0
[2026-07-23 11:10:10,879][pymc.sampling.forward][INFO] - Sampling: []
[2026-07-23 11:10:11,019][pytensor.tensor.type][INFO] - numpy allclose failed for abs_err 6.608807968754464 and rel_err 1.0
[2026-07-23 11:10:11,019][pytensor.tensor.type][INFO] - numpy allclose failed for abs_err 6.608807968754464 and rel_err 1.0
[2026-07-23 11:10:11,021][pytensor.tensor.type][INFO] - numpy allclose failed for abs_err 6.608807968754464 and rel_err 1.0
[2026-07-23 11:10:11,036][pymc.sampling.forward][INFO] - Sampling: []
[2026-07-23 11:10:11,117][pytensor.tensor.type][INFO] - numpy allclose failed for abs_err 6.608807968754464 and rel_err 1.0
[2026-07-23 11:10:11,117][pytensor.tensor.type][INFO] - numpy allclose failed for abs_err 6.608807968754464 and rel_err 1.0
[2026-07-23 11:10:11,117][pytensor.tensor.type][INFO] - numpy allclose failed for abs_err 6.608807968754464 and rel_err 1.0
[2026-07-23 11:10:11,130][pymc.sampling.forward][INFO] - Sampling: []
[2026-07-23 11:10:11,200][pytensor.tensor.type][INFO] - numpy allclose failed for abs_err 6.050283511386921 and rel_err 1.0
[2026-07-23 11:10:11,200][pytensor.tensor.type][INFO] - numpy allclose failed for abs_err 6.050283511386921 and rel_err 1.0
[2026-07-23 11:10:11,200][pytensor.tensor.type][INFO] - numpy allclose failed for abs_err 6.050283511386921 and rel_err 1.0
[2026-07-23 11:10:11,203][pymc.sampling.forward][INFO] - Sampling: []
[2026-07-23 11:10:11,269][pytensor.tensor.type][INFO] - numpy allclose failed for abs_err 9.040983442646557 and rel_err 1.0
[2026-07-23 11:10:11,269][pytensor.tensor.type][INFO] - numpy allclose failed for abs_err 9.040983442646557 and rel_err 1.0
[2026-07-23 11:10:11,269][pytensor.tensor.type][INFO] - numpy allclose failed for abs_err 9.040983442646557 and rel_err 1.0
[2026-07-23 11:10:11,286][pymc.sampling.forward][INFO] - Sampling: []
[2026-07-23 11:10:11,451][pytensor.tensor.type][INFO] - numpy allclose failed for abs_err 6.649119635170212 and rel_err 1.0
[2026-07-23 11:10:11,453][pytensor.tensor.type][INFO] - numpy allclose failed for abs_err 6.649119635170212 and rel_err 1.0
[2026-07-23 11:10:11,453][pytensor.tensor.type][INFO] - numpy allclose failed for abs_err 6.649119635170212 and rel_err 1.0
[2026-07-23 11:10:11,460][pymc.sampling.forward][INFO] - Sampling: []
[2026-07-23 11:10:11,526][pytensor.tensor.type][INFO] - numpy allclose failed for abs_err 6.649119635170212 and rel_err 1.0
[2026-07-23 11:10:11,526][pytensor.tensor.type][INFO] - numpy allclose failed for abs_err 6.649119635170212 and rel_err 1.0
[2026-07-23 11:10:11,527][pytensor.tensor.type][INFO] - numpy allclose failed for abs_err 6.649119635170212 and rel_err 1.0
[2026-07-23 11:10:11,539][pymc.sampling.forward][INFO] - Sampling: []
[2026-07-23 11:10:11,600][pytensor.tensor.type][INFO] - numpy allclose failed for abs_err 7.5064628341038 and rel_err 1.0
[2026-07-23 11:10:11,601][pytensor.tensor.type][INFO] - numpy allclose failed for abs_err 7.5064628341038 and rel_err 1.0
[2026-07-23 11:10:11,601][pytensor.tensor.type][INFO] - numpy allclose failed for abs_err 7.5064628341038 and rel_err 1.0
[2026-07-23 11:10:11,612][pymc.sampling.forward][INFO] - Sampling: []
[2026-07-23 11:10:11,684][pytensor.tensor.type][INFO] - numpy allclose failed for abs_err 7.222378476354074 and rel_err 1.0
[2026-07-23 11:10:11,684][pytensor.tensor.type][INFO] - numpy allclose failed for abs_err 7.222378476354074 and rel_err 1.0
[2026-07-23 11:10:11,684][pytensor.tensor.type][INFO] - numpy allclose failed for abs_err 7.222378476354074 and rel_err 1.0
[2026-07-23 11:10:11,703][pymc.sampling.forward][INFO] - Sampling: []
[2026-07-23 11:10:11,863][pytensor.tensor.type][INFO] - numpy allclose failed for abs_err 6.650517483299485 and rel_err 1.0
[2026-07-23 11:10:11,864][pytensor.tensor.type][INFO] - numpy allclose failed for abs_err 6.650517483299485 and rel_err 1.0
[2026-07-23 11:10:11,864][pytensor.tensor.type][INFO] - numpy allclose failed for abs_err 6.650517483299485 and rel_err 1.0
[2026-07-23 11:10:11,870][pymc.sampling.forward][INFO] - Sampling: []
[2026-07-23 11:10:11,944][pytensor.tensor.type][INFO] - numpy allclose failed for abs_err 6.650517483299485 and rel_err 1.0
[2026-07-23 11:10:11,944][pytensor.tensor.type][INFO] - numpy allclose failed for abs_err 6.650517483299485 and rel_err 1.0
[2026-07-23 11:10:11,944][pytensor.tensor.type][INFO] - numpy allclose failed for abs_err 6.650517483299485 and rel_err 1.0
[2026-07-23 11:10:11,959][pymc.sampling.forward][INFO] - Sampling: []
[2026-07-23 11:10:12,042][pytensor.tensor.type][INFO] - numpy allclose failed for abs_err 5.753174265132953 and rel_err 1.0
[2026-07-23 11:10:12,042][pytensor.tensor.type][INFO] - numpy allclose failed for abs_err 5.753174265132953 and rel_err 1.0
[2026-07-23 11:10:12,043][pytensor.tensor.type][INFO] - numpy allclose failed for abs_err 5.753174265132953 and rel_err 1.0
[2026-07-23 11:10:12,056][pymc.sampling.forward][INFO] - Sampling: []
[2026-07-23 11:10:12,118][pytensor.tensor.type][INFO] - numpy allclose failed for abs_err 7.151631481217692 and rel_err 1.0
[2026-07-23 11:10:12,119][pytensor.tensor.type][INFO] - numpy allclose failed for abs_err 7.151631481217692 and rel_err 1.0
[2026-07-23 11:10:12,119][pytensor.tensor.type][INFO] - numpy allclose failed for abs_err 7.151631481217692 and rel_err 1.0
[2026-07-23 11:10:12,131][pymc.sampling.forward][INFO] - Sampling: []
[2026-07-23 11:10:12,281][pytensor.tensor.type][INFO] - numpy allclose failed for abs_err 6.646214683597794 and rel_err 1.0
[2026-07-23 11:10:12,281][pytensor.tensor.type][INFO] - numpy allclose failed for abs_err 6.646214683597794 and rel_err 1.0
[2026-07-23 11:10:12,281][pytensor.tensor.type][INFO] - numpy allclose failed for abs_err 6.646214683597794 and rel_err 1.0
[2026-07-23 11:10:12,295][pymc.sampling.forward][INFO] - Sampling: []
[2026-07-23 11:10:12,359][pytensor.tensor.type][INFO] - numpy allclose failed for abs_err 6.646214683597794 and rel_err 1.0
[2026-07-23 11:10:12,359][pytensor.tensor.type][INFO] - numpy allclose failed for abs_err 6.646214683597794 and rel_err 1.0
[2026-07-23 11:10:12,359][pytensor.tensor.type][INFO] - numpy allclose failed for abs_err 6.646214683597794 and rel_err 1.0
[2026-07-23 11:10:12,373][pymc.sampling.forward][INFO] - Sampling: []
[2026-07-23 11:10:12,452][pytensor.tensor.type][INFO] - numpy allclose failed for abs_err 5.095446411275959 and rel_err 1.0
[2026-07-23 11:10:12,452][pytensor.tensor.type][INFO] - numpy allclose failed for abs_err 5.095446411275959 and rel_err 1.0
[2026-07-23 11:10:12,452][pytensor.tensor.type][INFO] - numpy allclose failed for abs_err 5.095446411275959 and rel_err 1.0
[2026-07-23 11:10:12,463][pymc.sampling.forward][INFO] - Sampling: []
[2026-07-23 11:10:12,527][pytensor.tensor.type][INFO] - numpy allclose failed for abs_err 7.273662191440039 and rel_err 1.0
[2026-07-23 11:10:12,527][pytensor.tensor.type][INFO] - numpy allclose failed for abs_err 7.273662191440039 and rel_err 1.0
[2026-07-23 11:10:12,527][pytensor.tensor.type][INFO] - numpy allclose failed for abs_err 7.273662191440039 and rel_err 1.0
[2026-07-23 11:10:12,534][pymc.sampling.forward][INFO] - Sampling: []
[2026-07-23 11:10:12,692][pytensor.tensor.type][INFO] - numpy allclose failed for abs_err 6.808791182362007 and rel_err 1.0
[2026-07-23 11:10:12,692][pytensor.tensor.type][INFO] - numpy allclose failed for abs_err 6.808791182362007 and rel_err 1.0
[2026-07-23 11:10:12,692][pytensor.tensor.type][INFO] - numpy allclose failed for abs_err 6.808791182362007 and rel_err 1.0
[2026-07-23 11:10:12,702][pymc.sampling.forward][INFO] - Sampling: []
[2026-07-23 11:10:12,774][pytensor.tensor.type][INFO] - numpy allclose failed for abs_err 6.808791182362007 and rel_err 1.0
[2026-07-23 11:10:12,775][pytensor.tensor.type][INFO] - numpy allclose failed for abs_err 6.808791182362007 and rel_err 1.0
[2026-07-23 11:10:12,775][pytensor.tensor.type][INFO] - numpy allclose failed for abs_err 6.808791182362007 and rel_err 1.0
[2026-07-23 11:10:12,789][pymc.sampling.forward][INFO] - Sampling: []
[2026-07-23 11:10:12,862][pytensor.tensor.type][INFO] - numpy allclose failed for abs_err 5.943628032909443 and rel_err 1.0
[2026-07-23 11:10:12,863][pytensor.tensor.type][INFO] - numpy allclose failed for abs_err 5.943628032909443 and rel_err 1.0
[2026-07-23 11:10:12,863][pytensor.tensor.type][INFO] - numpy allclose failed for abs_err 5.943628032909443 and rel_err 1.0
[2026-07-23 11:10:12,873][pymc.sampling.forward][INFO] - Sampling: []
[2026-07-23 11:10:12,949][pytensor.tensor.type][INFO] - numpy allclose failed for abs_err 8.370913603285803 and rel_err 1.0
[2026-07-23 11:10:12,950][pytensor.tensor.type][INFO] - numpy allclose failed for abs_err 8.370913603285803 and rel_err 1.0
[2026-07-23 11:10:12,950][pytensor.tensor.type][INFO] - numpy allclose failed for abs_err 8.370913603285803 and rel_err 1.0
[2026-07-23 11:10:12,959][pymc.sampling.forward][INFO] - Sampling: []
[2026-07-23 11:10:13,108][pytensor.tensor.type][INFO] - numpy allclose failed for abs_err 6.588385033268624 and rel_err 1.0
[2026-07-23 11:10:13,110][pytensor.tensor.type][INFO] - numpy allclose failed for abs_err 6.588385033268624 and rel_err 1.0
[2026-07-23 11:10:13,110][pytensor.tensor.type][INFO] - numpy allclose failed for abs_err 6.588385033268624 and rel_err 1.0
[2026-07-23 11:10:13,127][pymc.sampling.forward][INFO] - Sampling: []
[2026-07-23 11:10:13,207][pytensor.tensor.type][INFO] - numpy allclose failed for abs_err 6.588385033268624 and rel_err 1.0
[2026-07-23 11:10:13,207][pytensor.tensor.type][INFO] - numpy allclose failed for abs_err 6.588385033268624 and rel_err 1.0
[2026-07-23 11:10:13,208][pytensor.tensor.type][INFO] - numpy allclose failed for abs_err 6.588385033268624 and rel_err 1.0
[2026-07-23 11:10:13,221][pymc.sampling.forward][INFO] - Sampling: []
[2026-07-23 11:10:13,295][pytensor.tensor.type][INFO] - numpy allclose failed for abs_err 5.446367186356835 and rel_err 1.0
[2026-07-23 11:10:13,295][pytensor.tensor.type][INFO] - numpy allclose failed for abs_err 5.446367186356835 and rel_err 1.0
[2026-07-23 11:10:13,296][pytensor.tensor.type][INFO] - numpy allclose failed for abs_err 5.446367186356835 and rel_err 1.0
[2026-07-23 11:10:13,305][pymc.sampling.forward][INFO] - Sampling: []
[2026-07-23 11:10:13,371][pytensor.tensor.type][INFO] - numpy allclose failed for abs_err 7.805421330908789 and rel_err 1.0
[2026-07-23 11:10:13,372][pytensor.tensor.type][INFO] - numpy allclose failed for abs_err 7.805421330908789 and rel_err 1.0
[2026-07-23 11:10:13,372][pytensor.tensor.type][INFO] - numpy allclose failed for abs_err 7.805421330908789 and rel_err 1.0
[2026-07-23 11:10:13,384][pymc.sampling.forward][INFO] - Sampling: []
[2026-07-23 11:10:13,534][pytensor.tensor.type][INFO] - numpy allclose failed for abs_err 6.8026164391865 and rel_err 1.0
[2026-07-23 11:10:13,534][pytensor.tensor.type][INFO] - numpy allclose failed for abs_err 6.8026164391865 and rel_err 1.0
[2026-07-23 11:10:13,534][pytensor.tensor.type][INFO] - numpy allclose failed for abs_err 6.8026164391865 and rel_err 1.0
[2026-07-23 11:10:13,544][pymc.sampling.forward][INFO] - Sampling: []
[2026-07-23 11:10:13,612][pytensor.tensor.type][INFO] - numpy allclose failed for abs_err 6.8026164391865 and rel_err 1.0
[2026-07-23 11:10:13,612][pytensor.tensor.type][INFO] - numpy allclose failed for abs_err 6.8026164391865 and rel_err 1.0
[2026-07-23 11:10:13,613][pytensor.tensor.type][INFO] - numpy allclose failed for abs_err 6.8026164391865 and rel_err 1.0
[2026-07-23 11:10:13,623][pymc.sampling.forward][INFO] - Sampling: []
[2026-07-23 11:10:13,689][pytensor.tensor.type][INFO] - numpy allclose failed for abs_err 5.187359293209125 and rel_err 1.0
[2026-07-23 11:10:13,689][pytensor.tensor.type][INFO] - numpy allclose failed for abs_err 5.187359293209125 and rel_err 1.0
[2026-07-23 11:10:13,690][pytensor.tensor.type][INFO] - numpy allclose failed for abs_err 5.187359293209125 and rel_err 1.0
[2026-07-23 11:10:13,701][pymc.sampling.forward][INFO] - Sampling: []
[2026-07-23 11:10:13,767][pytensor.tensor.type][INFO] - numpy allclose failed for abs_err 7.278446411738254 and rel_err 1.0
[2026-07-23 11:10:13,767][pytensor.tensor.type][INFO] - numpy allclose failed for abs_err 7.278446411738254 and rel_err 1.0
[2026-07-23 11:10:13,768][pytensor.tensor.type][INFO] - numpy allclose failed for abs_err 7.278446411738254 and rel_err 1.0
[2026-07-23 11:10:13,780][pymc.sampling.forward][INFO] - Sampling: []
[2026-07-23 11:10:13,938][pytensor.tensor.type][INFO] - numpy allclose failed for abs_err 6.784166059814857 and rel_err 1.0
[2026-07-23 11:10:13,938][pytensor.tensor.type][INFO] - numpy allclose failed for abs_err 6.784166059814857 and rel_err 1.0
[2026-07-23 11:10:13,940][pytensor.tensor.type][INFO] - numpy allclose failed for abs_err 6.784166059814857 and rel_err 1.0
[2026-07-23 11:10:13,952][pymc.sampling.forward][INFO] - Sampling: []
[2026-07-23 11:10:14,023][pytensor.tensor.type][INFO] - numpy allclose failed for abs_err 6.784166059814857 and rel_err 1.0
[2026-07-23 11:10:14,023][pytensor.tensor.type][INFO] - numpy allclose failed for abs_err 6.784166059814857 and rel_err 1.0
[2026-07-23 11:10:14,024][pytensor.tensor.type][INFO] - numpy allclose failed for abs_err 6.784166059814857 and rel_err 1.0
[2026-07-23 11:10:14,037][pymc.sampling.forward][INFO] - Sampling: []
[2026-07-23 11:10:14,105][pytensor.tensor.type][INFO] - numpy allclose failed for abs_err 5.610957701908161 and rel_err 1.0
[2026-07-23 11:10:14,106][pytensor.tensor.type][INFO] - numpy allclose failed for abs_err 5.610957701908161 and rel_err 1.0
[2026-07-23 11:10:14,107][pytensor.tensor.type][INFO] - numpy allclose failed for abs_err 5.610957701908161 and rel_err 1.0
[2026-07-23 11:10:14,121][pymc.sampling.forward][INFO] - Sampling: []
[2026-07-23 11:10:14,197][pytensor.tensor.type][INFO] - numpy allclose failed for abs_err 8.714571335295691 and rel_err 1.0
[2026-07-23 11:10:14,198][pytensor.tensor.type][INFO] - numpy allclose failed for abs_err 8.714571335295691 and rel_err 1.0
[2026-07-23 11:10:14,198][pytensor.tensor.type][INFO] - numpy allclose failed for abs_err 8.714571335295691 and rel_err 1.0
[2026-07-23 11:10:14,210][pymc.sampling.forward][INFO] - Sampling: []
[2026-07-23 11:10:14,369][pytensor.tensor.type][INFO] - numpy allclose failed for abs_err 6.820100746475624 and rel_err 1.0
[2026-07-23 11:10:14,370][pytensor.tensor.type][INFO] - numpy allclose failed for abs_err 6.820100746475624 and rel_err 1.0
[2026-07-23 11:10:14,372][pytensor.tensor.type][INFO] - numpy allclose failed for abs_err 6.820100746475624 and rel_err 1.0
[2026-07-23 11:10:14,383][pymc.sampling.forward][INFO] - Sampling: []
[2026-07-23 11:10:14,440][pytensor.tensor.type][INFO] - numpy allclose failed for abs_err 6.820100746475624 and rel_err 1.0
[2026-07-23 11:10:14,449][pytensor.tensor.type][INFO] - numpy allclose failed for abs_err 6.820100746475624 and rel_err 1.0
[2026-07-23 11:10:14,449][pytensor.tensor.type][INFO] - numpy allclose failed for abs_err 6.820100746475624 and rel_err 1.0
[2026-07-23 11:10:14,462][pymc.sampling.forward][INFO] - Sampling: []
[2026-07-23 11:10:14,522][pytensor.tensor.type][INFO] - numpy allclose failed for abs_err 5.234195430980732 and rel_err 1.0
[2026-07-23 11:10:14,522][pytensor.tensor.type][INFO] - numpy allclose failed for abs_err 5.234195430980732 and rel_err 1.0
[2026-07-23 11:10:14,522][pytensor.tensor.type][INFO] - numpy allclose failed for abs_err 5.234195430980732 and rel_err 1.0
[2026-07-23 11:10:14,540][pymc.sampling.forward][INFO] - Sampling: []
[2026-07-23 11:10:14,600][pytensor.tensor.type][INFO] - numpy allclose failed for abs_err 8.069712688126067 and rel_err 1.0
[2026-07-23 11:10:14,616][pytensor.tensor.type][INFO] - numpy allclose failed for abs_err 8.069712688126067 and rel_err 1.0
[2026-07-23 11:10:14,616][pytensor.tensor.type][INFO] - numpy allclose failed for abs_err 8.069712688126067 and rel_err 1.0
[2026-07-23 11:10:14,618][pymc.sampling.forward][INFO] - Sampling: []
[2026-07-23 11:10:14,786][pymc.sampling.forward][INFO] - Sampling: []
[2026-07-23 11:10:14,876][pymc.sampling.forward][INFO] - Sampling: []
[2026-07-23 11:10:14,950][pymc.sampling.forward][INFO] - Sampling: []
[2026-07-23 11:10:15,036][pymc.sampling.forward][INFO] - Sampling: []
[2026-07-23 11:10:15,272][pymc.sampling.mcmc][INFO] - Initializing NUTS using jitter+adapt_diag...
[2026-07-23 11:10:15,573][pymc.sampling.mcmc][INFO] - Multiprocess sampling (4 chains in 4 jobs)
[2026-07-23 11:10:15,573][pymc.sampling.mcmc][INFO] - NUTS: [alpha, beta]
[2026-07-23 11:11:10,733][pymc.sampling.mcmc][INFO] - Sampling 4 chains for 1_000 tune and 1_000 draw iterations (4_000 + 4_000 draws total) took 55 seconds.
[2026-07-23 11:11:10,848][pymc.sampling.mcmc][INFO] - Initializing NUTS using jitter+adapt_diag...
[2026-07-23 11:11:11,172][pymc.sampling.mcmc][INFO] - Multiprocess sampling (4 chains in 4 jobs)
[2026-07-23 11:11:11,172][pymc.sampling.mcmc][INFO] - NUTS: [alpha, beta]
[2026-07-23 11:12:06,340][pymc.sampling.mcmc][INFO] - Sampling 4 chains for 1_000 tune and 1_000 draw iterations (4_000 + 4_000 draws total) took 55 seconds.
[2026-07-23 11:12:06,464][pymc.sampling.mcmc][INFO] - Initializing NUTS using jitter+adapt_diag...
[2026-07-23 11:12:06,773][pymc.sampling.mcmc][INFO] - Multiprocess sampling (4 chains in 4 jobs)
[2026-07-23 11:12:06,775][pymc.sampling.mcmc][INFO] - NUTS: [alpha, beta]
[2026-07-23 11:13:01,648][pymc.sampling.mcmc][INFO] - Sampling 4 chains for 1_000 tune and 1_000 draw iterations (4_000 + 4_000 draws total) took 55 seconds.
[2026-07-23 11:13:01,682][pytensor.tensor.type][INFO] - numpy allclose failed for abs_err 6.24101440998261 and rel_err 1.0
[2026-07-23 11:13:01,682][pytensor.tensor.type][INFO] - numpy allclose failed for abs_err 6.24101440998261 and rel_err 1.0
[2026-07-23 11:13:01,682][pytensor.tensor.type][INFO] - numpy allclose failed for abs_err 6.24101440998261 and rel_err 1.0
[2026-07-23 11:13:01,703][pymc.sampling.forward][INFO] - Sampling: []
[2026-07-23 11:13:01,772][pytensor.tensor.type][INFO] - numpy allclose failed for abs_err 6.320291388952184 and rel_err 1.0
[2026-07-23 11:13:01,773][pytensor.tensor.type][INFO] - numpy allclose failed for abs_err 6.320291388952184 and rel_err 1.0
[2026-07-23 11:13:01,773][pytensor.tensor.type][INFO] - numpy allclose failed for abs_err 6.320291388952184 and rel_err 1.0
[2026-07-23 11:13:01,786][pymc.sampling.forward][INFO] - Sampling: []
[2026-07-23 11:13:01,860][pytensor.tensor.type][INFO] - numpy allclose failed for abs_err 5.286926187127024 and rel_err 1.0
[2026-07-23 11:13:01,860][pytensor.tensor.type][INFO] - numpy allclose failed for abs_err 5.286926187127024 and rel_err 1.0
[2026-07-23 11:13:01,861][pytensor.tensor.type][INFO] - numpy allclose failed for abs_err 5.286926187127024 and rel_err 1.0
[2026-07-23 11:13:01,871][pymc.sampling.forward][INFO] - Sampling: []
[2026-07-23 11:13:01,941][pytensor.tensor.type][INFO] - numpy allclose failed for abs_err 7.0333984049923455 and rel_err 1.0
[2026-07-23 11:13:01,941][pytensor.tensor.type][INFO] - numpy allclose failed for abs_err 7.0333984049923455 and rel_err 1.0
[2026-07-23 11:13:01,942][pytensor.tensor.type][INFO] - numpy allclose failed for abs_err 7.0333984049923455 and rel_err 1.0
[2026-07-23 11:13:01,957][pymc.sampling.forward][INFO] - Sampling: []
[2026-07-23 11:13:02,100][pytensor.tensor.type][INFO] - numpy allclose failed for abs_err 5.472597764935256 and rel_err 1.0
[2026-07-23 11:13:02,102][pytensor.tensor.type][INFO] - numpy allclose failed for abs_err 5.472597764935256 and rel_err 1.0
[2026-07-23 11:13:02,102][pytensor.tensor.type][INFO] - numpy allclose failed for abs_err 5.472597764935256 and rel_err 1.0
[2026-07-23 11:13:02,113][pymc.sampling.forward][INFO] - Sampling: []
[2026-07-23 11:13:02,183][pytensor.tensor.type][INFO] - numpy allclose failed for abs_err 5.457295285668136 and rel_err 1.0
[2026-07-23 11:13:02,184][pytensor.tensor.type][INFO] - numpy allclose failed for abs_err 5.457295285668136 and rel_err 1.0
[2026-07-23 11:13:02,184][pytensor.tensor.type][INFO] - numpy allclose failed for abs_err 5.457295285668136 and rel_err 1.0
[2026-07-23 11:13:02,197][pymc.sampling.forward][INFO] - Sampling: []
[2026-07-23 11:13:02,256][pytensor.tensor.type][INFO] - numpy allclose failed for abs_err 3.935983613774622 and rel_err 1.0
[2026-07-23 11:13:02,256][pytensor.tensor.type][INFO] - numpy allclose failed for abs_err 3.935983613774622 and rel_err 1.0
[2026-07-23 11:13:02,256][pytensor.tensor.type][INFO] - numpy allclose failed for abs_err 3.935983613774622 and rel_err 1.0
[2026-07-23 11:13:02,267][pymc.sampling.forward][INFO] - Sampling: []
[2026-07-23 11:13:02,321][pytensor.tensor.type][INFO] - numpy allclose failed for abs_err 7.810288444436315 and rel_err 1.0
[2026-07-23 11:13:02,321][pytensor.tensor.type][INFO] - numpy allclose failed for abs_err 7.810288444436315 and rel_err 1.0
[2026-07-23 11:13:02,321][pytensor.tensor.type][INFO] - numpy allclose failed for abs_err 7.810288444436315 and rel_err 1.0
[2026-07-23 11:13:02,342][pymc.sampling.forward][INFO] - Sampling: []
[2026-07-23 11:13:02,484][pytensor.tensor.type][INFO] - numpy allclose failed for abs_err 6.206270028078008 and rel_err 1.0
[2026-07-23 11:13:02,484][pytensor.tensor.type][INFO] - numpy allclose failed for abs_err 6.206270028078008 and rel_err 1.0
[2026-07-23 11:13:02,484][pytensor.tensor.type][INFO] - numpy allclose failed for abs_err 6.206270028078008 and rel_err 1.0
[2026-07-23 11:13:02,497][pymc.sampling.forward][INFO] - Sampling: []
[2026-07-23 11:13:02,566][pytensor.tensor.type][INFO] - numpy allclose failed for abs_err 6.212152529680181 and rel_err 1.0
[2026-07-23 11:13:02,566][pytensor.tensor.type][INFO] - numpy allclose failed for abs_err 6.212152529680181 and rel_err 1.0
[2026-07-23 11:13:02,566][pytensor.tensor.type][INFO] - numpy allclose failed for abs_err 6.212152529680181 and rel_err 1.0
[2026-07-23 11:13:02,569][pymc.sampling.forward][INFO] - Sampling: []
[2026-07-23 11:13:02,639][pytensor.tensor.type][INFO] - numpy allclose failed for abs_err 3.5278234263647064 and rel_err 1.0
[2026-07-23 11:13:02,640][pytensor.tensor.type][INFO] - numpy allclose failed for abs_err 3.5278234263647064 and rel_err 1.0
[2026-07-23 11:13:02,640][pytensor.tensor.type][INFO] - numpy allclose failed for abs_err 3.5278234263647064 and rel_err 1.0
[2026-07-23 11:13:02,649][pymc.sampling.forward][INFO] - Sampling: []
[2026-07-23 11:13:02,720][pytensor.tensor.type][INFO] - numpy allclose failed for abs_err 5.440191641724828 and rel_err 1.0
[2026-07-23 11:13:02,721][pytensor.tensor.type][INFO] - numpy allclose failed for abs_err 5.440191641724828 and rel_err 1.0
[2026-07-23 11:13:02,721][pytensor.tensor.type][INFO] - numpy allclose failed for abs_err 5.440191641724828 and rel_err 1.0
[2026-07-23 11:13:02,732][pymc.sampling.forward][INFO] - Sampling: []
[2026-07-23 11:13:03,361][pytensor.tensor.type][INFO] - numpy allclose failed for abs_err 6.253064144575048 and rel_err 1.0
[2026-07-23 11:13:03,361][pytensor.tensor.type][INFO] - numpy allclose failed for abs_err 6.253064144575048 and rel_err 1.0
[2026-07-23 11:13:03,361][pytensor.tensor.type][INFO] - numpy allclose failed for abs_err 6.253064144575048 and rel_err 1.0
[2026-07-23 11:13:03,370][pymc.sampling.forward][INFO] - Sampling: []
[2026-07-23 11:13:03,431][pytensor.tensor.type][INFO] - numpy allclose failed for abs_err 6.192671287977148 and rel_err 1.0
[2026-07-23 11:13:03,431][pytensor.tensor.type][INFO] - numpy allclose failed for abs_err 6.192671287977148 and rel_err 1.0
[2026-07-23 11:13:03,432][pytensor.tensor.type][INFO] - numpy allclose failed for abs_err 6.192671287977148 and rel_err 1.0
[2026-07-23 11:13:03,443][pymc.sampling.forward][INFO] - Sampling: []
[2026-07-23 11:13:03,508][pytensor.tensor.type][INFO] - numpy allclose failed for abs_err 3.409559014942457 and rel_err 1.0
[2026-07-23 11:13:03,510][pytensor.tensor.type][INFO] - numpy allclose failed for abs_err 3.409559014942457 and rel_err 1.0
[2026-07-23 11:13:03,510][pytensor.tensor.type][INFO] - numpy allclose failed for abs_err 3.409559014942457 and rel_err 1.0
[2026-07-23 11:13:03,520][pymc.sampling.forward][INFO] - Sampling: []
[2026-07-23 11:13:03,582][pytensor.tensor.type][INFO] - numpy allclose failed for abs_err 5.784873972480236 and rel_err 1.0
[2026-07-23 11:13:03,582][pytensor.tensor.type][INFO] - numpy allclose failed for abs_err 5.784873972480236 and rel_err 1.0
[2026-07-23 11:13:03,582][pytensor.tensor.type][INFO] - numpy allclose failed for abs_err 5.784873972480236 and rel_err 1.0
[2026-07-23 11:13:03,598][pymc.sampling.forward][INFO] - Sampling: []
[2026-07-23 11:13:03,754][pytensor.tensor.type][INFO] - numpy allclose failed for abs_err 6.195171166383672 and rel_err 1.0
[2026-07-23 11:13:03,754][pytensor.tensor.type][INFO] - numpy allclose failed for abs_err 6.195171166383672 and rel_err 1.0
[2026-07-23 11:13:03,754][pytensor.tensor.type][INFO] - numpy allclose failed for abs_err 6.195171166383672 and rel_err 1.0
[2026-07-23 11:13:03,767][pymc.sampling.forward][INFO] - Sampling: []
[2026-07-23 11:13:03,840][pytensor.tensor.type][INFO] - numpy allclose failed for abs_err 5.629573292505505 and rel_err 1.0
[2026-07-23 11:13:03,841][pytensor.tensor.type][INFO] - numpy allclose failed for abs_err 5.629573292505505 and rel_err 1.0
[2026-07-23 11:13:03,841][pytensor.tensor.type][INFO] - numpy allclose failed for abs_err 5.629573292505505 and rel_err 1.0
[2026-07-23 11:13:03,854][pymc.sampling.forward][INFO] - Sampling: []
[2026-07-23 11:13:03,928][pytensor.tensor.type][INFO] - numpy allclose failed for abs_err 4.656370135099172 and rel_err 1.0
[2026-07-23 11:13:03,929][pytensor.tensor.type][INFO] - numpy allclose failed for abs_err 4.656370135099172 and rel_err 1.0
[2026-07-23 11:13:03,929][pytensor.tensor.type][INFO] - numpy allclose failed for abs_err 4.656370135099172 and rel_err 1.0
[2026-07-23 11:13:03,940][pymc.sampling.forward][INFO] - Sampling: []
[2026-07-23 11:13:04,014][pytensor.tensor.type][INFO] - numpy allclose failed for abs_err 5.743564144051794 and rel_err 1.0
[2026-07-23 11:13:04,015][pytensor.tensor.type][INFO] - numpy allclose failed for abs_err 5.743564144051794 and rel_err 1.0
[2026-07-23 11:13:04,015][pytensor.tensor.type][INFO] - numpy allclose failed for abs_err 5.743564144051794 and rel_err 1.0
[2026-07-23 11:13:04,026][pymc.sampling.forward][INFO] - Sampling: []
[2026-07-23 11:13:04,183][pytensor.tensor.type][INFO] - numpy allclose failed for abs_err 5.638618893396618 and rel_err 1.0
[2026-07-23 11:13:04,183][pytensor.tensor.type][INFO] - numpy allclose failed for abs_err 5.638618893396618 and rel_err 1.0
[2026-07-23 11:13:04,185][pytensor.tensor.type][INFO] - numpy allclose failed for abs_err 5.638618893396618 and rel_err 1.0
[2026-07-23 11:13:04,196][pymc.sampling.forward][INFO] - Sampling: []
[2026-07-23 11:13:04,275][pytensor.tensor.type][INFO] - numpy allclose failed for abs_err 5.665256984007122 and rel_err 1.0
[2026-07-23 11:13:04,276][pytensor.tensor.type][INFO] - numpy allclose failed for abs_err 5.665256984007122 and rel_err 1.0
[2026-07-23 11:13:04,276][pytensor.tensor.type][INFO] - numpy allclose failed for abs_err 5.665256984007122 and rel_err 1.0
[2026-07-23 11:13:04,282][pymc.sampling.forward][INFO] - Sampling: []
[2026-07-23 11:13:04,349][pytensor.tensor.type][INFO] - numpy allclose failed for abs_err 3.6907570396922127 and rel_err 1.0
[2026-07-23 11:13:04,349][pytensor.tensor.type][INFO] - numpy allclose failed for abs_err 3.6907570396922127 and rel_err 1.0
[2026-07-23 11:13:04,349][pytensor.tensor.type][INFO] - numpy allclose failed for abs_err 3.6907570396922127 and rel_err 1.0
[2026-07-23 11:13:04,370][pymc.sampling.forward][INFO] - Sampling: []
[2026-07-23 11:13:04,438][pytensor.tensor.type][INFO] - numpy allclose failed for abs_err 6.493786847693168 and rel_err 1.0
[2026-07-23 11:13:04,439][pytensor.tensor.type][INFO] - numpy allclose failed for abs_err 6.493786847693168 and rel_err 1.0
[2026-07-23 11:13:04,439][pytensor.tensor.type][INFO] - numpy allclose failed for abs_err 6.493786847693168 and rel_err 1.0
[2026-07-23 11:13:04,452][pymc.sampling.forward][INFO] - Sampling: []
[2026-07-23 11:13:04,605][pytensor.tensor.type][INFO] - numpy allclose failed for abs_err 6.195246089422155 and rel_err 1.0
[2026-07-23 11:13:04,605][pytensor.tensor.type][INFO] - numpy allclose failed for abs_err 6.195246089422155 and rel_err 1.0
[2026-07-23 11:13:04,605][pytensor.tensor.type][INFO] - numpy allclose failed for abs_err 6.195246089422155 and rel_err 1.0
[2026-07-23 11:13:04,624][pymc.sampling.forward][INFO] - Sampling: []
[2026-07-23 11:13:04,707][pytensor.tensor.type][INFO] - numpy allclose failed for abs_err 6.218533326112676 and rel_err 1.0
[2026-07-23 11:13:04,708][pytensor.tensor.type][INFO] - numpy allclose failed for abs_err 6.218533326112676 and rel_err 1.0
[2026-07-23 11:13:04,708][pytensor.tensor.type][INFO] - numpy allclose failed for abs_err 6.218533326112676 and rel_err 1.0
[2026-07-23 11:13:04,720][pymc.sampling.forward][INFO] - Sampling: []
[2026-07-23 11:13:04,784][pytensor.tensor.type][INFO] - numpy allclose failed for abs_err 2.5006487905336185 and rel_err 1.0
[2026-07-23 11:13:04,784][pytensor.tensor.type][INFO] - numpy allclose failed for abs_err 2.5006487905336185 and rel_err 1.0
[2026-07-23 11:13:04,785][pytensor.tensor.type][INFO] - numpy allclose failed for abs_err 2.5006487905336185 and rel_err 1.0
[2026-07-23 11:13:04,797][pymc.sampling.forward][INFO] - Sampling: []
[2026-07-23 11:13:04,866][pytensor.tensor.type][INFO] - numpy allclose failed for abs_err 5.4009332757639275 and rel_err 1.0
[2026-07-23 11:13:04,866][pytensor.tensor.type][INFO] - numpy allclose failed for abs_err 5.4009332757639275 and rel_err 1.0
[2026-07-23 11:13:04,867][pytensor.tensor.type][INFO] - numpy allclose failed for abs_err 5.4009332757639275 and rel_err 1.0
[2026-07-23 11:13:04,877][pymc.sampling.forward][INFO] - Sampling: []
[2026-07-23 11:13:05,028][pytensor.tensor.type][INFO] - numpy allclose failed for abs_err 6.195999015294958 and rel_err 1.0
[2026-07-23 11:13:05,029][pytensor.tensor.type][INFO] - numpy allclose failed for abs_err 6.195999015294958 and rel_err 1.0
[2026-07-23 11:13:05,030][pytensor.tensor.type][INFO] - numpy allclose failed for abs_err 6.195999015294958 and rel_err 1.0
[2026-07-23 11:13:05,043][pymc.sampling.forward][INFO] - Sampling: []
[2026-07-23 11:13:05,119][pytensor.tensor.type][INFO] - numpy allclose failed for abs_err 5.616290218603375 and rel_err 1.0
[2026-07-23 11:13:05,119][pytensor.tensor.type][INFO] - numpy allclose failed for abs_err 5.616290218603375 and rel_err 1.0
[2026-07-23 11:13:05,120][pytensor.tensor.type][INFO] - numpy allclose failed for abs_err 5.616290218603375 and rel_err 1.0
[2026-07-23 11:13:05,131][pymc.sampling.forward][INFO] - Sampling: []
[2026-07-23 11:13:05,199][pytensor.tensor.type][INFO] - numpy allclose failed for abs_err 3.99806296056001 and rel_err 1.0
[2026-07-23 11:13:05,200][pytensor.tensor.type][INFO] - numpy allclose failed for abs_err 3.99806296056001 and rel_err 1.0
[2026-07-23 11:13:05,200][pytensor.tensor.type][INFO] - numpy allclose failed for abs_err 3.99806296056001 and rel_err 1.0
[2026-07-23 11:13:05,213][pymc.sampling.forward][INFO] - Sampling: []
[2026-07-23 11:13:05,273][pytensor.tensor.type][INFO] - numpy allclose failed for abs_err 5.328231562838335 and rel_err 1.0
[2026-07-23 11:13:05,274][pytensor.tensor.type][INFO] - numpy allclose failed for abs_err 5.328231562838335 and rel_err 1.0
[2026-07-23 11:13:05,274][pytensor.tensor.type][INFO] - numpy allclose failed for abs_err 5.328231562838335 and rel_err 1.0
[2026-07-23 11:13:05,285][pymc.sampling.forward][INFO] - Sampling: []
[2026-07-23 11:13:05,451][pytensor.tensor.type][INFO] - numpy allclose failed for abs_err 6.20504759641831 and rel_err 1.0
[2026-07-23 11:13:05,451][pytensor.tensor.type][INFO] - numpy allclose failed for abs_err 6.20504759641831 and rel_err 1.0
[2026-07-23 11:13:05,451][pytensor.tensor.type][INFO] - numpy allclose failed for abs_err 6.20504759641831 and rel_err 1.0
[2026-07-23 11:13:05,457][pymc.sampling.forward][INFO] - Sampling: []
[2026-07-23 11:13:05,529][pytensor.tensor.type][INFO] - numpy allclose failed for abs_err 6.23785917850678 and rel_err 1.0
[2026-07-23 11:13:05,530][pytensor.tensor.type][INFO] - numpy allclose failed for abs_err 6.23785917850678 and rel_err 1.0
[2026-07-23 11:13:05,530][pytensor.tensor.type][INFO] - numpy allclose failed for abs_err 6.23785917850678 and rel_err 1.0
[2026-07-23 11:13:05,544][pymc.sampling.forward][INFO] - Sampling: []
[2026-07-23 11:13:05,606][pytensor.tensor.type][INFO] - numpy allclose failed for abs_err 4.611566992551564 and rel_err 1.0
[2026-07-23 11:13:05,606][pytensor.tensor.type][INFO] - numpy allclose failed for abs_err 4.611566992551564 and rel_err 1.0
[2026-07-23 11:13:05,606][pytensor.tensor.type][INFO] - numpy allclose failed for abs_err 4.611566992551564 and rel_err 1.0
[2026-07-23 11:13:05,619][pymc.sampling.forward][INFO] - Sampling: []
[2026-07-23 11:13:05,687][pytensor.tensor.type][INFO] - numpy allclose failed for abs_err 5.34381414977384 and rel_err 1.0
[2026-07-23 11:13:05,688][pytensor.tensor.type][INFO] - numpy allclose failed for abs_err 5.34381414977384 and rel_err 1.0
[2026-07-23 11:13:05,688][pytensor.tensor.type][INFO] - numpy allclose failed for abs_err 5.34381414977384 and rel_err 1.0
[2026-07-23 11:13:05,701][pymc.sampling.forward][INFO] - Sampling: []
[2026-07-23 11:13:05,849][pytensor.tensor.type][INFO] - numpy allclose failed for abs_err 6.201146174394537 and rel_err 1.0
[2026-07-23 11:13:05,850][pytensor.tensor.type][INFO] - numpy allclose failed for abs_err 6.201146174394537 and rel_err 1.0
[2026-07-23 11:13:05,850][pytensor.tensor.type][INFO] - numpy allclose failed for abs_err 6.201146174394537 and rel_err 1.0
[2026-07-23 11:13:05,859][pymc.sampling.forward][INFO] - Sampling: []
[2026-07-23 11:13:05,936][pytensor.tensor.type][INFO] - numpy allclose failed for abs_err 5.432208346333266 and rel_err 1.0
[2026-07-23 11:13:05,936][pytensor.tensor.type][INFO] - numpy allclose failed for abs_err 5.432208346333266 and rel_err 1.0
[2026-07-23 11:13:05,936][pytensor.tensor.type][INFO] - numpy allclose failed for abs_err 5.432208346333266 and rel_err 1.0
[2026-07-23 11:13:05,952][pymc.sampling.forward][INFO] - Sampling: []
[2026-07-23 11:13:06,021][pytensor.tensor.type][INFO] - numpy allclose failed for abs_err 3.19186354993376 and rel_err 1.0
[2026-07-23 11:13:06,021][pytensor.tensor.type][INFO] - numpy allclose failed for abs_err 3.19186354993376 and rel_err 1.0
[2026-07-23 11:13:06,022][pytensor.tensor.type][INFO] - numpy allclose failed for abs_err 3.19186354993376 and rel_err 1.0
[2026-07-23 11:13:06,032][pymc.sampling.forward][INFO] - Sampling: []
[2026-07-23 11:13:06,098][pytensor.tensor.type][INFO] - numpy allclose failed for abs_err 6.561729207909826 and rel_err 1.0
[2026-07-23 11:13:06,099][pytensor.tensor.type][INFO] - numpy allclose failed for abs_err 6.561729207909826 and rel_err 1.0
[2026-07-23 11:13:06,099][pytensor.tensor.type][INFO] - numpy allclose failed for abs_err 6.561729207909826 and rel_err 1.0
[2026-07-23 11:13:06,113][pymc.sampling.forward][INFO] - Sampling: []
[2026-07-23 11:13:06,267][pymc.sampling.forward][INFO] - Sampling: []
[2026-07-23 11:13:06,348][pymc.sampling.forward][INFO] - Sampling: []
[2026-07-23 11:13:06,433][pymc.sampling.forward][INFO] - Sampling: []
[2026-07-23 11:13:06,521][pymc.sampling.forward][INFO] - Sampling: []
