[2026-07-23 12:29:35,191][httpx][INFO] - HTTP Request: HEAD https://huggingface.co/datasets/allenai/ai2_arc/resolve/main/README.md "HTTP/1.1 307 Temporary Redirect"
[2026-07-23 12:29:35,192][huggingface_hub.utils._http][WARNING] - Warning: You are sending unauthenticated requests to the HF Hub. Please set a HF_TOKEN to enable higher rate limits and faster downloads.
[2026-07-23 12:29:35,573][httpx][INFO] - HTTP Request: HEAD https://huggingface.co/api/resolve-cache/datasets/allenai/ai2_arc/210d026faf9955653af8916fad021475a3f00453/README.md "HTTP/1.1 200 OK"
[2026-07-23 12:29:35,983][httpx][INFO] - HTTP Request: HEAD https://huggingface.co/datasets/allenai/ai2_arc/resolve/210d026faf9955653af8916fad021475a3f00453/ai2_arc.py "HTTP/1.1 404 Not Found"
[2026-07-23 12:29:37,182][httpx][INFO] - HTTP Request: HEAD https://s3.amazonaws.com/datasets.huggingface.co/datasets/datasets/allenai/ai2_arc/allenai/ai2_arc.py "HTTP/1.1 404 Not Found"
[2026-07-23 12:29:37,466][httpx][INFO] - HTTP Request: GET https://huggingface.co/api/datasets/allenai/ai2_arc/revision/210d026faf9955653af8916fad021475a3f00453 "HTTP/1.1 200 OK"
[2026-07-23 12:29:37,753][httpx][INFO] - HTTP Request: HEAD https://huggingface.co/datasets/allenai/ai2_arc/resolve/210d026faf9955653af8916fad021475a3f00453/.huggingface.yaml "HTTP/1.1 404 Not Found"
[2026-07-23 12:29:38,391][httpx][INFO] - HTTP Request: GET https://datasets-server.huggingface.co/info?dataset=allenai/ai2_arc "HTTP/1.1 200 OK"
[2026-07-23 12:29:38,669][httpx][INFO] - HTTP Request: GET https://huggingface.co/api/datasets/allenai/ai2_arc/tree/210d026faf9955653af8916fad021475a3f00453/ARC-Challenge?recursive=true&expand=false "HTTP/1.1 200 OK"
[2026-07-23 12:29:38,942][httpx][INFO] - HTTP Request: GET https://huggingface.co/api/datasets/allenai/ai2_arc/tree/210d026faf9955653af8916fad021475a3f00453?recursive=false&expand=false "HTTP/1.1 200 OK"
[2026-07-23 12:29:39,249][httpx][INFO] - HTTP Request: HEAD https://huggingface.co/datasets/allenai/ai2_arc/resolve/210d026faf9955653af8916fad021475a3f00453/dataset_infos.json "HTTP/1.1 404 Not Found"
[2026-07-23 12:29:39,762][pytensor.configparser][INFO] - Suppressed KeyError in PyTensorConfigParser.add for parameter 'cxx'!
[2026-07-23 12:29:39,763][pytensor.configparser][INFO] - Suppressed KeyError in PyTensorConfigParser.add for parameter 'gcc_version_str'!
[2026-07-23 12:29:39,763][pytensor.configparser][INFO] - Suppressed KeyError in PyTensorConfigParser.add for parameter 'compile__timeout'!
[2026-07-23 12:29:39,764][pytensor.configparser][INFO] - Suppressed KeyError in PyTensorConfigParser.add for parameter 'DebugMode__check_c'!
[2026-07-23 12:29:39,764][pytensor.configparser][INFO] - Suppressed KeyError in PyTensorConfigParser.add for parameter 'compiledir'!
[2026-07-23 12:29:39,866][pytensor.configparser][INFO] - Suppressed KeyError in PyTensorConfigParser.add for parameter 'blas__ldflags'!
[2026-07-23 12:29:39,884][pytensor.configdefaults][WARNING] - g++ not available, if using conda: `conda install gxx`
[2026-07-23 12:29:40,609][arviz][INFO] - Found 'auto' as default backend, checking available backends
[2026-07-23 12:29:40,611][arviz][INFO] - Matplotlib is available, defining as default backend
[2026-07-23 12:29:41,076][arviz][INFO] - arviz_base 1.2.0 available, exposing its functions as part of the `arviz` namespace
[2026-07-23 12:29:41,238][arviz][INFO] - arviz_stats 1.2.0 available, exposing its functions as part of the `arviz` namespace
[2026-07-23 12:29:41,301][arviz][INFO] - arviz_plots 1.2.0 available, exposing its functions as part of the `arviz` namespace
[2026-07-23 12:29:41,544][pymc.sampling.mcmc][INFO] - Initializing NUTS using jitter+adapt_diag...
[2026-07-23 12:29:42,741][pymc.sampling.mcmc][INFO] - Multiprocess sampling (4 chains in 4 jobs)
[2026-07-23 12:29:42,741][pymc.sampling.mcmc][INFO] - NUTS: [alpha, beta]
[2026-07-23 12:30:42,107][pymc.sampling.mcmc][INFO] - Sampling 4 chains for 1_000 tune and 1_000 draw iterations (4_000 + 4_000 draws total) took 59 seconds.
[2026-07-23 12:30:42,235][pymc.sampling.mcmc][INFO] - Initializing NUTS using jitter+adapt_diag...
[2026-07-23 12:30:42,536][pymc.sampling.mcmc][INFO] - Multiprocess sampling (4 chains in 4 jobs)
[2026-07-23 12:30:42,536][pymc.sampling.mcmc][INFO] - NUTS: [alpha, beta]
[2026-07-23 12:31:40,146][pymc.sampling.mcmc][INFO] - Sampling 4 chains for 1_000 tune and 1_000 draw iterations (4_000 + 4_000 draws total) took 58 seconds.
[2026-07-23 12:31:40,261][pymc.sampling.mcmc][INFO] - Initializing NUTS using jitter+adapt_diag...
[2026-07-23 12:31:40,555][pymc.sampling.mcmc][INFO] - Multiprocess sampling (4 chains in 4 jobs)
[2026-07-23 12:31:40,571][pymc.sampling.mcmc][INFO] - NUTS: [alpha, beta]
[2026-07-23 12:32:37,815][pymc.sampling.mcmc][INFO] - Sampling 4 chains for 1_000 tune and 1_000 draw iterations (4_000 + 4_000 draws total) took 57 seconds.
[2026-07-23 12:32:37,872][pytensor.tensor.type][INFO] - numpy allclose failed for abs_err 15.424948423832443 and rel_err 1.0
[2026-07-23 12:32:37,874][pytensor.tensor.type][INFO] - numpy allclose failed for abs_err 15.424948423832443 and rel_err 1.0
[2026-07-23 12:32:37,874][pytensor.tensor.type][INFO] - numpy allclose failed for abs_err 15.424948423832443 and rel_err 1.0
[2026-07-23 12:32:37,876][pymc.sampling.forward][INFO] - Sampling: []
[2026-07-23 12:32:37,943][pytensor.tensor.type][INFO] - numpy allclose failed for abs_err 15.424948423832443 and rel_err 1.0
[2026-07-23 12:32:37,944][pytensor.tensor.type][INFO] - numpy allclose failed for abs_err 15.424948423832443 and rel_err 1.0
[2026-07-23 12:32:37,944][pytensor.tensor.type][INFO] - numpy allclose failed for abs_err 15.424948423832443 and rel_err 1.0
[2026-07-23 12:32:37,954][pymc.sampling.forward][INFO] - Sampling: []
[2026-07-23 12:32:38,023][pytensor.tensor.type][INFO] - numpy allclose failed for abs_err 14.159063387675255 and rel_err 1.0
[2026-07-23 12:32:38,023][pytensor.tensor.type][INFO] - numpy allclose failed for abs_err 14.159063387675255 and rel_err 1.0
[2026-07-23 12:32:38,024][pytensor.tensor.type][INFO] - numpy allclose failed for abs_err 14.159063387675255 and rel_err 1.0
[2026-07-23 12:32:38,039][pymc.sampling.forward][INFO] - Sampling: []
[2026-07-23 12:32:38,112][pytensor.tensor.type][INFO] - numpy allclose failed for abs_err 15.816564369959801 and rel_err 1.0
[2026-07-23 12:32:38,113][pytensor.tensor.type][INFO] - numpy allclose failed for abs_err 15.816564369959801 and rel_err 1.0
[2026-07-23 12:32:38,113][pytensor.tensor.type][INFO] - numpy allclose failed for abs_err 15.816564369959801 and rel_err 1.0
[2026-07-23 12:32:38,125][pymc.sampling.forward][INFO] - Sampling: []
[2026-07-23 12:32:38,292][pytensor.tensor.type][INFO] - numpy allclose failed for abs_err 14.156932402444001 and rel_err 1.0
[2026-07-23 12:32:38,292][pytensor.tensor.type][INFO] - numpy allclose failed for abs_err 14.156932402444001 and rel_err 1.0
[2026-07-23 12:32:38,292][pytensor.tensor.type][INFO] - numpy allclose failed for abs_err 14.156932402444001 and rel_err 1.0
[2026-07-23 12:32:38,308][pymc.sampling.forward][INFO] - Sampling: []
[2026-07-23 12:32:38,379][pytensor.tensor.type][INFO] - numpy allclose failed for abs_err 14.156932402444001 and rel_err 1.0
[2026-07-23 12:32:38,380][pytensor.tensor.type][INFO] - numpy allclose failed for abs_err 14.156932402444001 and rel_err 1.0
[2026-07-23 12:32:38,380][pytensor.tensor.type][INFO] - numpy allclose failed for abs_err 14.156932402444001 and rel_err 1.0
[2026-07-23 12:32:38,393][pymc.sampling.forward][INFO] - Sampling: []
[2026-07-23 12:32:38,468][pytensor.tensor.type][INFO] - numpy allclose failed for abs_err 14.159063387675255 and rel_err 1.0
[2026-07-23 12:32:38,469][pytensor.tensor.type][INFO] - numpy allclose failed for abs_err 14.159063387675255 and rel_err 1.0
[2026-07-23 12:32:38,470][pytensor.tensor.type][INFO] - numpy allclose failed for abs_err 14.159063387675255 and rel_err 1.0
[2026-07-23 12:32:38,483][pymc.sampling.forward][INFO] - Sampling: []
[2026-07-23 12:32:38,554][pytensor.tensor.type][INFO] - numpy allclose failed for abs_err 15.816564369959801 and rel_err 1.0
[2026-07-23 12:32:38,556][pytensor.tensor.type][INFO] - numpy allclose failed for abs_err 15.816564369959801 and rel_err 1.0
[2026-07-23 12:32:38,556][pytensor.tensor.type][INFO] - numpy allclose failed for abs_err 15.816564369959801 and rel_err 1.0
[2026-07-23 12:32:38,567][pymc.sampling.forward][INFO] - Sampling: []
[2026-07-23 12:32:38,749][pytensor.tensor.type][INFO] - numpy allclose failed for abs_err 14.156932402444001 and rel_err 1.0
[2026-07-23 12:32:38,753][pytensor.tensor.type][INFO] - numpy allclose failed for abs_err 14.156932402444001 and rel_err 1.0
[2026-07-23 12:32:38,753][pytensor.tensor.type][INFO] - numpy allclose failed for abs_err 14.156932402444001 and rel_err 1.0
[2026-07-23 12:32:38,767][pymc.sampling.forward][INFO] - Sampling: []
[2026-07-23 12:32:38,844][pytensor.tensor.type][INFO] - numpy allclose failed for abs_err 14.156932402444001 and rel_err 1.0
[2026-07-23 12:32:38,844][pytensor.tensor.type][INFO] - numpy allclose failed for abs_err 14.156932402444001 and rel_err 1.0
[2026-07-23 12:32:38,846][pytensor.tensor.type][INFO] - numpy allclose failed for abs_err 14.156932402444001 and rel_err 1.0
[2026-07-23 12:32:38,859][pymc.sampling.forward][INFO] - Sampling: []
[2026-07-23 12:32:38,934][pytensor.tensor.type][INFO] - numpy allclose failed for abs_err 14.159063387675255 and rel_err 1.0
[2026-07-23 12:32:38,935][pytensor.tensor.type][INFO] - numpy allclose failed for abs_err 14.159063387675255 and rel_err 1.0
[2026-07-23 12:32:38,935][pytensor.tensor.type][INFO] - numpy allclose failed for abs_err 14.159063387675255 and rel_err 1.0
[2026-07-23 12:32:38,948][pymc.sampling.forward][INFO] - Sampling: []
[2026-07-23 12:32:39,019][pytensor.tensor.type][INFO] - numpy allclose failed for abs_err 15.816564369959801 and rel_err 1.0
[2026-07-23 12:32:39,020][pytensor.tensor.type][INFO] - numpy allclose failed for abs_err 15.816564369959801 and rel_err 1.0
[2026-07-23 12:32:39,020][pytensor.tensor.type][INFO] - numpy allclose failed for abs_err 15.816564369959801 and rel_err 1.0
[2026-07-23 12:32:39,022][pymc.sampling.forward][INFO] - Sampling: []
[2026-07-23 12:32:39,210][pytensor.tensor.type][INFO] - numpy allclose failed for abs_err 14.156932402444001 and rel_err 1.0
[2026-07-23 12:32:39,220][pytensor.tensor.type][INFO] - numpy allclose failed for abs_err 14.156932402444001 and rel_err 1.0
[2026-07-23 12:32:39,220][pytensor.tensor.type][INFO] - numpy allclose failed for abs_err 14.156932402444001 and rel_err 1.0
[2026-07-23 12:32:39,235][pymc.sampling.forward][INFO] - Sampling: []
[2026-07-23 12:32:39,323][pytensor.tensor.type][INFO] - numpy allclose failed for abs_err 14.156932402444001 and rel_err 1.0
[2026-07-23 12:32:39,324][pytensor.tensor.type][INFO] - numpy allclose failed for abs_err 14.156932402444001 and rel_err 1.0
[2026-07-23 12:32:39,324][pytensor.tensor.type][INFO] - numpy allclose failed for abs_err 14.156932402444001 and rel_err 1.0
[2026-07-23 12:32:39,338][pymc.sampling.forward][INFO] - Sampling: []
[2026-07-23 12:32:39,414][pytensor.tensor.type][INFO] - numpy allclose failed for abs_err 14.159063387675255 and rel_err 1.0
[2026-07-23 12:32:39,414][pytensor.tensor.type][INFO] - numpy allclose failed for abs_err 14.159063387675255 and rel_err 1.0
[2026-07-23 12:32:39,415][pytensor.tensor.type][INFO] - numpy allclose failed for abs_err 14.159063387675255 and rel_err 1.0
[2026-07-23 12:32:39,428][pymc.sampling.forward][INFO] - Sampling: []
[2026-07-23 12:32:39,507][pytensor.tensor.type][INFO] - numpy allclose failed for abs_err 15.816564369959801 and rel_err 1.0
[2026-07-23 12:32:39,507][pytensor.tensor.type][INFO] - numpy allclose failed for abs_err 15.816564369959801 and rel_err 1.0
[2026-07-23 12:32:39,507][pytensor.tensor.type][INFO] - numpy allclose failed for abs_err 15.816564369959801 and rel_err 1.0
[2026-07-23 12:32:39,518][pymc.sampling.forward][INFO] - Sampling: []
[2026-07-23 12:32:39,689][pytensor.tensor.type][INFO] - numpy allclose failed for abs_err 14.156932402444001 and rel_err 1.0
[2026-07-23 12:32:39,689][pytensor.tensor.type][INFO] - numpy allclose failed for abs_err 14.156932402444001 and rel_err 1.0
[2026-07-23 12:32:39,689][pytensor.tensor.type][INFO] - numpy allclose failed for abs_err 14.156932402444001 and rel_err 1.0
[2026-07-23 12:32:39,707][pymc.sampling.forward][INFO] - Sampling: []
[2026-07-23 12:32:39,782][pytensor.tensor.type][INFO] - numpy allclose failed for abs_err 14.156932402444001 and rel_err 1.0
[2026-07-23 12:32:39,783][pytensor.tensor.type][INFO] - numpy allclose failed for abs_err 14.156932402444001 and rel_err 1.0
[2026-07-23 12:32:39,783][pytensor.tensor.type][INFO] - numpy allclose failed for abs_err 14.156932402444001 and rel_err 1.0
[2026-07-23 12:32:39,795][pymc.sampling.forward][INFO] - Sampling: []
[2026-07-23 12:32:39,867][pytensor.tensor.type][INFO] - numpy allclose failed for abs_err 14.159063387675255 and rel_err 1.0
[2026-07-23 12:32:39,867][pytensor.tensor.type][INFO] - numpy allclose failed for abs_err 14.159063387675255 and rel_err 1.0
[2026-07-23 12:32:39,868][pytensor.tensor.type][INFO] - numpy allclose failed for abs_err 14.159063387675255 and rel_err 1.0
[2026-07-23 12:32:39,872][pymc.sampling.forward][INFO] - Sampling: []
[2026-07-23 12:32:39,939][pytensor.tensor.type][INFO] - numpy allclose failed for abs_err 15.816564369959801 and rel_err 1.0
[2026-07-23 12:32:39,939][pytensor.tensor.type][INFO] - numpy allclose failed for abs_err 15.816564369959801 and rel_err 1.0
[2026-07-23 12:32:39,939][pytensor.tensor.type][INFO] - numpy allclose failed for abs_err 15.816564369959801 and rel_err 1.0
[2026-07-23 12:32:39,955][pymc.sampling.forward][INFO] - Sampling: []
[2026-07-23 12:32:40,132][pytensor.tensor.type][INFO] - numpy allclose failed for abs_err 14.156932402444001 and rel_err 1.0
[2026-07-23 12:32:40,132][pytensor.tensor.type][INFO] - numpy allclose failed for abs_err 14.156932402444001 and rel_err 1.0
[2026-07-23 12:32:40,134][pytensor.tensor.type][INFO] - numpy allclose failed for abs_err 14.156932402444001 and rel_err 1.0
[2026-07-23 12:32:40,154][pymc.sampling.forward][INFO] - Sampling: []
[2026-07-23 12:32:40,249][pytensor.tensor.type][INFO] - numpy allclose failed for abs_err 14.156932402444001 and rel_err 1.0
[2026-07-23 12:32:40,249][pytensor.tensor.type][INFO] - numpy allclose failed for abs_err 14.156932402444001 and rel_err 1.0
[2026-07-23 12:32:40,251][pytensor.tensor.type][INFO] - numpy allclose failed for abs_err 14.156932402444001 and rel_err 1.0
[2026-07-23 12:32:40,256][pymc.sampling.forward][INFO] - Sampling: []
[2026-07-23 12:32:40,321][pytensor.tensor.type][INFO] - numpy allclose failed for abs_err 14.159063387675255 and rel_err 1.0
[2026-07-23 12:32:40,321][pytensor.tensor.type][INFO] - numpy allclose failed for abs_err 14.159063387675255 and rel_err 1.0
[2026-07-23 12:32:40,321][pytensor.tensor.type][INFO] - numpy allclose failed for abs_err 14.159063387675255 and rel_err 1.0
[2026-07-23 12:32:40,337][pymc.sampling.forward][INFO] - Sampling: []
[2026-07-23 12:32:40,405][pytensor.tensor.type][INFO] - numpy allclose failed for abs_err 15.816564369959801 and rel_err 1.0
[2026-07-23 12:32:40,405][pytensor.tensor.type][INFO] - numpy allclose failed for abs_err 15.816564369959801 and rel_err 1.0
[2026-07-23 12:32:40,405][pytensor.tensor.type][INFO] - numpy allclose failed for abs_err 15.816564369959801 and rel_err 1.0
[2026-07-23 12:32:40,433][pymc.sampling.forward][INFO] - Sampling: []
[2026-07-23 12:32:40,604][pytensor.tensor.type][INFO] - numpy allclose failed for abs_err 14.156932402444001 and rel_err 1.0
[2026-07-23 12:32:40,604][pytensor.tensor.type][INFO] - numpy allclose failed for abs_err 14.156932402444001 and rel_err 1.0
[2026-07-23 12:32:40,604][pytensor.tensor.type][INFO] - numpy allclose failed for abs_err 14.156932402444001 and rel_err 1.0
[2026-07-23 12:32:40,619][pymc.sampling.forward][INFO] - Sampling: []
[2026-07-23 12:32:40,689][pytensor.tensor.type][INFO] - numpy allclose failed for abs_err 14.156932402444001 and rel_err 1.0
[2026-07-23 12:32:40,689][pytensor.tensor.type][INFO] - numpy allclose failed for abs_err 14.156932402444001 and rel_err 1.0
[2026-07-23 12:32:40,689][pytensor.tensor.type][INFO] - numpy allclose failed for abs_err 14.156932402444001 and rel_err 1.0
[2026-07-23 12:32:40,704][pymc.sampling.forward][INFO] - Sampling: []
[2026-07-23 12:32:40,792][pytensor.tensor.type][INFO] - numpy allclose failed for abs_err 14.159063387675255 and rel_err 1.0
[2026-07-23 12:32:40,792][pytensor.tensor.type][INFO] - numpy allclose failed for abs_err 14.159063387675255 and rel_err 1.0
[2026-07-23 12:32:40,792][pytensor.tensor.type][INFO] - numpy allclose failed for abs_err 14.159063387675255 and rel_err 1.0
[2026-07-23 12:32:40,809][pymc.sampling.forward][INFO] - Sampling: []
[2026-07-23 12:32:40,893][pytensor.tensor.type][INFO] - numpy allclose failed for abs_err 15.816564369959801 and rel_err 1.0
[2026-07-23 12:32:40,894][pytensor.tensor.type][INFO] - numpy allclose failed for abs_err 15.816564369959801 and rel_err 1.0
[2026-07-23 12:32:40,894][pytensor.tensor.type][INFO] - numpy allclose failed for abs_err 15.816564369959801 and rel_err 1.0
[2026-07-23 12:32:40,905][pymc.sampling.forward][INFO] - Sampling: []
[2026-07-23 12:32:41,080][pytensor.tensor.type][INFO] - numpy allclose failed for abs_err 14.156932402444001 and rel_err 1.0
[2026-07-23 12:32:41,081][pytensor.tensor.type][INFO] - numpy allclose failed for abs_err 14.156932402444001 and rel_err 1.0
[2026-07-23 12:32:41,081][pytensor.tensor.type][INFO] - numpy allclose failed for abs_err 14.156932402444001 and rel_err 1.0
[2026-07-23 12:32:41,089][pymc.sampling.forward][INFO] - Sampling: []
[2026-07-23 12:32:41,172][pytensor.tensor.type][INFO] - numpy allclose failed for abs_err 14.156932402444001 and rel_err 1.0
[2026-07-23 12:32:41,172][pytensor.tensor.type][INFO] - numpy allclose failed for abs_err 14.156932402444001 and rel_err 1.0
[2026-07-23 12:32:41,172][pytensor.tensor.type][INFO] - numpy allclose failed for abs_err 14.156932402444001 and rel_err 1.0
[2026-07-23 12:32:41,186][pymc.sampling.forward][INFO] - Sampling: []
[2026-07-23 12:32:41,265][pytensor.tensor.type][INFO] - numpy allclose failed for abs_err 14.159063387675255 and rel_err 1.0
[2026-07-23 12:32:41,265][pytensor.tensor.type][INFO] - numpy allclose failed for abs_err 14.159063387675255 and rel_err 1.0
[2026-07-23 12:32:41,266][pytensor.tensor.type][INFO] - numpy allclose failed for abs_err 14.159063387675255 and rel_err 1.0
[2026-07-23 12:32:41,278][pymc.sampling.forward][INFO] - Sampling: []
[2026-07-23 12:32:41,360][pytensor.tensor.type][INFO] - numpy allclose failed for abs_err 15.816564369959801 and rel_err 1.0
[2026-07-23 12:32:41,361][pytensor.tensor.type][INFO] - numpy allclose failed for abs_err 15.816564369959801 and rel_err 1.0
[2026-07-23 12:32:41,361][pytensor.tensor.type][INFO] - numpy allclose failed for abs_err 15.816564369959801 and rel_err 1.0
[2026-07-23 12:32:41,375][pymc.sampling.forward][INFO] - Sampling: []
[2026-07-23 12:32:41,559][pytensor.tensor.type][INFO] - numpy allclose failed for abs_err 14.156932402444001 and rel_err 1.0
[2026-07-23 12:32:41,559][pytensor.tensor.type][INFO] - numpy allclose failed for abs_err 14.156932402444001 and rel_err 1.0
[2026-07-23 12:32:41,559][pytensor.tensor.type][INFO] - numpy allclose failed for abs_err 14.156932402444001 and rel_err 1.0
[2026-07-23 12:32:41,576][pymc.sampling.forward][INFO] - Sampling: []
[2026-07-23 12:32:41,658][pytensor.tensor.type][INFO] - numpy allclose failed for abs_err 14.156932402444001 and rel_err 1.0
[2026-07-23 12:32:41,658][pytensor.tensor.type][INFO] - numpy allclose failed for abs_err 14.156932402444001 and rel_err 1.0
[2026-07-23 12:32:41,659][pytensor.tensor.type][INFO] - numpy allclose failed for abs_err 14.156932402444001 and rel_err 1.0
[2026-07-23 12:32:41,673][pymc.sampling.forward][INFO] - Sampling: []
[2026-07-23 12:32:41,762][pytensor.tensor.type][INFO] - numpy allclose failed for abs_err 14.159063387675255 and rel_err 1.0
[2026-07-23 12:32:41,762][pytensor.tensor.type][INFO] - numpy allclose failed for abs_err 14.159063387675255 and rel_err 1.0
[2026-07-23 12:32:41,763][pytensor.tensor.type][INFO] - numpy allclose failed for abs_err 14.159063387675255 and rel_err 1.0
[2026-07-23 12:32:41,775][pymc.sampling.forward][INFO] - Sampling: []
[2026-07-23 12:32:41,851][pytensor.tensor.type][INFO] - numpy allclose failed for abs_err 15.816564369959801 and rel_err 1.0
[2026-07-23 12:32:41,851][pytensor.tensor.type][INFO] - numpy allclose failed for abs_err 15.816564369959801 and rel_err 1.0
[2026-07-23 12:32:41,852][pytensor.tensor.type][INFO] - numpy allclose failed for abs_err 15.816564369959801 and rel_err 1.0
[2026-07-23 12:32:41,865][pymc.sampling.forward][INFO] - Sampling: []
[2026-07-23 12:32:42,039][pytensor.tensor.type][INFO] - numpy allclose failed for abs_err 14.156932402444001 and rel_err 1.0
[2026-07-23 12:32:42,039][pytensor.tensor.type][INFO] - numpy allclose failed for abs_err 14.156932402444001 and rel_err 1.0
[2026-07-23 12:32:42,039][pytensor.tensor.type][INFO] - numpy allclose failed for abs_err 14.156932402444001 and rel_err 1.0
[2026-07-23 12:32:42,066][pymc.sampling.forward][INFO] - Sampling: []
[2026-07-23 12:32:42,135][pytensor.tensor.type][INFO] - numpy allclose failed for abs_err 14.156932402444001 and rel_err 1.0
[2026-07-23 12:32:42,135][pytensor.tensor.type][INFO] - numpy allclose failed for abs_err 14.156932402444001 and rel_err 1.0
[2026-07-23 12:32:42,137][pytensor.tensor.type][INFO] - numpy allclose failed for abs_err 14.156932402444001 and rel_err 1.0
[2026-07-23 12:32:42,150][pymc.sampling.forward][INFO] - Sampling: []
[2026-07-23 12:32:42,225][pytensor.tensor.type][INFO] - numpy allclose failed for abs_err 14.159063387675255 and rel_err 1.0
[2026-07-23 12:32:42,225][pytensor.tensor.type][INFO] - numpy allclose failed for abs_err 14.159063387675255 and rel_err 1.0
[2026-07-23 12:32:42,225][pytensor.tensor.type][INFO] - numpy allclose failed for abs_err 14.159063387675255 and rel_err 1.0
[2026-07-23 12:32:42,240][pymc.sampling.forward][INFO] - Sampling: []
[2026-07-23 12:32:42,319][pytensor.tensor.type][INFO] - numpy allclose failed for abs_err 15.816564369959801 and rel_err 1.0
[2026-07-23 12:32:42,319][pytensor.tensor.type][INFO] - numpy allclose failed for abs_err 15.816564369959801 and rel_err 1.0
[2026-07-23 12:32:42,319][pytensor.tensor.type][INFO] - numpy allclose failed for abs_err 15.816564369959801 and rel_err 1.0
[2026-07-23 12:32:42,331][pymc.sampling.forward][INFO] - Sampling: []
[2026-07-23 12:32:42,533][pymc.sampling.forward][INFO] - Sampling: []
[2026-07-23 12:32:42,622][pymc.sampling.forward][INFO] - Sampling: []
[2026-07-23 12:32:42,730][pymc.sampling.forward][INFO] - Sampling: []
[2026-07-23 12:32:42,814][pymc.sampling.forward][INFO] - Sampling: []
[2026-07-23 12:32:43,089][pymc.sampling.mcmc][INFO] - Initializing NUTS using jitter+adapt_diag...
[2026-07-23 12:32:43,396][pymc.sampling.mcmc][INFO] - Multiprocess sampling (4 chains in 4 jobs)
[2026-07-23 12:32:43,396][pymc.sampling.mcmc][INFO] - NUTS: [alpha, beta]
[2026-07-23 12:33:41,372][pymc.sampling.mcmc][INFO] - Sampling 4 chains for 1_000 tune and 1_000 draw iterations (4_000 + 4_000 draws total) took 58 seconds.
[2026-07-23 12:33:41,505][pymc.sampling.mcmc][INFO] - Initializing NUTS using jitter+adapt_diag...
[2026-07-23 12:33:42,106][pymc.sampling.mcmc][INFO] - Multiprocess sampling (4 chains in 4 jobs)
[2026-07-23 12:33:42,106][pymc.sampling.mcmc][INFO] - NUTS: [alpha, beta]
[2026-07-23 12:34:38,972][pymc.sampling.mcmc][INFO] - Sampling 4 chains for 1_000 tune and 1_000 draw iterations (4_000 + 4_000 draws total) took 57 seconds.
[2026-07-23 12:34:39,088][pymc.sampling.mcmc][INFO] - Initializing NUTS using jitter+adapt_diag...
[2026-07-23 12:34:39,393][pymc.sampling.mcmc][INFO] - Multiprocess sampling (4 chains in 4 jobs)
[2026-07-23 12:34:39,393][pymc.sampling.mcmc][INFO] - NUTS: [alpha, beta]
[2026-07-23 12:35:36,204][pymc.sampling.mcmc][INFO] - Sampling 4 chains for 1_000 tune and 1_000 draw iterations (4_000 + 4_000 draws total) took 57 seconds.
[2026-07-23 12:35:36,254][pytensor.tensor.type][INFO] - numpy allclose failed for abs_err 14.070211339783784 and rel_err 1.0
[2026-07-23 12:35:36,254][pytensor.tensor.type][INFO] - numpy allclose failed for abs_err 14.070211339783784 and rel_err 1.0
[2026-07-23 12:35:36,254][pytensor.tensor.type][INFO] - numpy allclose failed for abs_err 14.070211339783784 and rel_err 1.0
[2026-07-23 12:35:36,278][pymc.sampling.forward][INFO] - Sampling: []
[2026-07-23 12:35:36,344][pytensor.tensor.type][INFO] - numpy allclose failed for abs_err 26.924681950402373 and rel_err 1.0
[2026-07-23 12:35:36,344][pytensor.tensor.type][INFO] - numpy allclose failed for abs_err 26.924681950402373 and rel_err 1.0
[2026-07-23 12:35:36,344][pytensor.tensor.type][INFO] - numpy allclose failed for abs_err 26.924681950402373 and rel_err 1.0
[2026-07-23 12:35:36,355][pymc.sampling.forward][INFO] - Sampling: []
[2026-07-23 12:35:36,425][pytensor.tensor.type][INFO] - numpy allclose failed for abs_err 13.916080821318596 and rel_err 1.0
[2026-07-23 12:35:36,425][pytensor.tensor.type][INFO] - numpy allclose failed for abs_err 13.916080821318596 and rel_err 1.0
[2026-07-23 12:35:36,426][pytensor.tensor.type][INFO] - numpy allclose failed for abs_err 13.916080821318596 and rel_err 1.0
[2026-07-23 12:35:36,438][pymc.sampling.forward][INFO] - Sampling: []
[2026-07-23 12:35:36,509][pytensor.tensor.type][INFO] - numpy allclose failed for abs_err 14.619647789759606 and rel_err 1.0
[2026-07-23 12:35:36,509][pytensor.tensor.type][INFO] - numpy allclose failed for abs_err 14.619647789759606 and rel_err 1.0
[2026-07-23 12:35:36,510][pytensor.tensor.type][INFO] - numpy allclose failed for abs_err 14.619647789759606 and rel_err 1.0
[2026-07-23 12:35:36,522][pymc.sampling.forward][INFO] - Sampling: []
[2026-07-23 12:35:36,722][pytensor.tensor.type][INFO] - numpy allclose failed for abs_err 14.117711234850853 and rel_err 1.0
[2026-07-23 12:35:36,722][pytensor.tensor.type][INFO] - numpy allclose failed for abs_err 14.117711234850853 and rel_err 1.0
[2026-07-23 12:35:36,722][pytensor.tensor.type][INFO] - numpy allclose failed for abs_err 14.117711234850853 and rel_err 1.0
[2026-07-23 12:35:36,737][pymc.sampling.forward][INFO] - Sampling: []
[2026-07-23 12:35:36,812][pytensor.tensor.type][INFO] - numpy allclose failed for abs_err 14.070211339783784 and rel_err 1.0
[2026-07-23 12:35:36,812][pytensor.tensor.type][INFO] - numpy allclose failed for abs_err 14.070211339783784 and rel_err 1.0
[2026-07-23 12:35:36,813][pytensor.tensor.type][INFO] - numpy allclose failed for abs_err 14.070211339783784 and rel_err 1.0
[2026-07-23 12:35:36,825][pymc.sampling.forward][INFO] - Sampling: []
[2026-07-23 12:35:36,906][pytensor.tensor.type][INFO] - numpy allclose failed for abs_err 12.556254195020479 and rel_err 1.0
[2026-07-23 12:35:36,906][pytensor.tensor.type][INFO] - numpy allclose failed for abs_err 12.556254195020479 and rel_err 1.0
[2026-07-23 12:35:36,907][pytensor.tensor.type][INFO] - numpy allclose failed for abs_err 12.556254195020479 and rel_err 1.0
[2026-07-23 12:35:36,922][pymc.sampling.forward][INFO] - Sampling: []
[2026-07-23 12:35:36,998][pytensor.tensor.type][INFO] - numpy allclose failed for abs_err 16.053487587733237 and rel_err 1.0
[2026-07-23 12:35:36,999][pytensor.tensor.type][INFO] - numpy allclose failed for abs_err 16.053487587733237 and rel_err 1.0
[2026-07-23 12:35:36,999][pytensor.tensor.type][INFO] - numpy allclose failed for abs_err 16.053487587733237 and rel_err 1.0
[2026-07-23 12:35:37,004][pymc.sampling.forward][INFO] - Sampling: []
[2026-07-23 12:35:37,186][pytensor.tensor.type][INFO] - numpy allclose failed for abs_err 14.117711234850853 and rel_err 1.0
[2026-07-23 12:35:37,188][pytensor.tensor.type][INFO] - numpy allclose failed for abs_err 14.117711234850853 and rel_err 1.0
[2026-07-23 12:35:37,189][pytensor.tensor.type][INFO] - numpy allclose failed for abs_err 14.117711234850853 and rel_err 1.0
[2026-07-23 12:35:37,203][pymc.sampling.forward][INFO] - Sampling: []
[2026-07-23 12:35:37,277][pytensor.tensor.type][INFO] - numpy allclose failed for abs_err 14.117711234850853 and rel_err 1.0
[2026-07-23 12:35:37,277][pytensor.tensor.type][INFO] - numpy allclose failed for abs_err 14.117711234850853 and rel_err 1.0
[2026-07-23 12:35:37,278][pytensor.tensor.type][INFO] - numpy allclose failed for abs_err 14.117711234850853 and rel_err 1.0
[2026-07-23 12:35:37,291][pymc.sampling.forward][INFO] - Sampling: []
[2026-07-23 12:35:37,374][pytensor.tensor.type][INFO] - numpy allclose failed for abs_err 12.48770611171512 and rel_err 1.0
[2026-07-23 12:35:37,374][pytensor.tensor.type][INFO] - numpy allclose failed for abs_err 12.48770611171512 and rel_err 1.0
[2026-07-23 12:35:37,375][pytensor.tensor.type][INFO] - numpy allclose failed for abs_err 12.48770611171512 and rel_err 1.0
[2026-07-23 12:35:37,391][pymc.sampling.forward][INFO] - Sampling: []
[2026-07-23 12:35:37,471][pytensor.tensor.type][INFO] - numpy allclose failed for abs_err 14.523446489167329 and rel_err 1.0
[2026-07-23 12:35:37,472][pytensor.tensor.type][INFO] - numpy allclose failed for abs_err 14.523446489167329 and rel_err 1.0
[2026-07-23 12:35:37,472][pytensor.tensor.type][INFO] - numpy allclose failed for abs_err 14.523446489167329 and rel_err 1.0
[2026-07-23 12:35:37,484][pymc.sampling.forward][INFO] - Sampling: []
[2026-07-23 12:35:37,664][pytensor.tensor.type][INFO] - numpy allclose failed for abs_err 13.867697943015068 and rel_err 1.0
[2026-07-23 12:35:37,665][pytensor.tensor.type][INFO] - numpy allclose failed for abs_err 13.867697943015068 and rel_err 1.0
[2026-07-23 12:35:37,665][pytensor.tensor.type][INFO] - numpy allclose failed for abs_err 13.867697943015068 and rel_err 1.0
[2026-07-23 12:35:37,678][pymc.sampling.forward][INFO] - Sampling: []
[2026-07-23 12:35:37,763][pytensor.tensor.type][INFO] - numpy allclose failed for abs_err 13.856383670134514 and rel_err 1.0
[2026-07-23 12:35:37,764][pytensor.tensor.type][INFO] - numpy allclose failed for abs_err 13.856383670134514 and rel_err 1.0
[2026-07-23 12:35:37,764][pytensor.tensor.type][INFO] - numpy allclose failed for abs_err 13.856383670134514 and rel_err 1.0
[2026-07-23 12:35:37,770][pymc.sampling.forward][INFO] - Sampling: []
[2026-07-23 12:35:37,859][pytensor.tensor.type][INFO] - numpy allclose failed for abs_err 12.598881052778047 and rel_err 1.0
[2026-07-23 12:35:37,859][pytensor.tensor.type][INFO] - numpy allclose failed for abs_err 12.598881052778047 and rel_err 1.0
[2026-07-23 12:35:37,859][pytensor.tensor.type][INFO] - numpy allclose failed for abs_err 12.598881052778047 and rel_err 1.0
[2026-07-23 12:35:37,873][pymc.sampling.forward][INFO] - Sampling: []
[2026-07-23 12:35:37,956][pytensor.tensor.type][INFO] - numpy allclose failed for abs_err 16.053487587733237 and rel_err 1.0
[2026-07-23 12:35:37,956][pytensor.tensor.type][INFO] - numpy allclose failed for abs_err 16.053487587733237 and rel_err 1.0
[2026-07-23 12:35:37,957][pytensor.tensor.type][INFO] - numpy allclose failed for abs_err 16.053487587733237 and rel_err 1.0
[2026-07-23 12:35:37,970][pymc.sampling.forward][INFO] - Sampling: []
[2026-07-23 12:35:38,163][pytensor.tensor.type][INFO] - numpy allclose failed for abs_err 14.117711234850853 and rel_err 1.0
[2026-07-23 12:35:38,163][pytensor.tensor.type][INFO] - numpy allclose failed for abs_err 14.117711234850853 and rel_err 1.0
[2026-07-23 12:35:38,164][pytensor.tensor.type][INFO] - numpy allclose failed for abs_err 14.117711234850853 and rel_err 1.0
[2026-07-23 12:35:38,184][pymc.sampling.forward][INFO] - Sampling: []
[2026-07-23 12:35:38,267][pytensor.tensor.type][INFO] - numpy allclose failed for abs_err 13.845743287396546 and rel_err 1.0
[2026-07-23 12:35:38,267][pytensor.tensor.type][INFO] - numpy allclose failed for abs_err 13.845743287396546 and rel_err 1.0
[2026-07-23 12:35:38,268][pytensor.tensor.type][INFO] - numpy allclose failed for abs_err 13.845743287396546 and rel_err 1.0
[2026-07-23 12:35:38,279][pymc.sampling.forward][INFO] - Sampling: []
[2026-07-23 12:35:38,354][pytensor.tensor.type][INFO] - numpy allclose failed for abs_err 13.916080821318596 and rel_err 1.0
[2026-07-23 12:35:38,354][pytensor.tensor.type][INFO] - numpy allclose failed for abs_err 13.916080821318596 and rel_err 1.0
[2026-07-23 12:35:38,354][pytensor.tensor.type][INFO] - numpy allclose failed for abs_err 13.916080821318596 and rel_err 1.0
[2026-07-23 12:35:38,366][pymc.sampling.forward][INFO] - Sampling: []
[2026-07-23 12:35:38,437][pytensor.tensor.type][INFO] - numpy allclose failed for abs_err 16.053487587733237 and rel_err 1.0
[2026-07-23 12:35:38,437][pytensor.tensor.type][INFO] - numpy allclose failed for abs_err 16.053487587733237 and rel_err 1.0
[2026-07-23 12:35:38,437][pytensor.tensor.type][INFO] - numpy allclose failed for abs_err 16.053487587733237 and rel_err 1.0
[2026-07-23 12:35:38,455][pymc.sampling.forward][INFO] - Sampling: []
[2026-07-23 12:35:38,636][pytensor.tensor.type][INFO] - numpy allclose failed for abs_err 13.841672588181611 and rel_err 1.0
[2026-07-23 12:35:38,637][pytensor.tensor.type][INFO] - numpy allclose failed for abs_err 13.841672588181611 and rel_err 1.0
[2026-07-23 12:35:38,637][pytensor.tensor.type][INFO] - numpy allclose failed for abs_err 13.841672588181611 and rel_err 1.0
[2026-07-23 12:35:38,651][pymc.sampling.forward][INFO] - Sampling: []
[2026-07-23 12:35:38,727][pytensor.tensor.type][INFO] - numpy allclose failed for abs_err 13.863258708310243 and rel_err 1.0
[2026-07-23 12:35:38,727][pytensor.tensor.type][INFO] - numpy allclose failed for abs_err 13.863258708310243 and rel_err 1.0
[2026-07-23 12:35:38,728][pytensor.tensor.type][INFO] - numpy allclose failed for abs_err 13.863258708310243 and rel_err 1.0
[2026-07-23 12:35:38,741][pymc.sampling.forward][INFO] - Sampling: []
[2026-07-23 12:35:38,819][pytensor.tensor.type][INFO] - numpy allclose failed for abs_err 12.44623927955417 and rel_err 1.0
[2026-07-23 12:35:38,820][pytensor.tensor.type][INFO] - numpy allclose failed for abs_err 12.44623927955417 and rel_err 1.0
[2026-07-23 12:35:38,820][pytensor.tensor.type][INFO] - numpy allclose failed for abs_err 12.44623927955417 and rel_err 1.0
[2026-07-23 12:35:38,834][pymc.sampling.forward][INFO] - Sampling: []
[2026-07-23 12:35:38,921][pytensor.tensor.type][INFO] - numpy allclose failed for abs_err 16.053487587733237 and rel_err 1.0
[2026-07-23 12:35:38,921][pytensor.tensor.type][INFO] - numpy allclose failed for abs_err 16.053487587733237 and rel_err 1.0
[2026-07-23 12:35:38,921][pytensor.tensor.type][INFO] - numpy allclose failed for abs_err 16.053487587733237 and rel_err 1.0
[2026-07-23 12:35:38,947][pymc.sampling.forward][INFO] - Sampling: []
[2026-07-23 12:35:39,119][pytensor.tensor.type][INFO] - numpy allclose failed for abs_err 13.863258708310243 and rel_err 1.0
[2026-07-23 12:35:39,119][pytensor.tensor.type][INFO] - numpy allclose failed for abs_err 13.863258708310243 and rel_err 1.0
[2026-07-23 12:35:39,119][pytensor.tensor.type][INFO] - numpy allclose failed for abs_err 13.863258708310243 and rel_err 1.0
[2026-07-23 12:35:39,143][pymc.sampling.forward][INFO] - Sampling: []
[2026-07-23 12:35:39,221][pytensor.tensor.type][INFO] - numpy allclose failed for abs_err 14.117711234850853 and rel_err 1.0
[2026-07-23 12:35:39,222][pytensor.tensor.type][INFO] - numpy allclose failed for abs_err 14.117711234850853 and rel_err 1.0
[2026-07-23 12:35:39,222][pytensor.tensor.type][INFO] - numpy allclose failed for abs_err 14.117711234850853 and rel_err 1.0
[2026-07-23 12:35:39,234][pymc.sampling.forward][INFO] - Sampling: []
[2026-07-23 12:35:39,304][pytensor.tensor.type][INFO] - numpy allclose failed for abs_err 12.556254195020479 and rel_err 1.0
[2026-07-23 12:35:39,304][pytensor.tensor.type][INFO] - numpy allclose failed for abs_err 12.556254195020479 and rel_err 1.0
[2026-07-23 12:35:39,312][pytensor.tensor.type][INFO] - numpy allclose failed for abs_err 12.556254195020479 and rel_err 1.0
[2026-07-23 12:35:39,325][pymc.sampling.forward][INFO] - Sampling: []
[2026-07-23 12:35:39,399][pytensor.tensor.type][INFO] - numpy allclose failed for abs_err 14.523446489167329 and rel_err 1.0
[2026-07-23 12:35:39,400][pytensor.tensor.type][INFO] - numpy allclose failed for abs_err 14.523446489167329 and rel_err 1.0
[2026-07-23 12:35:39,400][pytensor.tensor.type][INFO] - numpy allclose failed for abs_err 14.523446489167329 and rel_err 1.0
[2026-07-23 12:35:39,412][pymc.sampling.forward][INFO] - Sampling: []
[2026-07-23 12:35:39,591][pytensor.tensor.type][INFO] - numpy allclose failed for abs_err 13.85220401362893 and rel_err 1.0
[2026-07-23 12:35:39,591][pytensor.tensor.type][INFO] - numpy allclose failed for abs_err 13.85220401362893 and rel_err 1.0
[2026-07-23 12:35:39,591][pytensor.tensor.type][INFO] - numpy allclose failed for abs_err 13.85220401362893 and rel_err 1.0
[2026-07-23 12:35:39,604][pymc.sampling.forward][INFO] - Sampling: []
[2026-07-23 12:35:39,687][pytensor.tensor.type][INFO] - numpy allclose failed for abs_err 14.070211339783784 and rel_err 1.0
[2026-07-23 12:35:39,687][pytensor.tensor.type][INFO] - numpy allclose failed for abs_err 14.070211339783784 and rel_err 1.0
[2026-07-23 12:35:39,687][pytensor.tensor.type][INFO] - numpy allclose failed for abs_err 14.070211339783784 and rel_err 1.0
[2026-07-23 12:35:39,701][pymc.sampling.forward][INFO] - Sampling: []
[2026-07-23 12:35:39,793][pytensor.tensor.type][INFO] - numpy allclose failed for abs_err 13.916080821318596 and rel_err 1.0
[2026-07-23 12:35:39,794][pytensor.tensor.type][INFO] - numpy allclose failed for abs_err 13.916080821318596 and rel_err 1.0
[2026-07-23 12:35:39,794][pytensor.tensor.type][INFO] - numpy allclose failed for abs_err 13.916080821318596 and rel_err 1.0
[2026-07-23 12:35:39,809][pymc.sampling.forward][INFO] - Sampling: []
[2026-07-23 12:35:39,892][pytensor.tensor.type][INFO] - numpy allclose failed for abs_err 16.053487587733237 and rel_err 1.0
[2026-07-23 12:35:39,893][pytensor.tensor.type][INFO] - numpy allclose failed for abs_err 16.053487587733237 and rel_err 1.0
[2026-07-23 12:35:39,893][pytensor.tensor.type][INFO] - numpy allclose failed for abs_err 16.053487587733237 and rel_err 1.0
[2026-07-23 12:35:39,908][pymc.sampling.forward][INFO] - Sampling: []
[2026-07-23 12:35:40,094][pytensor.tensor.type][INFO] - numpy allclose failed for abs_err 14.070211339783784 and rel_err 1.0
[2026-07-23 12:35:40,095][pytensor.tensor.type][INFO] - numpy allclose failed for abs_err 14.070211339783784 and rel_err 1.0
[2026-07-23 12:35:40,095][pytensor.tensor.type][INFO] - numpy allclose failed for abs_err 14.070211339783784 and rel_err 1.0
[2026-07-23 12:35:40,111][pymc.sampling.forward][INFO] - Sampling: []
[2026-07-23 12:35:40,187][pytensor.tensor.type][INFO] - numpy allclose failed for abs_err 14.070211339783784 and rel_err 1.0
[2026-07-23 12:35:40,187][pytensor.tensor.type][INFO] - numpy allclose failed for abs_err 14.070211339783784 and rel_err 1.0
[2026-07-23 12:35:40,188][pytensor.tensor.type][INFO] - numpy allclose failed for abs_err 14.070211339783784 and rel_err 1.0
[2026-07-23 12:35:40,200][pymc.sampling.forward][INFO] - Sampling: []
[2026-07-23 12:35:40,270][pytensor.tensor.type][INFO] - numpy allclose failed for abs_err 12.598881052778047 and rel_err 1.0
[2026-07-23 12:35:40,270][pytensor.tensor.type][INFO] - numpy allclose failed for abs_err 12.598881052778047 and rel_err 1.0
[2026-07-23 12:35:40,270][pytensor.tensor.type][INFO] - numpy allclose failed for abs_err 12.598881052778047 and rel_err 1.0
[2026-07-23 12:35:40,293][pymc.sampling.forward][INFO] - Sampling: []
[2026-07-23 12:35:40,374][pytensor.tensor.type][INFO] - numpy allclose failed for abs_err 14.523446489167329 and rel_err 1.0
[2026-07-23 12:35:40,375][pytensor.tensor.type][INFO] - numpy allclose failed for abs_err 14.523446489167329 and rel_err 1.0
[2026-07-23 12:35:40,375][pytensor.tensor.type][INFO] - numpy allclose failed for abs_err 14.523446489167329 and rel_err 1.0
[2026-07-23 12:35:40,389][pymc.sampling.forward][INFO] - Sampling: []
[2026-07-23 12:35:40,586][pytensor.tensor.type][INFO] - numpy allclose failed for abs_err 13.845743287396546 and rel_err 1.0
[2026-07-23 12:35:40,586][pytensor.tensor.type][INFO] - numpy allclose failed for abs_err 13.845743287396546 and rel_err 1.0
[2026-07-23 12:35:40,587][pytensor.tensor.type][INFO] - numpy allclose failed for abs_err 13.845743287396546 and rel_err 1.0
[2026-07-23 12:35:40,589][pymc.sampling.forward][INFO] - Sampling: []
[2026-07-23 12:35:40,678][pytensor.tensor.type][INFO] - numpy allclose failed for abs_err 13.841672588181611 and rel_err 1.0
[2026-07-23 12:35:40,679][pytensor.tensor.type][INFO] - numpy allclose failed for abs_err 13.841672588181611 and rel_err 1.0
[2026-07-23 12:35:40,679][pytensor.tensor.type][INFO] - numpy allclose failed for abs_err 13.841672588181611 and rel_err 1.0
[2026-07-23 12:35:40,694][pymc.sampling.forward][INFO] - Sampling: []
[2026-07-23 12:35:40,765][pytensor.tensor.type][INFO] - numpy allclose failed for abs_err 12.48459856395511 and rel_err 1.0
[2026-07-23 12:35:40,765][pytensor.tensor.type][INFO] - numpy allclose failed for abs_err 12.48459856395511 and rel_err 1.0
[2026-07-23 12:35:40,766][pytensor.tensor.type][INFO] - numpy allclose failed for abs_err 12.48459856395511 and rel_err 1.0
[2026-07-23 12:35:40,780][pymc.sampling.forward][INFO] - Sampling: []
[2026-07-23 12:35:40,853][pytensor.tensor.type][INFO] - numpy allclose failed for abs_err 16.053487587733237 and rel_err 1.0
[2026-07-23 12:35:40,853][pytensor.tensor.type][INFO] - numpy allclose failed for abs_err 16.053487587733237 and rel_err 1.0
[2026-07-23 12:35:40,853][pytensor.tensor.type][INFO] - numpy allclose failed for abs_err 16.053487587733237 and rel_err 1.0
[2026-07-23 12:35:40,853][pymc.sampling.forward][INFO] - Sampling: []
[2026-07-23 12:35:41,085][pymc.sampling.forward][INFO] - Sampling: []
[2026-07-23 12:35:41,173][pymc.sampling.forward][INFO] - Sampling: []
[2026-07-23 12:35:41,259][pymc.sampling.forward][INFO] - Sampling: []
[2026-07-23 12:35:41,351][pymc.sampling.forward][INFO] - Sampling: []
[2026-07-23 12:35:41,645][pymc.sampling.mcmc][INFO] - Initializing NUTS using jitter+adapt_diag...
[2026-07-23 12:35:41,957][pymc.sampling.mcmc][INFO] - Multiprocess sampling (4 chains in 4 jobs)
[2026-07-23 12:35:41,957][pymc.sampling.mcmc][INFO] - NUTS: [alpha, beta]
[2026-07-23 12:36:40,109][pymc.sampling.mcmc][INFO] - Sampling 4 chains for 1_000 tune and 1_000 draw iterations (4_000 + 4_000 draws total) took 58 seconds.
[2026-07-23 12:36:40,235][pymc.sampling.mcmc][INFO] - Initializing NUTS using jitter+adapt_diag...
[2026-07-23 12:36:40,551][pymc.sampling.mcmc][INFO] - Multiprocess sampling (4 chains in 4 jobs)
[2026-07-23 12:36:40,551][pymc.sampling.mcmc][INFO] - NUTS: [alpha, beta]
[2026-07-23 12:37:37,064][pymc.sampling.mcmc][INFO] - Sampling 4 chains for 1_000 tune and 1_000 draw iterations (4_000 + 4_000 draws total) took 57 seconds.
[2026-07-23 12:37:37,183][pymc.sampling.mcmc][INFO] - Initializing NUTS using jitter+adapt_diag...
[2026-07-23 12:37:37,489][pymc.sampling.mcmc][INFO] - Multiprocess sampling (4 chains in 4 jobs)
[2026-07-23 12:37:37,490][pymc.sampling.mcmc][INFO] - NUTS: [alpha, beta]
[2026-07-23 12:38:33,974][pymc.sampling.mcmc][INFO] - Sampling 4 chains for 1_000 tune and 1_000 draw iterations (4_000 + 4_000 draws total) took 56 seconds.
[2026-07-23 12:38:34,027][pytensor.tensor.type][INFO] - numpy allclose failed for abs_err 6.660951455181351 and rel_err 1.0
[2026-07-23 12:38:34,027][pytensor.tensor.type][INFO] - numpy allclose failed for abs_err 6.660951455181351 and rel_err 1.0
[2026-07-23 12:38:34,027][pytensor.tensor.type][INFO] - numpy allclose failed for abs_err 6.660951455181351 and rel_err 1.0
[2026-07-23 12:38:34,041][pymc.sampling.forward][INFO] - Sampling: []
[2026-07-23 12:38:34,088][pytensor.tensor.type][INFO] - numpy allclose failed for abs_err 6.660951455181351 and rel_err 1.0
[2026-07-23 12:38:34,088][pytensor.tensor.type][INFO] - numpy allclose failed for abs_err 6.660951455181351 and rel_err 1.0
[2026-07-23 12:38:34,088][pytensor.tensor.type][INFO] - numpy allclose failed for abs_err 6.660951455181351 and rel_err 1.0
[2026-07-23 12:38:34,111][pymc.sampling.forward][INFO] - Sampling: []
[2026-07-23 12:38:34,168][pytensor.tensor.type][INFO] - numpy allclose failed for abs_err 4.912864902468513 and rel_err 1.0
[2026-07-23 12:38:34,168][pytensor.tensor.type][INFO] - numpy allclose failed for abs_err 4.912864902468513 and rel_err 1.0
[2026-07-23 12:38:34,168][pytensor.tensor.type][INFO] - numpy allclose failed for abs_err 4.912864902468513 and rel_err 1.0
[2026-07-23 12:38:34,190][pymc.sampling.forward][INFO] - Sampling: []
[2026-07-23 12:38:34,252][pytensor.tensor.type][INFO] - numpy allclose failed for abs_err 7.73201752124458 and rel_err 1.0
[2026-07-23 12:38:34,252][pytensor.tensor.type][INFO] - numpy allclose failed for abs_err 7.73201752124458 and rel_err 1.0
[2026-07-23 12:38:34,252][pytensor.tensor.type][INFO] - numpy allclose failed for abs_err 7.73201752124458 and rel_err 1.0
[2026-07-23 12:38:34,274][pymc.sampling.forward][INFO] - Sampling: []
[2026-07-23 12:38:34,453][pytensor.tensor.type][INFO] - numpy allclose failed for abs_err 6.608807968754464 and rel_err 1.0
[2026-07-23 12:38:34,455][pytensor.tensor.type][INFO] - numpy allclose failed for abs_err 6.608807968754464 and rel_err 1.0
[2026-07-23 12:38:34,455][pytensor.tensor.type][INFO] - numpy allclose failed for abs_err 6.608807968754464 and rel_err 1.0
[2026-07-23 12:38:34,470][pymc.sampling.forward][INFO] - Sampling: []
[2026-07-23 12:38:34,552][pytensor.tensor.type][INFO] - numpy allclose failed for abs_err 6.608807968754464 and rel_err 1.0
[2026-07-23 12:38:34,553][pytensor.tensor.type][INFO] - numpy allclose failed for abs_err 6.608807968754464 and rel_err 1.0
[2026-07-23 12:38:34,554][pytensor.tensor.type][INFO] - numpy allclose failed for abs_err 6.608807968754464 and rel_err 1.0
[2026-07-23 12:38:34,569][pymc.sampling.forward][INFO] - Sampling: []
[2026-07-23 12:38:34,658][pytensor.tensor.type][INFO] - numpy allclose failed for abs_err 6.050283511386921 and rel_err 1.0
[2026-07-23 12:38:34,659][pytensor.tensor.type][INFO] - numpy allclose failed for abs_err 6.050283511386921 and rel_err 1.0
[2026-07-23 12:38:34,659][pytensor.tensor.type][INFO] - numpy allclose failed for abs_err 6.050283511386921 and rel_err 1.0
[2026-07-23 12:38:34,672][pymc.sampling.forward][INFO] - Sampling: []
[2026-07-23 12:38:34,754][pytensor.tensor.type][INFO] - numpy allclose failed for abs_err 9.040983442646557 and rel_err 1.0
[2026-07-23 12:38:34,755][pytensor.tensor.type][INFO] - numpy allclose failed for abs_err 9.040983442646557 and rel_err 1.0
[2026-07-23 12:38:34,755][pytensor.tensor.type][INFO] - numpy allclose failed for abs_err 9.040983442646557 and rel_err 1.0
[2026-07-23 12:38:34,768][pymc.sampling.forward][INFO] - Sampling: []
[2026-07-23 12:38:34,952][pytensor.tensor.type][INFO] - numpy allclose failed for abs_err 6.649119635170212 and rel_err 1.0
[2026-07-23 12:38:34,952][pytensor.tensor.type][INFO] - numpy allclose failed for abs_err 6.649119635170212 and rel_err 1.0
[2026-07-23 12:38:34,952][pytensor.tensor.type][INFO] - numpy allclose failed for abs_err 6.649119635170212 and rel_err 1.0
[2026-07-23 12:38:34,969][pymc.sampling.forward][INFO] - Sampling: []
[2026-07-23 12:38:35,043][pytensor.tensor.type][INFO] - numpy allclose failed for abs_err 6.649119635170212 and rel_err 1.0
[2026-07-23 12:38:35,044][pytensor.tensor.type][INFO] - numpy allclose failed for abs_err 6.649119635170212 and rel_err 1.0
[2026-07-23 12:38:35,044][pytensor.tensor.type][INFO] - numpy allclose failed for abs_err 6.649119635170212 and rel_err 1.0
[2026-07-23 12:38:35,056][pymc.sampling.forward][INFO] - Sampling: []
[2026-07-23 12:38:35,136][pytensor.tensor.type][INFO] - numpy allclose failed for abs_err 7.5064628341038 and rel_err 1.0
[2026-07-23 12:38:35,137][pytensor.tensor.type][INFO] - numpy allclose failed for abs_err 7.5064628341038 and rel_err 1.0
[2026-07-23 12:38:35,137][pytensor.tensor.type][INFO] - numpy allclose failed for abs_err 7.5064628341038 and rel_err 1.0
[2026-07-23 12:38:35,149][pymc.sampling.forward][INFO] - Sampling: []
[2026-07-23 12:38:35,229][pytensor.tensor.type][INFO] - numpy allclose failed for abs_err 7.222378476354074 and rel_err 1.0
[2026-07-23 12:38:35,230][pytensor.tensor.type][INFO] - numpy allclose failed for abs_err 7.222378476354074 and rel_err 1.0
[2026-07-23 12:38:35,230][pytensor.tensor.type][INFO] - numpy allclose failed for abs_err 7.222378476354074 and rel_err 1.0
[2026-07-23 12:38:35,242][pymc.sampling.forward][INFO] - Sampling: []
[2026-07-23 12:38:35,415][pytensor.tensor.type][INFO] - numpy allclose failed for abs_err 6.650517483299485 and rel_err 1.0
[2026-07-23 12:38:35,415][pytensor.tensor.type][INFO] - numpy allclose failed for abs_err 6.650517483299485 and rel_err 1.0
[2026-07-23 12:38:35,415][pytensor.tensor.type][INFO] - numpy allclose failed for abs_err 6.650517483299485 and rel_err 1.0
[2026-07-23 12:38:35,440][pymc.sampling.forward][INFO] - Sampling: []
[2026-07-23 12:38:35,516][pytensor.tensor.type][INFO] - numpy allclose failed for abs_err 6.650517483299485 and rel_err 1.0
[2026-07-23 12:38:35,516][pytensor.tensor.type][INFO] - numpy allclose failed for abs_err 6.650517483299485 and rel_err 1.0
[2026-07-23 12:38:35,517][pytensor.tensor.type][INFO] - numpy allclose failed for abs_err 6.650517483299485 and rel_err 1.0
[2026-07-23 12:38:35,532][pymc.sampling.forward][INFO] - Sampling: []
[2026-07-23 12:38:35,602][pytensor.tensor.type][INFO] - numpy allclose failed for abs_err 5.753174265132953 and rel_err 1.0
[2026-07-23 12:38:35,602][pytensor.tensor.type][INFO] - numpy allclose failed for abs_err 5.753174265132953 and rel_err 1.0
[2026-07-23 12:38:35,602][pytensor.tensor.type][INFO] - numpy allclose failed for abs_err 5.753174265132953 and rel_err 1.0
[2026-07-23 12:38:35,624][pymc.sampling.forward][INFO] - Sampling: []
[2026-07-23 12:38:35,699][pytensor.tensor.type][INFO] - numpy allclose failed for abs_err 7.151631481217692 and rel_err 1.0
[2026-07-23 12:38:35,699][pytensor.tensor.type][INFO] - numpy allclose failed for abs_err 7.151631481217692 and rel_err 1.0
[2026-07-23 12:38:35,700][pytensor.tensor.type][INFO] - numpy allclose failed for abs_err 7.151631481217692 and rel_err 1.0
[2026-07-23 12:38:35,713][pymc.sampling.forward][INFO] - Sampling: []
[2026-07-23 12:38:35,884][pytensor.tensor.type][INFO] - numpy allclose failed for abs_err 6.646214683597794 and rel_err 1.0
[2026-07-23 12:38:35,884][pytensor.tensor.type][INFO] - numpy allclose failed for abs_err 6.646214683597794 and rel_err 1.0
[2026-07-23 12:38:35,885][pytensor.tensor.type][INFO] - numpy allclose failed for abs_err 6.646214683597794 and rel_err 1.0
[2026-07-23 12:38:35,906][pymc.sampling.forward][INFO] - Sampling: []
[2026-07-23 12:38:35,998][pytensor.tensor.type][INFO] - numpy allclose failed for abs_err 6.646214683597794 and rel_err 1.0
[2026-07-23 12:38:35,999][pytensor.tensor.type][INFO] - numpy allclose failed for abs_err 6.646214683597794 and rel_err 1.0
[2026-07-23 12:38:35,999][pytensor.tensor.type][INFO] - numpy allclose failed for abs_err 6.646214683597794 and rel_err 1.0
[2026-07-23 12:38:36,002][pymc.sampling.forward][INFO] - Sampling: []
[2026-07-23 12:38:36,099][pytensor.tensor.type][INFO] - numpy allclose failed for abs_err 5.095446411275959 and rel_err 1.0
[2026-07-23 12:38:36,100][pytensor.tensor.type][INFO] - numpy allclose failed for abs_err 5.095446411275959 and rel_err 1.0
[2026-07-23 12:38:36,100][pytensor.tensor.type][INFO] - numpy allclose failed for abs_err 5.095446411275959 and rel_err 1.0
[2026-07-23 12:38:36,111][pymc.sampling.forward][INFO] - Sampling: []
[2026-07-23 12:38:36,189][pytensor.tensor.type][INFO] - numpy allclose failed for abs_err 7.273662191440039 and rel_err 1.0
[2026-07-23 12:38:36,189][pytensor.tensor.type][INFO] - numpy allclose failed for abs_err 7.273662191440039 and rel_err 1.0
[2026-07-23 12:38:36,189][pytensor.tensor.type][INFO] - numpy allclose failed for abs_err 7.273662191440039 and rel_err 1.0
[2026-07-23 12:38:36,204][pymc.sampling.forward][INFO] - Sampling: []
[2026-07-23 12:38:36,393][pytensor.tensor.type][INFO] - numpy allclose failed for abs_err 6.808791182362007 and rel_err 1.0
[2026-07-23 12:38:36,393][pytensor.tensor.type][INFO] - numpy allclose failed for abs_err 6.808791182362007 and rel_err 1.0
[2026-07-23 12:38:36,396][pytensor.tensor.type][INFO] - numpy allclose failed for abs_err 6.808791182362007 and rel_err 1.0
[2026-07-23 12:38:36,409][pymc.sampling.forward][INFO] - Sampling: []
[2026-07-23 12:38:36,489][pytensor.tensor.type][INFO] - numpy allclose failed for abs_err 6.808791182362007 and rel_err 1.0
[2026-07-23 12:38:36,490][pytensor.tensor.type][INFO] - numpy allclose failed for abs_err 6.808791182362007 and rel_err 1.0
[2026-07-23 12:38:36,490][pytensor.tensor.type][INFO] - numpy allclose failed for abs_err 6.808791182362007 and rel_err 1.0
[2026-07-23 12:38:36,504][pymc.sampling.forward][INFO] - Sampling: []
[2026-07-23 12:38:36,583][pytensor.tensor.type][INFO] - numpy allclose failed for abs_err 5.943628032909443 and rel_err 1.0
[2026-07-23 12:38:36,583][pytensor.tensor.type][INFO] - numpy allclose failed for abs_err 5.943628032909443 and rel_err 1.0
[2026-07-23 12:38:36,585][pytensor.tensor.type][INFO] - numpy allclose failed for abs_err 5.943628032909443 and rel_err 1.0
[2026-07-23 12:38:36,595][pymc.sampling.forward][INFO] - Sampling: []
[2026-07-23 12:38:36,654][pytensor.tensor.type][INFO] - numpy allclose failed for abs_err 8.370913603285803 and rel_err 1.0
[2026-07-23 12:38:36,654][pytensor.tensor.type][INFO] - numpy allclose failed for abs_err 8.370913603285803 and rel_err 1.0
[2026-07-23 12:38:36,654][pytensor.tensor.type][INFO] - numpy allclose failed for abs_err 8.370913603285803 and rel_err 1.0
[2026-07-23 12:38:36,679][pymc.sampling.forward][INFO] - Sampling: []
[2026-07-23 12:38:36,865][pytensor.tensor.type][INFO] - numpy allclose failed for abs_err 6.588385033268624 and rel_err 1.0
[2026-07-23 12:38:36,866][pytensor.tensor.type][INFO] - numpy allclose failed for abs_err 6.588385033268624 and rel_err 1.0
[2026-07-23 12:38:36,866][pytensor.tensor.type][INFO] - numpy allclose failed for abs_err 6.588385033268624 and rel_err 1.0
[2026-07-23 12:38:36,879][pymc.sampling.forward][INFO] - Sampling: []
[2026-07-23 12:38:36,951][pytensor.tensor.type][INFO] - numpy allclose failed for abs_err 6.588385033268624 and rel_err 1.0
[2026-07-23 12:38:36,951][pytensor.tensor.type][INFO] - numpy allclose failed for abs_err 6.588385033268624 and rel_err 1.0
[2026-07-23 12:38:36,951][pytensor.tensor.type][INFO] - numpy allclose failed for abs_err 6.588385033268624 and rel_err 1.0
[2026-07-23 12:38:36,954][pymc.sampling.forward][INFO] - Sampling: []
[2026-07-23 12:38:37,041][pytensor.tensor.type][INFO] - numpy allclose failed for abs_err 5.446367186356835 and rel_err 1.0
[2026-07-23 12:38:37,042][pytensor.tensor.type][INFO] - numpy allclose failed for abs_err 5.446367186356835 and rel_err 1.0
[2026-07-23 12:38:37,042][pytensor.tensor.type][INFO] - numpy allclose failed for abs_err 5.446367186356835 and rel_err 1.0
[2026-07-23 12:38:37,055][pymc.sampling.forward][INFO] - Sampling: []
[2026-07-23 12:38:37,131][pytensor.tensor.type][INFO] - numpy allclose failed for abs_err 7.805421330908789 and rel_err 1.0
[2026-07-23 12:38:37,131][pytensor.tensor.type][INFO] - numpy allclose failed for abs_err 7.805421330908789 and rel_err 1.0
[2026-07-23 12:38:37,131][pytensor.tensor.type][INFO] - numpy allclose failed for abs_err 7.805421330908789 and rel_err 1.0
[2026-07-23 12:38:37,145][pymc.sampling.forward][INFO] - Sampling: []
[2026-07-23 12:38:37,323][pytensor.tensor.type][INFO] - numpy allclose failed for abs_err 6.8026164391865 and rel_err 1.0
[2026-07-23 12:38:37,323][pytensor.tensor.type][INFO] - numpy allclose failed for abs_err 6.8026164391865 and rel_err 1.0
[2026-07-23 12:38:37,323][pytensor.tensor.type][INFO] - numpy allclose failed for abs_err 6.8026164391865 and rel_err 1.0
[2026-07-23 12:38:37,340][pymc.sampling.forward][INFO] - Sampling: []
[2026-07-23 12:38:37,421][pytensor.tensor.type][INFO] - numpy allclose failed for abs_err 6.8026164391865 and rel_err 1.0
[2026-07-23 12:38:37,422][pytensor.tensor.type][INFO] - numpy allclose failed for abs_err 6.8026164391865 and rel_err 1.0
[2026-07-23 12:38:37,422][pytensor.tensor.type][INFO] - numpy allclose failed for abs_err 6.8026164391865 and rel_err 1.0
[2026-07-23 12:38:37,433][pymc.sampling.forward][INFO] - Sampling: []
[2026-07-23 12:38:37,502][pytensor.tensor.type][INFO] - numpy allclose failed for abs_err 5.187359293209125 and rel_err 1.0
[2026-07-23 12:38:37,502][pytensor.tensor.type][INFO] - numpy allclose failed for abs_err 5.187359293209125 and rel_err 1.0
[2026-07-23 12:38:37,502][pytensor.tensor.type][INFO] - numpy allclose failed for abs_err 5.187359293209125 and rel_err 1.0
[2026-07-23 12:38:37,525][pymc.sampling.forward][INFO] - Sampling: []
[2026-07-23 12:38:37,954][pytensor.tensor.type][INFO] - numpy allclose failed for abs_err 7.278446411738254 and rel_err 1.0
[2026-07-23 12:38:37,954][pytensor.tensor.type][INFO] - numpy allclose failed for abs_err 7.278446411738254 and rel_err 1.0
[2026-07-23 12:38:37,954][pytensor.tensor.type][INFO] - numpy allclose failed for abs_err 7.278446411738254 and rel_err 1.0
[2026-07-23 12:38:37,968][pymc.sampling.forward][INFO] - Sampling: []
[2026-07-23 12:38:38,153][pytensor.tensor.type][INFO] - numpy allclose failed for abs_err 6.784166059814857 and rel_err 1.0
[2026-07-23 12:38:38,154][pytensor.tensor.type][INFO] - numpy allclose failed for abs_err 6.784166059814857 and rel_err 1.0
[2026-07-23 12:38:38,154][pytensor.tensor.type][INFO] - numpy allclose failed for abs_err 6.784166059814857 and rel_err 1.0
[2026-07-23 12:38:38,169][pymc.sampling.forward][INFO] - Sampling: []
[2026-07-23 12:38:38,251][pytensor.tensor.type][INFO] - numpy allclose failed for abs_err 6.784166059814857 and rel_err 1.0
[2026-07-23 12:38:38,251][pytensor.tensor.type][INFO] - numpy allclose failed for abs_err 6.784166059814857 and rel_err 1.0
[2026-07-23 12:38:38,252][pytensor.tensor.type][INFO] - numpy allclose failed for abs_err 6.784166059814857 and rel_err 1.0
[2026-07-23 12:38:38,264][pymc.sampling.forward][INFO] - Sampling: []
[2026-07-23 12:38:38,334][pytensor.tensor.type][INFO] - numpy allclose failed for abs_err 5.610957701908161 and rel_err 1.0
[2026-07-23 12:38:38,335][pytensor.tensor.type][INFO] - numpy allclose failed for abs_err 5.610957701908161 and rel_err 1.0
[2026-07-23 12:38:38,335][pytensor.tensor.type][INFO] - numpy allclose failed for abs_err 5.610957701908161 and rel_err 1.0
[2026-07-23 12:38:38,348][pymc.sampling.forward][INFO] - Sampling: []
[2026-07-23 12:38:38,419][pytensor.tensor.type][INFO] - numpy allclose failed for abs_err 8.714571335295691 and rel_err 1.0
[2026-07-23 12:38:38,419][pytensor.tensor.type][INFO] - numpy allclose failed for abs_err 8.714571335295691 and rel_err 1.0
[2026-07-23 12:38:38,419][pytensor.tensor.type][INFO] - numpy allclose failed for abs_err 8.714571335295691 and rel_err 1.0
[2026-07-23 12:38:38,441][pymc.sampling.forward][INFO] - Sampling: []
[2026-07-23 12:38:38,625][pytensor.tensor.type][INFO] - numpy allclose failed for abs_err 6.820100746475624 and rel_err 1.0
[2026-07-23 12:38:38,625][pytensor.tensor.type][INFO] - numpy allclose failed for abs_err 6.820100746475624 and rel_err 1.0
[2026-07-23 12:38:38,627][pytensor.tensor.type][INFO] - numpy allclose failed for abs_err 6.820100746475624 and rel_err 1.0
[2026-07-23 12:38:38,641][pymc.sampling.forward][INFO] - Sampling: []
[2026-07-23 12:38:38,720][pytensor.tensor.type][INFO] - numpy allclose failed for abs_err 6.820100746475624 and rel_err 1.0
[2026-07-23 12:38:38,721][pytensor.tensor.type][INFO] - numpy allclose failed for abs_err 6.820100746475624 and rel_err 1.0
[2026-07-23 12:38:38,721][pytensor.tensor.type][INFO] - numpy allclose failed for abs_err 6.820100746475624 and rel_err 1.0
[2026-07-23 12:38:38,735][pymc.sampling.forward][INFO] - Sampling: []
[2026-07-23 12:38:38,810][pytensor.tensor.type][INFO] - numpy allclose failed for abs_err 5.234195430980732 and rel_err 1.0
[2026-07-23 12:38:38,810][pytensor.tensor.type][INFO] - numpy allclose failed for abs_err 5.234195430980732 and rel_err 1.0
[2026-07-23 12:38:38,811][pytensor.tensor.type][INFO] - numpy allclose failed for abs_err 5.234195430980732 and rel_err 1.0
[2026-07-23 12:38:38,826][pymc.sampling.forward][INFO] - Sampling: []
[2026-07-23 12:38:38,898][pytensor.tensor.type][INFO] - numpy allclose failed for abs_err 8.069712688126067 and rel_err 1.0
[2026-07-23 12:38:38,898][pytensor.tensor.type][INFO] - numpy allclose failed for abs_err 8.069712688126067 and rel_err 1.0
[2026-07-23 12:38:38,899][pytensor.tensor.type][INFO] - numpy allclose failed for abs_err 8.069712688126067 and rel_err 1.0
[2026-07-23 12:38:38,918][pymc.sampling.forward][INFO] - Sampling: []
[2026-07-23 12:38:39,127][pymc.sampling.forward][INFO] - Sampling: []
[2026-07-23 12:38:39,219][pymc.sampling.forward][INFO] - Sampling: []
[2026-07-23 12:38:39,319][pymc.sampling.forward][INFO] - Sampling: []
[2026-07-23 12:38:39,414][pymc.sampling.forward][INFO] - Sampling: []
[2026-07-23 12:38:39,700][pymc.sampling.mcmc][INFO] - Initializing NUTS using jitter+adapt_diag...
[2026-07-23 12:38:40,007][pymc.sampling.mcmc][INFO] - Multiprocess sampling (4 chains in 4 jobs)
[2026-07-23 12:38:40,007][pymc.sampling.mcmc][INFO] - NUTS: [alpha, beta]
[2026-07-23 12:39:37,834][pymc.sampling.mcmc][INFO] - Sampling 4 chains for 1_000 tune and 1_000 draw iterations (4_000 + 4_000 draws total) took 58 seconds.
[2026-07-23 12:39:37,950][pymc.sampling.mcmc][INFO] - Initializing NUTS using jitter+adapt_diag...
[2026-07-23 12:39:38,262][pymc.sampling.mcmc][INFO] - Multiprocess sampling (4 chains in 4 jobs)
[2026-07-23 12:39:38,262][pymc.sampling.mcmc][INFO] - NUTS: [alpha, beta]
[2026-07-23 12:40:35,023][pymc.sampling.mcmc][INFO] - Sampling 4 chains for 1_000 tune and 1_000 draw iterations (4_000 + 4_000 draws total) took 57 seconds.
[2026-07-23 12:40:35,152][pymc.sampling.mcmc][INFO] - Initializing NUTS using jitter+adapt_diag...
[2026-07-23 12:40:35,460][pymc.sampling.mcmc][INFO] - Multiprocess sampling (4 chains in 4 jobs)
[2026-07-23 12:40:35,460][pymc.sampling.mcmc][INFO] - NUTS: [alpha, beta]
[2026-07-23 12:41:32,274][pymc.sampling.mcmc][INFO] - Sampling 4 chains for 1_000 tune and 1_000 draw iterations (4_000 + 4_000 draws total) took 57 seconds.
[2026-07-23 12:41:32,313][pytensor.tensor.type][INFO] - numpy allclose failed for abs_err 6.24101440998261 and rel_err 1.0
[2026-07-23 12:41:32,313][pytensor.tensor.type][INFO] - numpy allclose failed for abs_err 6.24101440998261 and rel_err 1.0
[2026-07-23 12:41:32,313][pytensor.tensor.type][INFO] - numpy allclose failed for abs_err 6.24101440998261 and rel_err 1.0
[2026-07-23 12:41:32,327][pymc.sampling.forward][INFO] - Sampling: []
[2026-07-23 12:41:32,390][pytensor.tensor.type][INFO] - numpy allclose failed for abs_err 6.320291388952184 and rel_err 1.0
[2026-07-23 12:41:32,390][pytensor.tensor.type][INFO] - numpy allclose failed for abs_err 6.320291388952184 and rel_err 1.0
[2026-07-23 12:41:32,390][pytensor.tensor.type][INFO] - numpy allclose failed for abs_err 6.320291388952184 and rel_err 1.0
[2026-07-23 12:41:32,402][pymc.sampling.forward][INFO] - Sampling: []
[2026-07-23 12:41:32,482][pytensor.tensor.type][INFO] - numpy allclose failed for abs_err 5.286926187127024 and rel_err 1.0
[2026-07-23 12:41:32,483][pytensor.tensor.type][INFO] - numpy allclose failed for abs_err 5.286926187127024 and rel_err 1.0
[2026-07-23 12:41:32,483][pytensor.tensor.type][INFO] - numpy allclose failed for abs_err 5.286926187127024 and rel_err 1.0
[2026-07-23 12:41:32,497][pymc.sampling.forward][INFO] - Sampling: []
[2026-07-23 12:41:32,571][pytensor.tensor.type][INFO] - numpy allclose failed for abs_err 7.0333984049923455 and rel_err 1.0
[2026-07-23 12:41:32,571][pytensor.tensor.type][INFO] - numpy allclose failed for abs_err 7.0333984049923455 and rel_err 1.0
[2026-07-23 12:41:32,572][pytensor.tensor.type][INFO] - numpy allclose failed for abs_err 7.0333984049923455 and rel_err 1.0
[2026-07-23 12:41:32,584][pymc.sampling.forward][INFO] - Sampling: []
[2026-07-23 12:41:32,759][pytensor.tensor.type][INFO] - numpy allclose failed for abs_err 5.472597764935256 and rel_err 1.0
[2026-07-23 12:41:32,759][pytensor.tensor.type][INFO] - numpy allclose failed for abs_err 5.472597764935256 and rel_err 1.0
[2026-07-23 12:41:32,760][pytensor.tensor.type][INFO] - numpy allclose failed for abs_err 5.472597764935256 and rel_err 1.0
[2026-07-23 12:41:32,777][pymc.sampling.forward][INFO] - Sampling: []
[2026-07-23 12:41:32,867][pytensor.tensor.type][INFO] - numpy allclose failed for abs_err 5.457295285668136 and rel_err 1.0
[2026-07-23 12:41:32,867][pytensor.tensor.type][INFO] - numpy allclose failed for abs_err 5.457295285668136 and rel_err 1.0
[2026-07-23 12:41:32,867][pytensor.tensor.type][INFO] - numpy allclose failed for abs_err 5.457295285668136 and rel_err 1.0
[2026-07-23 12:41:32,879][pymc.sampling.forward][INFO] - Sampling: []
[2026-07-23 12:41:32,967][pytensor.tensor.type][INFO] - numpy allclose failed for abs_err 3.935983613774622 and rel_err 1.0
[2026-07-23 12:41:32,967][pytensor.tensor.type][INFO] - numpy allclose failed for abs_err 3.935983613774622 and rel_err 1.0
[2026-07-23 12:41:32,983][pytensor.tensor.type][INFO] - numpy allclose failed for abs_err 3.935983613774622 and rel_err 1.0
[2026-07-23 12:41:32,997][pymc.sampling.forward][INFO] - Sampling: []
[2026-07-23 12:41:33,074][pytensor.tensor.type][INFO] - numpy allclose failed for abs_err 7.810288444436315 and rel_err 1.0
[2026-07-23 12:41:33,074][pytensor.tensor.type][INFO] - numpy allclose failed for abs_err 7.810288444436315 and rel_err 1.0
[2026-07-23 12:41:33,075][pytensor.tensor.type][INFO] - numpy allclose failed for abs_err 7.810288444436315 and rel_err 1.0
[2026-07-23 12:41:33,088][pymc.sampling.forward][INFO] - Sampling: []
[2026-07-23 12:41:33,264][pytensor.tensor.type][INFO] - numpy allclose failed for abs_err 6.206270028078008 and rel_err 1.0
[2026-07-23 12:41:33,265][pytensor.tensor.type][INFO] - numpy allclose failed for abs_err 6.206270028078008 and rel_err 1.0
[2026-07-23 12:41:33,265][pytensor.tensor.type][INFO] - numpy allclose failed for abs_err 6.206270028078008 and rel_err 1.0
[2026-07-23 12:41:33,278][pymc.sampling.forward][INFO] - Sampling: []
[2026-07-23 12:41:33,366][pytensor.tensor.type][INFO] - numpy allclose failed for abs_err 6.212152529680181 and rel_err 1.0
[2026-07-23 12:41:33,366][pytensor.tensor.type][INFO] - numpy allclose failed for abs_err 6.212152529680181 and rel_err 1.0
[2026-07-23 12:41:33,367][pytensor.tensor.type][INFO] - numpy allclose failed for abs_err 6.212152529680181 and rel_err 1.0
[2026-07-23 12:41:33,381][pymc.sampling.forward][INFO] - Sampling: []
[2026-07-23 12:41:33,457][pytensor.tensor.type][INFO] - numpy allclose failed for abs_err 3.5278234263647064 and rel_err 1.0
[2026-07-23 12:41:33,457][pytensor.tensor.type][INFO] - numpy allclose failed for abs_err 3.5278234263647064 and rel_err 1.0
[2026-07-23 12:41:33,458][pytensor.tensor.type][INFO] - numpy allclose failed for abs_err 3.5278234263647064 and rel_err 1.0
[2026-07-23 12:41:33,471][pymc.sampling.forward][INFO] - Sampling: []
[2026-07-23 12:41:33,550][pytensor.tensor.type][INFO] - numpy allclose failed for abs_err 5.440191641724828 and rel_err 1.0
[2026-07-23 12:41:33,550][pytensor.tensor.type][INFO] - numpy allclose failed for abs_err 5.440191641724828 and rel_err 1.0
[2026-07-23 12:41:33,553][pytensor.tensor.type][INFO] - numpy allclose failed for abs_err 5.440191641724828 and rel_err 1.0
[2026-07-23 12:41:33,565][pymc.sampling.forward][INFO] - Sampling: []
[2026-07-23 12:41:33,742][pytensor.tensor.type][INFO] - numpy allclose failed for abs_err 6.253064144575048 and rel_err 1.0
[2026-07-23 12:41:33,742][pytensor.tensor.type][INFO] - numpy allclose failed for abs_err 6.253064144575048 and rel_err 1.0
[2026-07-23 12:41:33,742][pytensor.tensor.type][INFO] - numpy allclose failed for abs_err 6.253064144575048 and rel_err 1.0
[2026-07-23 12:41:33,757][pymc.sampling.forward][INFO] - Sampling: []
[2026-07-23 12:41:33,845][pytensor.tensor.type][INFO] - numpy allclose failed for abs_err 6.192671287977148 and rel_err 1.0
[2026-07-23 12:41:33,846][pytensor.tensor.type][INFO] - numpy allclose failed for abs_err 6.192671287977148 and rel_err 1.0
[2026-07-23 12:41:33,846][pytensor.tensor.type][INFO] - numpy allclose failed for abs_err 6.192671287977148 and rel_err 1.0
[2026-07-23 12:41:33,850][pymc.sampling.forward][INFO] - Sampling: []
[2026-07-23 12:41:33,917][pytensor.tensor.type][INFO] - numpy allclose failed for abs_err 3.409559014942457 and rel_err 1.0
[2026-07-23 12:41:33,917][pytensor.tensor.type][INFO] - numpy allclose failed for abs_err 3.409559014942457 and rel_err 1.0
[2026-07-23 12:41:33,917][pytensor.tensor.type][INFO] - numpy allclose failed for abs_err 3.409559014942457 and rel_err 1.0
[2026-07-23 12:41:33,933][pymc.sampling.forward][INFO] - Sampling: []
[2026-07-23 12:41:34,020][pytensor.tensor.type][INFO] - numpy allclose failed for abs_err 5.784873972480236 and rel_err 1.0
[2026-07-23 12:41:34,020][pytensor.tensor.type][INFO] - numpy allclose failed for abs_err 5.784873972480236 and rel_err 1.0
[2026-07-23 12:41:34,020][pytensor.tensor.type][INFO] - numpy allclose failed for abs_err 5.784873972480236 and rel_err 1.0
[2026-07-23 12:41:34,036][pymc.sampling.forward][INFO] - Sampling: []
[2026-07-23 12:41:34,220][pytensor.tensor.type][INFO] - numpy allclose failed for abs_err 6.195171166383672 and rel_err 1.0
[2026-07-23 12:41:34,220][pytensor.tensor.type][INFO] - numpy allclose failed for abs_err 6.195171166383672 and rel_err 1.0
[2026-07-23 12:41:34,222][pytensor.tensor.type][INFO] - numpy allclose failed for abs_err 6.195171166383672 and rel_err 1.0
[2026-07-23 12:41:34,240][pymc.sampling.forward][INFO] - Sampling: []
[2026-07-23 12:41:34,317][pytensor.tensor.type][INFO] - numpy allclose failed for abs_err 5.629573292505505 and rel_err 1.0
[2026-07-23 12:41:34,318][pytensor.tensor.type][INFO] - numpy allclose failed for abs_err 5.629573292505505 and rel_err 1.0
[2026-07-23 12:41:34,318][pytensor.tensor.type][INFO] - numpy allclose failed for abs_err 5.629573292505505 and rel_err 1.0
[2026-07-23 12:41:34,331][pymc.sampling.forward][INFO] - Sampling: []
[2026-07-23 12:41:34,408][pytensor.tensor.type][INFO] - numpy allclose failed for abs_err 4.656370135099172 and rel_err 1.0
[2026-07-23 12:41:34,408][pytensor.tensor.type][INFO] - numpy allclose failed for abs_err 4.656370135099172 and rel_err 1.0
[2026-07-23 12:41:34,409][pytensor.tensor.type][INFO] - numpy allclose failed for abs_err 4.656370135099172 and rel_err 1.0
[2026-07-23 12:41:34,423][pymc.sampling.forward][INFO] - Sampling: []
[2026-07-23 12:41:34,501][pytensor.tensor.type][INFO] - numpy allclose failed for abs_err 5.743564144051794 and rel_err 1.0
[2026-07-23 12:41:34,502][pytensor.tensor.type][INFO] - numpy allclose failed for abs_err 5.743564144051794 and rel_err 1.0
[2026-07-23 12:41:34,502][pytensor.tensor.type][INFO] - numpy allclose failed for abs_err 5.743564144051794 and rel_err 1.0
[2026-07-23 12:41:34,517][pymc.sampling.forward][INFO] - Sampling: []
[2026-07-23 12:41:34,734][pytensor.tensor.type][INFO] - numpy allclose failed for abs_err 5.638618893396618 and rel_err 1.0
[2026-07-23 12:41:34,734][pytensor.tensor.type][INFO] - numpy allclose failed for abs_err 5.638618893396618 and rel_err 1.0
[2026-07-23 12:41:34,737][pytensor.tensor.type][INFO] - numpy allclose failed for abs_err 5.638618893396618 and rel_err 1.0
[2026-07-23 12:41:34,752][pymc.sampling.forward][INFO] - Sampling: []
[2026-07-23 12:41:34,835][pytensor.tensor.type][INFO] - numpy allclose failed for abs_err 5.665256984007122 and rel_err 1.0
[2026-07-23 12:41:34,835][pytensor.tensor.type][INFO] - numpy allclose failed for abs_err 5.665256984007122 and rel_err 1.0
[2026-07-23 12:41:34,835][pytensor.tensor.type][INFO] - numpy allclose failed for abs_err 5.665256984007122 and rel_err 1.0
[2026-07-23 12:41:34,848][pymc.sampling.forward][INFO] - Sampling: []
[2026-07-23 12:41:34,933][pytensor.tensor.type][INFO] - numpy allclose failed for abs_err 3.6907570396922127 and rel_err 1.0
[2026-07-23 12:41:34,934][pytensor.tensor.type][INFO] - numpy allclose failed for abs_err 3.6907570396922127 and rel_err 1.0
[2026-07-23 12:41:34,934][pytensor.tensor.type][INFO] - numpy allclose failed for abs_err 3.6907570396922127 and rel_err 1.0
[2026-07-23 12:41:34,948][pymc.sampling.forward][INFO] - Sampling: []
[2026-07-23 12:41:35,017][pytensor.tensor.type][INFO] - numpy allclose failed for abs_err 6.493786847693168 and rel_err 1.0
[2026-07-23 12:41:35,017][pytensor.tensor.type][INFO] - numpy allclose failed for abs_err 6.493786847693168 and rel_err 1.0
[2026-07-23 12:41:35,017][pytensor.tensor.type][INFO] - numpy allclose failed for abs_err 6.493786847693168 and rel_err 1.0
[2026-07-23 12:41:35,032][pymc.sampling.forward][INFO] - Sampling: []
[2026-07-23 12:41:35,234][pytensor.tensor.type][INFO] - numpy allclose failed for abs_err 6.195246089422155 and rel_err 1.0
[2026-07-23 12:41:35,234][pytensor.tensor.type][INFO] - numpy allclose failed for abs_err 6.195246089422155 and rel_err 1.0
[2026-07-23 12:41:35,235][pytensor.tensor.type][INFO] - numpy allclose failed for abs_err 6.195246089422155 and rel_err 1.0
[2026-07-23 12:41:35,255][pymc.sampling.forward][INFO] - Sampling: []
[2026-07-23 12:41:35,348][pytensor.tensor.type][INFO] - numpy allclose failed for abs_err 6.218533326112676 and rel_err 1.0
[2026-07-23 12:41:35,348][pytensor.tensor.type][INFO] - numpy allclose failed for abs_err 6.218533326112676 and rel_err 1.0
[2026-07-23 12:41:35,348][pytensor.tensor.type][INFO] - numpy allclose failed for abs_err 6.218533326112676 and rel_err 1.0
[2026-07-23 12:41:35,359][pymc.sampling.forward][INFO] - Sampling: []
[2026-07-23 12:41:35,443][pytensor.tensor.type][INFO] - numpy allclose failed for abs_err 2.5006487905336185 and rel_err 1.0
[2026-07-23 12:41:35,443][pytensor.tensor.type][INFO] - numpy allclose failed for abs_err 2.5006487905336185 and rel_err 1.0
[2026-07-23 12:41:35,443][pytensor.tensor.type][INFO] - numpy allclose failed for abs_err 2.5006487905336185 and rel_err 1.0
[2026-07-23 12:41:35,459][pymc.sampling.forward][INFO] - Sampling: []
[2026-07-23 12:41:35,535][pytensor.tensor.type][INFO] - numpy allclose failed for abs_err 5.4009332757639275 and rel_err 1.0
[2026-07-23 12:41:35,535][pytensor.tensor.type][INFO] - numpy allclose failed for abs_err 5.4009332757639275 and rel_err 1.0
[2026-07-23 12:41:35,536][pytensor.tensor.type][INFO] - numpy allclose failed for abs_err 5.4009332757639275 and rel_err 1.0
[2026-07-23 12:41:35,546][pymc.sampling.forward][INFO] - Sampling: []
[2026-07-23 12:41:35,733][pytensor.tensor.type][INFO] - numpy allclose failed for abs_err 6.195999015294958 and rel_err 1.0
[2026-07-23 12:41:35,734][pytensor.tensor.type][INFO] - numpy allclose failed for abs_err 6.195999015294958 and rel_err 1.0
[2026-07-23 12:41:35,734][pytensor.tensor.type][INFO] - numpy allclose failed for abs_err 6.195999015294958 and rel_err 1.0
[2026-07-23 12:41:35,753][pymc.sampling.forward][INFO] - Sampling: []
[2026-07-23 12:41:35,841][pytensor.tensor.type][INFO] - numpy allclose failed for abs_err 5.616290218603375 and rel_err 1.0
[2026-07-23 12:41:35,842][pytensor.tensor.type][INFO] - numpy allclose failed for abs_err 5.616290218603375 and rel_err 1.0
[2026-07-23 12:41:35,842][pytensor.tensor.type][INFO] - numpy allclose failed for abs_err 5.616290218603375 and rel_err 1.0
[2026-07-23 12:41:35,857][pymc.sampling.forward][INFO] - Sampling: []
[2026-07-23 12:41:35,938][pytensor.tensor.type][INFO] - numpy allclose failed for abs_err 3.99806296056001 and rel_err 1.0
[2026-07-23 12:41:35,939][pytensor.tensor.type][INFO] - numpy allclose failed for abs_err 3.99806296056001 and rel_err 1.0
[2026-07-23 12:41:35,939][pytensor.tensor.type][INFO] - numpy allclose failed for abs_err 3.99806296056001 and rel_err 1.0
[2026-07-23 12:41:35,955][pymc.sampling.forward][INFO] - Sampling: []
[2026-07-23 12:41:36,029][pytensor.tensor.type][INFO] - numpy allclose failed for abs_err 5.328231562838335 and rel_err 1.0
[2026-07-23 12:41:36,030][pytensor.tensor.type][INFO] - numpy allclose failed for abs_err 5.328231562838335 and rel_err 1.0
[2026-07-23 12:41:36,030][pytensor.tensor.type][INFO] - numpy allclose failed for abs_err 5.328231562838335 and rel_err 1.0
[2026-07-23 12:41:36,043][pymc.sampling.forward][INFO] - Sampling: []
[2026-07-23 12:41:36,246][pytensor.tensor.type][INFO] - numpy allclose failed for abs_err 6.20504759641831 and rel_err 1.0
[2026-07-23 12:41:36,246][pytensor.tensor.type][INFO] - numpy allclose failed for abs_err 6.20504759641831 and rel_err 1.0
[2026-07-23 12:41:36,247][pytensor.tensor.type][INFO] - numpy allclose failed for abs_err 6.20504759641831 and rel_err 1.0
[2026-07-23 12:41:36,260][pymc.sampling.forward][INFO] - Sampling: []
[2026-07-23 12:41:36,342][pytensor.tensor.type][INFO] - numpy allclose failed for abs_err 6.23785917850678 and rel_err 1.0
[2026-07-23 12:41:36,342][pytensor.tensor.type][INFO] - numpy allclose failed for abs_err 6.23785917850678 and rel_err 1.0
[2026-07-23 12:41:36,343][pytensor.tensor.type][INFO] - numpy allclose failed for abs_err 6.23785917850678 and rel_err 1.0
[2026-07-23 12:41:36,355][pymc.sampling.forward][INFO] - Sampling: []
[2026-07-23 12:41:36,430][pytensor.tensor.type][INFO] - numpy allclose failed for abs_err 4.611566992551564 and rel_err 1.0
[2026-07-23 12:41:36,432][pytensor.tensor.type][INFO] - numpy allclose failed for abs_err 4.611566992551564 and rel_err 1.0
[2026-07-23 12:41:36,432][pytensor.tensor.type][INFO] - numpy allclose failed for abs_err 4.611566992551564 and rel_err 1.0
[2026-07-23 12:41:36,443][pymc.sampling.forward][INFO] - Sampling: []
[2026-07-23 12:41:36,517][pytensor.tensor.type][INFO] - numpy allclose failed for abs_err 5.34381414977384 and rel_err 1.0
[2026-07-23 12:41:36,517][pytensor.tensor.type][INFO] - numpy allclose failed for abs_err 5.34381414977384 and rel_err 1.0
[2026-07-23 12:41:36,517][pytensor.tensor.type][INFO] - numpy allclose failed for abs_err 5.34381414977384 and rel_err 1.0
[2026-07-23 12:41:36,534][pymc.sampling.forward][INFO] - Sampling: []
[2026-07-23 12:41:36,703][pytensor.tensor.type][INFO] - numpy allclose failed for abs_err 6.201146174394537 and rel_err 1.0
[2026-07-23 12:41:36,703][pytensor.tensor.type][INFO] - numpy allclose failed for abs_err 6.201146174394537 and rel_err 1.0
[2026-07-23 12:41:36,703][pytensor.tensor.type][INFO] - numpy allclose failed for abs_err 6.201146174394537 and rel_err 1.0
[2026-07-23 12:41:36,724][pymc.sampling.forward][INFO] - Sampling: []
[2026-07-23 12:41:36,805][pytensor.tensor.type][INFO] - numpy allclose failed for abs_err 5.432208346333266 and rel_err 1.0
[2026-07-23 12:41:36,806][pytensor.tensor.type][INFO] - numpy allclose failed for abs_err 5.432208346333266 and rel_err 1.0
[2026-07-23 12:41:36,806][pytensor.tensor.type][INFO] - numpy allclose failed for abs_err 5.432208346333266 and rel_err 1.0
[2026-07-23 12:41:36,821][pymc.sampling.forward][INFO] - Sampling: []
[2026-07-23 12:41:36,893][pytensor.tensor.type][INFO] - numpy allclose failed for abs_err 3.19186354993376 and rel_err 1.0
[2026-07-23 12:41:36,894][pytensor.tensor.type][INFO] - numpy allclose failed for abs_err 3.19186354993376 and rel_err 1.0
[2026-07-23 12:41:36,894][pytensor.tensor.type][INFO] - numpy allclose failed for abs_err 3.19186354993376 and rel_err 1.0
[2026-07-23 12:41:36,907][pymc.sampling.forward][INFO] - Sampling: []
[2026-07-23 12:41:37,000][pytensor.tensor.type][INFO] - numpy allclose failed for abs_err 6.561729207909826 and rel_err 1.0
[2026-07-23 12:41:37,000][pytensor.tensor.type][INFO] - numpy allclose failed for abs_err 6.561729207909826 and rel_err 1.0
[2026-07-23 12:41:37,000][pytensor.tensor.type][INFO] - numpy allclose failed for abs_err 6.561729207909826 and rel_err 1.0
[2026-07-23 12:41:37,003][pymc.sampling.forward][INFO] - Sampling: []
[2026-07-23 12:41:37,222][pymc.sampling.forward][INFO] - Sampling: []
[2026-07-23 12:41:37,307][pymc.sampling.forward][INFO] - Sampling: []
[2026-07-23 12:41:37,403][pymc.sampling.forward][INFO] - Sampling: []
[2026-07-23 12:41:37,493][pymc.sampling.forward][INFO] - Sampling: []
[2026-07-23 12:41:37,749][pymc.sampling.mcmc][INFO] - Initializing NUTS using jitter+adapt_diag...
[2026-07-23 12:41:38,104][pymc.sampling.mcmc][INFO] - Multiprocess sampling (4 chains in 4 jobs)
[2026-07-23 12:41:38,104][pymc.sampling.mcmc][INFO] - NUTS: [alpha, beta]
[2026-07-23 12:42:35,465][pymc.sampling.mcmc][INFO] - Sampling 4 chains for 1_000 tune and 1_000 draw iterations (4_000 + 4_000 draws total) took 57 seconds.
[2026-07-23 12:42:35,582][pymc.sampling.mcmc][INFO] - Initializing NUTS using jitter+adapt_diag...
[2026-07-23 12:42:35,888][pymc.sampling.mcmc][INFO] - Multiprocess sampling (4 chains in 4 jobs)
[2026-07-23 12:42:35,888][pymc.sampling.mcmc][INFO] - NUTS: [alpha, beta]
[2026-07-23 12:43:32,504][pymc.sampling.mcmc][INFO] - Sampling 4 chains for 1_000 tune and 1_000 draw iterations (4_000 + 4_000 draws total) took 57 seconds.
[2026-07-23 12:43:32,616][pymc.sampling.mcmc][INFO] - Initializing NUTS using jitter+adapt_diag...
[2026-07-23 12:43:32,913][pymc.sampling.mcmc][INFO] - Multiprocess sampling (4 chains in 4 jobs)
[2026-07-23 12:43:32,913][pymc.sampling.mcmc][INFO] - NUTS: [alpha, beta]
[2026-07-23 12:44:29,522][pymc.sampling.mcmc][INFO] - Sampling 4 chains for 1_000 tune and 1_000 draw iterations (4_000 + 4_000 draws total) took 57 seconds.
[2026-07-23 12:44:29,573][pytensor.tensor.type][INFO] - numpy allclose failed for abs_err 15.424948423832443 and rel_err 1.0
[2026-07-23 12:44:29,573][pytensor.tensor.type][INFO] - numpy allclose failed for abs_err 15.424948423832443 and rel_err 1.0
[2026-07-23 12:44:29,573][pytensor.tensor.type][INFO] - numpy allclose failed for abs_err 15.424948423832443 and rel_err 1.0
[2026-07-23 12:44:29,587][pymc.sampling.forward][INFO] - Sampling: []
[2026-07-23 12:44:29,667][pytensor.tensor.type][INFO] - numpy allclose failed for abs_err 15.424948423832443 and rel_err 1.0
[2026-07-23 12:44:29,667][pytensor.tensor.type][INFO] - numpy allclose failed for abs_err 15.424948423832443 and rel_err 1.0
[2026-07-23 12:44:29,667][pytensor.tensor.type][INFO] - numpy allclose failed for abs_err 15.424948423832443 and rel_err 1.0
[2026-07-23 12:44:29,678][pymc.sampling.forward][INFO] - Sampling: []
[2026-07-23 12:44:29,750][pytensor.tensor.type][INFO] - numpy allclose failed for abs_err 14.159063387675255 and rel_err 1.0
[2026-07-23 12:44:29,750][pytensor.tensor.type][INFO] - numpy allclose failed for abs_err 14.159063387675255 and rel_err 1.0
[2026-07-23 12:44:29,750][pytensor.tensor.type][INFO] - numpy allclose failed for abs_err 14.159063387675255 and rel_err 1.0
[2026-07-23 12:44:29,769][pymc.sampling.forward][INFO] - Sampling: []
[2026-07-23 12:44:29,853][pytensor.tensor.type][INFO] - numpy allclose failed for abs_err 15.816564369959801 and rel_err 1.0
[2026-07-23 12:44:29,853][pytensor.tensor.type][INFO] - numpy allclose failed for abs_err 15.816564369959801 and rel_err 1.0
[2026-07-23 12:44:29,854][pytensor.tensor.type][INFO] - numpy allclose failed for abs_err 15.816564369959801 and rel_err 1.0
[2026-07-23 12:44:29,867][pymc.sampling.forward][INFO] - Sampling: []
[2026-07-23 12:44:30,065][pytensor.tensor.type][INFO] - numpy allclose failed for abs_err 14.156932402444001 and rel_err 1.0
[2026-07-23 12:44:30,066][pytensor.tensor.type][INFO] - numpy allclose failed for abs_err 14.156932402444001 and rel_err 1.0
[2026-07-23 12:44:30,066][pytensor.tensor.type][INFO] - numpy allclose failed for abs_err 14.156932402444001 and rel_err 1.0
[2026-07-23 12:44:30,081][pymc.sampling.forward][INFO] - Sampling: []
[2026-07-23 12:44:30,158][pytensor.tensor.type][INFO] - numpy allclose failed for abs_err 14.156932402444001 and rel_err 1.0
[2026-07-23 12:44:30,158][pytensor.tensor.type][INFO] - numpy allclose failed for abs_err 14.156932402444001 and rel_err 1.0
[2026-07-23 12:44:30,158][pytensor.tensor.type][INFO] - numpy allclose failed for abs_err 14.156932402444001 and rel_err 1.0
[2026-07-23 12:44:30,170][pymc.sampling.forward][INFO] - Sampling: []
[2026-07-23 12:44:30,244][pytensor.tensor.type][INFO] - numpy allclose failed for abs_err 14.159063387675255 and rel_err 1.0
[2026-07-23 12:44:30,245][pytensor.tensor.type][INFO] - numpy allclose failed for abs_err 14.159063387675255 and rel_err 1.0
[2026-07-23 12:44:30,245][pytensor.tensor.type][INFO] - numpy allclose failed for abs_err 14.159063387675255 and rel_err 1.0
[2026-07-23 12:44:30,258][pymc.sampling.forward][INFO] - Sampling: []
[2026-07-23 12:44:30,333][pytensor.tensor.type][INFO] - numpy allclose failed for abs_err 15.816564369959801 and rel_err 1.0
[2026-07-23 12:44:30,333][pytensor.tensor.type][INFO] - numpy allclose failed for abs_err 15.816564369959801 and rel_err 1.0
[2026-07-23 12:44:30,333][pytensor.tensor.type][INFO] - numpy allclose failed for abs_err 15.816564369959801 and rel_err 1.0
[2026-07-23 12:44:30,352][pymc.sampling.forward][INFO] - Sampling: []
[2026-07-23 12:44:30,529][pytensor.tensor.type][INFO] - numpy allclose failed for abs_err 14.156932402444001 and rel_err 1.0
[2026-07-23 12:44:30,529][pytensor.tensor.type][INFO] - numpy allclose failed for abs_err 14.156932402444001 and rel_err 1.0
[2026-07-23 12:44:30,529][pytensor.tensor.type][INFO] - numpy allclose failed for abs_err 14.156932402444001 and rel_err 1.0
[2026-07-23 12:44:30,557][pymc.sampling.forward][INFO] - Sampling: []
[2026-07-23 12:44:30,641][pytensor.tensor.type][INFO] - numpy allclose failed for abs_err 14.156932402444001 and rel_err 1.0
[2026-07-23 12:44:30,642][pytensor.tensor.type][INFO] - numpy allclose failed for abs_err 14.156932402444001 and rel_err 1.0
[2026-07-23 12:44:30,642][pytensor.tensor.type][INFO] - numpy allclose failed for abs_err 14.156932402444001 and rel_err 1.0
[2026-07-23 12:44:30,653][pymc.sampling.forward][INFO] - Sampling: []
[2026-07-23 12:44:30,728][pytensor.tensor.type][INFO] - numpy allclose failed for abs_err 14.159063387675255 and rel_err 1.0
[2026-07-23 12:44:30,729][pytensor.tensor.type][INFO] - numpy allclose failed for abs_err 14.159063387675255 and rel_err 1.0
[2026-07-23 12:44:30,729][pytensor.tensor.type][INFO] - numpy allclose failed for abs_err 14.159063387675255 and rel_err 1.0
[2026-07-23 12:44:30,742][pymc.sampling.forward][INFO] - Sampling: []
[2026-07-23 12:44:30,818][pytensor.tensor.type][INFO] - numpy allclose failed for abs_err 15.816564369959801 and rel_err 1.0
[2026-07-23 12:44:30,818][pytensor.tensor.type][INFO] - numpy allclose failed for abs_err 15.816564369959801 and rel_err 1.0
[2026-07-23 12:44:30,820][pytensor.tensor.type][INFO] - numpy allclose failed for abs_err 15.816564369959801 and rel_err 1.0
[2026-07-23 12:44:30,833][pymc.sampling.forward][INFO] - Sampling: []
[2026-07-23 12:44:31,022][pytensor.tensor.type][INFO] - numpy allclose failed for abs_err 14.156932402444001 and rel_err 1.0
[2026-07-23 12:44:31,022][pytensor.tensor.type][INFO] - numpy allclose failed for abs_err 14.156932402444001 and rel_err 1.0
[2026-07-23 12:44:31,022][pytensor.tensor.type][INFO] - numpy allclose failed for abs_err 14.156932402444001 and rel_err 1.0
[2026-07-23 12:44:31,040][pymc.sampling.forward][INFO] - Sampling: []
[2026-07-23 12:44:31,117][pytensor.tensor.type][INFO] - numpy allclose failed for abs_err 14.156932402444001 and rel_err 1.0
[2026-07-23 12:44:31,117][pytensor.tensor.type][INFO] - numpy allclose failed for abs_err 14.156932402444001 and rel_err 1.0
[2026-07-23 12:44:31,118][pytensor.tensor.type][INFO] - numpy allclose failed for abs_err 14.156932402444001 and rel_err 1.0
[2026-07-23 12:44:31,130][pymc.sampling.forward][INFO] - Sampling: []
[2026-07-23 12:44:31,211][pytensor.tensor.type][INFO] - numpy allclose failed for abs_err 14.159063387675255 and rel_err 1.0
[2026-07-23 12:44:31,211][pytensor.tensor.type][INFO] - numpy allclose failed for abs_err 14.159063387675255 and rel_err 1.0
[2026-07-23 12:44:31,211][pytensor.tensor.type][INFO] - numpy allclose failed for abs_err 14.159063387675255 and rel_err 1.0
[2026-07-23 12:44:31,216][pymc.sampling.forward][INFO] - Sampling: []
[2026-07-23 12:44:31,302][pytensor.tensor.type][INFO] - numpy allclose failed for abs_err 15.816564369959801 and rel_err 1.0
[2026-07-23 12:44:31,302][pytensor.tensor.type][INFO] - numpy allclose failed for abs_err 15.816564369959801 and rel_err 1.0
[2026-07-23 12:44:31,304][pytensor.tensor.type][INFO] - numpy allclose failed for abs_err 15.816564369959801 and rel_err 1.0
[2026-07-23 12:44:31,317][pymc.sampling.forward][INFO] - Sampling: []
[2026-07-23 12:44:31,514][pytensor.tensor.type][INFO] - numpy allclose failed for abs_err 14.156932402444001 and rel_err 1.0
[2026-07-23 12:44:31,514][pytensor.tensor.type][INFO] - numpy allclose failed for abs_err 14.156932402444001 and rel_err 1.0
[2026-07-23 12:44:31,515][pytensor.tensor.type][INFO] - numpy allclose failed for abs_err 14.156932402444001 and rel_err 1.0
[2026-07-23 12:44:31,530][pymc.sampling.forward][INFO] - Sampling: []
[2026-07-23 12:44:31,614][pytensor.tensor.type][INFO] - numpy allclose failed for abs_err 14.156932402444001 and rel_err 1.0
[2026-07-23 12:44:31,615][pytensor.tensor.type][INFO] - numpy allclose failed for abs_err 14.156932402444001 and rel_err 1.0
[2026-07-23 12:44:31,615][pytensor.tensor.type][INFO] - numpy allclose failed for abs_err 14.156932402444001 and rel_err 1.0
[2026-07-23 12:44:31,625][pymc.sampling.forward][INFO] - Sampling: []
[2026-07-23 12:44:31,699][pytensor.tensor.type][INFO] - numpy allclose failed for abs_err 14.159063387675255 and rel_err 1.0
[2026-07-23 12:44:31,699][pytensor.tensor.type][INFO] - numpy allclose failed for abs_err 14.159063387675255 and rel_err 1.0
[2026-07-23 12:44:31,699][pytensor.tensor.type][INFO] - numpy allclose failed for abs_err 14.159063387675255 and rel_err 1.0
[2026-07-23 12:44:31,722][pymc.sampling.forward][INFO] - Sampling: []
[2026-07-23 12:44:31,804][pytensor.tensor.type][INFO] - numpy allclose failed for abs_err 15.816564369959801 and rel_err 1.0
[2026-07-23 12:44:31,804][pytensor.tensor.type][INFO] - numpy allclose failed for abs_err 15.816564369959801 and rel_err 1.0
[2026-07-23 12:44:31,804][pytensor.tensor.type][INFO] - numpy allclose failed for abs_err 15.816564369959801 and rel_err 1.0
[2026-07-23 12:44:31,817][pymc.sampling.forward][INFO] - Sampling: []
[2026-07-23 12:44:31,998][pytensor.tensor.type][INFO] - numpy allclose failed for abs_err 14.156932402444001 and rel_err 1.0
[2026-07-23 12:44:31,998][pytensor.tensor.type][INFO] - numpy allclose failed for abs_err 14.156932402444001 and rel_err 1.0
[2026-07-23 12:44:31,999][pytensor.tensor.type][INFO] - numpy allclose failed for abs_err 14.156932402444001 and rel_err 1.0
[2026-07-23 12:44:32,017][pymc.sampling.forward][INFO] - Sampling: []
[2026-07-23 12:44:32,099][pytensor.tensor.type][INFO] - numpy allclose failed for abs_err 14.156932402444001 and rel_err 1.0
[2026-07-23 12:44:32,099][pytensor.tensor.type][INFO] - numpy allclose failed for abs_err 14.156932402444001 and rel_err 1.0
[2026-07-23 12:44:32,099][pytensor.tensor.type][INFO] - numpy allclose failed for abs_err 14.156932402444001 and rel_err 1.0
[2026-07-23 12:44:32,123][pymc.sampling.forward][INFO] - Sampling: []
[2026-07-23 12:44:32,206][pytensor.tensor.type][INFO] - numpy allclose failed for abs_err 14.159063387675255 and rel_err 1.0
[2026-07-23 12:44:32,206][pytensor.tensor.type][INFO] - numpy allclose failed for abs_err 14.159063387675255 and rel_err 1.0
[2026-07-23 12:44:32,206][pytensor.tensor.type][INFO] - numpy allclose failed for abs_err 14.159063387675255 and rel_err 1.0
[2026-07-23 12:44:32,220][pymc.sampling.forward][INFO] - Sampling: []
[2026-07-23 12:44:32,301][pytensor.tensor.type][INFO] - numpy allclose failed for abs_err 15.816564369959801 and rel_err 1.0
[2026-07-23 12:44:32,301][pytensor.tensor.type][INFO] - numpy allclose failed for abs_err 15.816564369959801 and rel_err 1.0
[2026-07-23 12:44:32,302][pytensor.tensor.type][INFO] - numpy allclose failed for abs_err 15.816564369959801 and rel_err 1.0
[2026-07-23 12:44:32,316][pymc.sampling.forward][INFO] - Sampling: []
[2026-07-23 12:44:32,503][pytensor.tensor.type][INFO] - numpy allclose failed for abs_err 14.156932402444001 and rel_err 1.0
[2026-07-23 12:44:32,503][pytensor.tensor.type][INFO] - numpy allclose failed for abs_err 14.156932402444001 and rel_err 1.0
[2026-07-23 12:44:32,503][pytensor.tensor.type][INFO] - numpy allclose failed for abs_err 14.156932402444001 and rel_err 1.0
[2026-07-23 12:44:32,526][pymc.sampling.forward][INFO] - Sampling: []
[2026-07-23 12:44:32,615][pytensor.tensor.type][INFO] - numpy allclose failed for abs_err 14.156932402444001 and rel_err 1.0
[2026-07-23 12:44:32,615][pytensor.tensor.type][INFO] - numpy allclose failed for abs_err 14.156932402444001 and rel_err 1.0
[2026-07-23 12:44:32,615][pytensor.tensor.type][INFO] - numpy allclose failed for abs_err 14.156932402444001 and rel_err 1.0
[2026-07-23 12:44:32,634][pymc.sampling.forward][INFO] - Sampling: []
[2026-07-23 12:44:32,707][pytensor.tensor.type][INFO] - numpy allclose failed for abs_err 14.159063387675255 and rel_err 1.0
[2026-07-23 12:44:32,708][pytensor.tensor.type][INFO] - numpy allclose failed for abs_err 14.159063387675255 and rel_err 1.0
[2026-07-23 12:44:32,708][pytensor.tensor.type][INFO] - numpy allclose failed for abs_err 14.159063387675255 and rel_err 1.0
[2026-07-23 12:44:32,719][pymc.sampling.forward][INFO] - Sampling: []
[2026-07-23 12:44:32,798][pytensor.tensor.type][INFO] - numpy allclose failed for abs_err 15.816564369959801 and rel_err 1.0
[2026-07-23 12:44:32,798][pytensor.tensor.type][INFO] - numpy allclose failed for abs_err 15.816564369959801 and rel_err 1.0
[2026-07-23 12:44:32,799][pytensor.tensor.type][INFO] - numpy allclose failed for abs_err 15.816564369959801 and rel_err 1.0
[2026-07-23 12:44:32,809][pymc.sampling.forward][INFO] - Sampling: []
[2026-07-23 12:44:32,983][pytensor.tensor.type][INFO] - numpy allclose failed for abs_err 14.156932402444001 and rel_err 1.0
[2026-07-23 12:44:32,983][pytensor.tensor.type][INFO] - numpy allclose failed for abs_err 14.156932402444001 and rel_err 1.0
[2026-07-23 12:44:32,983][pytensor.tensor.type][INFO] - numpy allclose failed for abs_err 14.156932402444001 and rel_err 1.0
[2026-07-23 12:44:32,999][pymc.sampling.forward][INFO] - Sampling: []
[2026-07-23 12:44:33,079][pytensor.tensor.type][INFO] - numpy allclose failed for abs_err 14.156932402444001 and rel_err 1.0
[2026-07-23 12:44:33,080][pytensor.tensor.type][INFO] - numpy allclose failed for abs_err 14.156932402444001 and rel_err 1.0
[2026-07-23 12:44:33,080][pytensor.tensor.type][INFO] - numpy allclose failed for abs_err 14.156932402444001 and rel_err 1.0
[2026-07-23 12:44:33,092][pymc.sampling.forward][INFO] - Sampling: []
[2026-07-23 12:44:33,164][pytensor.tensor.type][INFO] - numpy allclose failed for abs_err 14.159063387675255 and rel_err 1.0
[2026-07-23 12:44:33,165][pytensor.tensor.type][INFO] - numpy allclose failed for abs_err 14.159063387675255 and rel_err 1.0
[2026-07-23 12:44:33,165][pytensor.tensor.type][INFO] - numpy allclose failed for abs_err 14.159063387675255 and rel_err 1.0
[2026-07-23 12:44:33,166][pymc.sampling.forward][INFO] - Sampling: []
[2026-07-23 12:44:33,249][pytensor.tensor.type][INFO] - numpy allclose failed for abs_err 15.816564369959801 and rel_err 1.0
[2026-07-23 12:44:33,249][pytensor.tensor.type][INFO] - numpy allclose failed for abs_err 15.816564369959801 and rel_err 1.0
[2026-07-23 12:44:33,249][pytensor.tensor.type][INFO] - numpy allclose failed for abs_err 15.816564369959801 and rel_err 1.0
[2026-07-23 12:44:33,264][pymc.sampling.forward][INFO] - Sampling: []
[2026-07-23 12:44:33,448][pytensor.tensor.type][INFO] - numpy allclose failed for abs_err 14.156932402444001 and rel_err 1.0
[2026-07-23 12:44:33,449][pytensor.tensor.type][INFO] - numpy allclose failed for abs_err 14.156932402444001 and rel_err 1.0
[2026-07-23 12:44:33,449][pytensor.tensor.type][INFO] - numpy allclose failed for abs_err 14.156932402444001 and rel_err 1.0
[2026-07-23 12:44:33,466][pymc.sampling.forward][INFO] - Sampling: []
[2026-07-23 12:44:33,546][pytensor.tensor.type][INFO] - numpy allclose failed for abs_err 14.156932402444001 and rel_err 1.0
[2026-07-23 12:44:33,547][pytensor.tensor.type][INFO] - numpy allclose failed for abs_err 14.156932402444001 and rel_err 1.0
[2026-07-23 12:44:33,547][pytensor.tensor.type][INFO] - numpy allclose failed for abs_err 14.156932402444001 and rel_err 1.0
[2026-07-23 12:44:33,558][pymc.sampling.forward][INFO] - Sampling: []
[2026-07-23 12:44:33,632][pytensor.tensor.type][INFO] - numpy allclose failed for abs_err 14.159063387675255 and rel_err 1.0
[2026-07-23 12:44:33,632][pytensor.tensor.type][INFO] - numpy allclose failed for abs_err 14.159063387675255 and rel_err 1.0
[2026-07-23 12:44:33,632][pytensor.tensor.type][INFO] - numpy allclose failed for abs_err 14.159063387675255 and rel_err 1.0
[2026-07-23 12:44:33,651][pymc.sampling.forward][INFO] - Sampling: []
[2026-07-23 12:44:33,733][pytensor.tensor.type][INFO] - numpy allclose failed for abs_err 15.816564369959801 and rel_err 1.0
[2026-07-23 12:44:33,733][pytensor.tensor.type][INFO] - numpy allclose failed for abs_err 15.816564369959801 and rel_err 1.0
[2026-07-23 12:44:33,734][pytensor.tensor.type][INFO] - numpy allclose failed for abs_err 15.816564369959801 and rel_err 1.0
[2026-07-23 12:44:33,748][pymc.sampling.forward][INFO] - Sampling: []
[2026-07-23 12:44:33,924][pytensor.tensor.type][INFO] - numpy allclose failed for abs_err 14.156932402444001 and rel_err 1.0
[2026-07-23 12:44:33,924][pytensor.tensor.type][INFO] - numpy allclose failed for abs_err 14.156932402444001 and rel_err 1.0
[2026-07-23 12:44:33,926][pytensor.tensor.type][INFO] - numpy allclose failed for abs_err 14.156932402444001 and rel_err 1.0
[2026-07-23 12:44:33,933][pymc.sampling.forward][INFO] - Sampling: []
[2026-07-23 12:44:34,015][pytensor.tensor.type][INFO] - numpy allclose failed for abs_err 14.156932402444001 and rel_err 1.0
[2026-07-23 12:44:34,015][pytensor.tensor.type][INFO] - numpy allclose failed for abs_err 14.156932402444001 and rel_err 1.0
[2026-07-23 12:44:34,015][pytensor.tensor.type][INFO] - numpy allclose failed for abs_err 14.156932402444001 and rel_err 1.0
[2026-07-23 12:44:34,039][pymc.sampling.forward][INFO] - Sampling: []
[2026-07-23 12:44:34,115][pytensor.tensor.type][INFO] - numpy allclose failed for abs_err 14.159063387675255 and rel_err 1.0
[2026-07-23 12:44:34,115][pytensor.tensor.type][INFO] - numpy allclose failed for abs_err 14.159063387675255 and rel_err 1.0
[2026-07-23 12:44:34,115][pytensor.tensor.type][INFO] - numpy allclose failed for abs_err 14.159063387675255 and rel_err 1.0
[2026-07-23 12:44:34,142][pymc.sampling.forward][INFO] - Sampling: []
[2026-07-23 12:44:34,217][pytensor.tensor.type][INFO] - numpy allclose failed for abs_err 15.816564369959801 and rel_err 1.0
[2026-07-23 12:44:34,217][pytensor.tensor.type][INFO] - numpy allclose failed for abs_err 15.816564369959801 and rel_err 1.0
[2026-07-23 12:44:34,217][pytensor.tensor.type][INFO] - numpy allclose failed for abs_err 15.816564369959801 and rel_err 1.0
[2026-07-23 12:44:34,225][pymc.sampling.forward][INFO] - Sampling: []
[2026-07-23 12:44:34,417][pymc.sampling.forward][INFO] - Sampling: []
[2026-07-23 12:44:34,515][pymc.sampling.forward][INFO] - Sampling: []
[2026-07-23 12:44:34,612][pymc.sampling.forward][INFO] - Sampling: []
[2026-07-23 12:44:34,714][pymc.sampling.forward][INFO] - Sampling: []
[2026-07-23 12:44:35,013][pymc.sampling.mcmc][INFO] - Initializing NUTS using jitter+adapt_diag...
[2026-07-23 12:44:35,323][pymc.sampling.mcmc][INFO] - Multiprocess sampling (4 chains in 4 jobs)
[2026-07-23 12:44:35,323][pymc.sampling.mcmc][INFO] - NUTS: [alpha, beta]
[2026-07-23 12:45:32,302][pymc.sampling.mcmc][INFO] - Sampling 4 chains for 1_000 tune and 1_000 draw iterations (4_000 + 4_000 draws total) took 57 seconds.
[2026-07-23 12:45:32,430][pymc.sampling.mcmc][INFO] - Initializing NUTS using jitter+adapt_diag...
[2026-07-23 12:45:32,726][pymc.sampling.mcmc][INFO] - Multiprocess sampling (4 chains in 4 jobs)
[2026-07-23 12:45:32,726][pymc.sampling.mcmc][INFO] - NUTS: [alpha, beta]
[2026-07-23 12:46:30,472][pymc.sampling.mcmc][INFO] - Sampling 4 chains for 1_000 tune and 1_000 draw iterations (4_000 + 4_000 draws total) took 58 seconds.
[2026-07-23 12:46:30,580][pymc.sampling.mcmc][INFO] - Initializing NUTS using jitter+adapt_diag...
[2026-07-23 12:46:30,903][pymc.sampling.mcmc][INFO] - Multiprocess sampling (4 chains in 4 jobs)
[2026-07-23 12:46:30,903][pymc.sampling.mcmc][INFO] - NUTS: [alpha, beta]
[2026-07-23 12:47:27,581][pymc.sampling.mcmc][INFO] - Sampling 4 chains for 1_000 tune and 1_000 draw iterations (4_000 + 4_000 draws total) took 57 seconds.
[2026-07-23 12:47:27,614][pytensor.tensor.type][INFO] - numpy allclose failed for abs_err 14.070211339783784 and rel_err 1.0
[2026-07-23 12:47:27,614][pytensor.tensor.type][INFO] - numpy allclose failed for abs_err 14.070211339783784 and rel_err 1.0
[2026-07-23 12:47:27,614][pytensor.tensor.type][INFO] - numpy allclose failed for abs_err 14.070211339783784 and rel_err 1.0
[2026-07-23 12:47:27,633][pymc.sampling.forward][INFO] - Sampling: []
[2026-07-23 12:47:27,695][pytensor.tensor.type][INFO] - numpy allclose failed for abs_err 26.924681950402373 and rel_err 1.0
[2026-07-23 12:47:27,697][pytensor.tensor.type][INFO] - numpy allclose failed for abs_err 26.924681950402373 and rel_err 1.0
[2026-07-23 12:47:27,697][pytensor.tensor.type][INFO] - numpy allclose failed for abs_err 26.924681950402373 and rel_err 1.0
[2026-07-23 12:47:27,708][pymc.sampling.forward][INFO] - Sampling: []
[2026-07-23 12:47:27,765][pytensor.tensor.type][INFO] - numpy allclose failed for abs_err 13.916080821318596 and rel_err 1.0
[2026-07-23 12:47:27,765][pytensor.tensor.type][INFO] - numpy allclose failed for abs_err 13.916080821318596 and rel_err 1.0
[2026-07-23 12:47:27,765][pytensor.tensor.type][INFO] - numpy allclose failed for abs_err 13.916080821318596 and rel_err 1.0
[2026-07-23 12:47:27,781][pymc.sampling.forward][INFO] - Sampling: []
[2026-07-23 12:47:27,867][pytensor.tensor.type][INFO] - numpy allclose failed for abs_err 14.619647789759606 and rel_err 1.0
[2026-07-23 12:47:27,868][pytensor.tensor.type][INFO] - numpy allclose failed for abs_err 14.619647789759606 and rel_err 1.0
[2026-07-23 12:47:27,868][pytensor.tensor.type][INFO] - numpy allclose failed for abs_err 14.619647789759606 and rel_err 1.0
[2026-07-23 12:47:27,881][pymc.sampling.forward][INFO] - Sampling: []
[2026-07-23 12:47:28,057][pytensor.tensor.type][INFO] - numpy allclose failed for abs_err 14.117711234850853 and rel_err 1.0
[2026-07-23 12:47:28,058][pytensor.tensor.type][INFO] - numpy allclose failed for abs_err 14.117711234850853 and rel_err 1.0
[2026-07-23 12:47:28,058][pytensor.tensor.type][INFO] - numpy allclose failed for abs_err 14.117711234850853 and rel_err 1.0
[2026-07-23 12:47:28,079][pymc.sampling.forward][INFO] - Sampling: []
[2026-07-23 12:47:28,177][pytensor.tensor.type][INFO] - numpy allclose failed for abs_err 14.070211339783784 and rel_err 1.0
[2026-07-23 12:47:28,177][pytensor.tensor.type][INFO] - numpy allclose failed for abs_err 14.070211339783784 and rel_err 1.0
[2026-07-23 12:47:28,178][pytensor.tensor.type][INFO] - numpy allclose failed for abs_err 14.070211339783784 and rel_err 1.0
[2026-07-23 12:47:28,180][pymc.sampling.forward][INFO] - Sampling: []
[2026-07-23 12:47:28,264][pytensor.tensor.type][INFO] - numpy allclose failed for abs_err 12.556254195020479 and rel_err 1.0
[2026-07-23 12:47:28,264][pytensor.tensor.type][INFO] - numpy allclose failed for abs_err 12.556254195020479 and rel_err 1.0
[2026-07-23 12:47:28,265][pytensor.tensor.type][INFO] - numpy allclose failed for abs_err 12.556254195020479 and rel_err 1.0
[2026-07-23 12:47:28,281][pymc.sampling.forward][INFO] - Sampling: []
[2026-07-23 12:47:28,361][pytensor.tensor.type][INFO] - numpy allclose failed for abs_err 16.053487587733237 and rel_err 1.0
[2026-07-23 12:47:28,361][pytensor.tensor.type][INFO] - numpy allclose failed for abs_err 16.053487587733237 and rel_err 1.0
[2026-07-23 12:47:28,362][pytensor.tensor.type][INFO] - numpy allclose failed for abs_err 16.053487587733237 and rel_err 1.0
[2026-07-23 12:47:28,374][pymc.sampling.forward][INFO] - Sampling: []
[2026-07-23 12:47:28,549][pytensor.tensor.type][INFO] - numpy allclose failed for abs_err 14.117711234850853 and rel_err 1.0
[2026-07-23 12:47:28,549][pytensor.tensor.type][INFO] - numpy allclose failed for abs_err 14.117711234850853 and rel_err 1.0
[2026-07-23 12:47:28,549][pytensor.tensor.type][INFO] - numpy allclose failed for abs_err 14.117711234850853 and rel_err 1.0
[2026-07-23 12:47:28,565][pymc.sampling.forward][INFO] - Sampling: []
[2026-07-23 12:47:28,651][pytensor.tensor.type][INFO] - numpy allclose failed for abs_err 14.117711234850853 and rel_err 1.0
[2026-07-23 12:47:28,651][pytensor.tensor.type][INFO] - numpy allclose failed for abs_err 14.117711234850853 and rel_err 1.0
[2026-07-23 12:47:28,652][pytensor.tensor.type][INFO] - numpy allclose failed for abs_err 14.117711234850853 and rel_err 1.0
[2026-07-23 12:47:28,664][pymc.sampling.forward][INFO] - Sampling: []
[2026-07-23 12:47:28,744][pytensor.tensor.type][INFO] - numpy allclose failed for abs_err 12.48770611171512 and rel_err 1.0
[2026-07-23 12:47:28,745][pytensor.tensor.type][INFO] - numpy allclose failed for abs_err 12.48770611171512 and rel_err 1.0
[2026-07-23 12:47:28,745][pytensor.tensor.type][INFO] - numpy allclose failed for abs_err 12.48770611171512 and rel_err 1.0
[2026-07-23 12:47:28,747][pymc.sampling.forward][INFO] - Sampling: []
[2026-07-23 12:47:28,831][pytensor.tensor.type][INFO] - numpy allclose failed for abs_err 14.523446489167329 and rel_err 1.0
[2026-07-23 12:47:28,831][pytensor.tensor.type][INFO] - numpy allclose failed for abs_err 14.523446489167329 and rel_err 1.0
[2026-07-23 12:47:28,831][pytensor.tensor.type][INFO] - numpy allclose failed for abs_err 14.523446489167329 and rel_err 1.0
[2026-07-23 12:47:28,833][pymc.sampling.forward][INFO] - Sampling: []
[2026-07-23 12:47:29,029][pytensor.tensor.type][INFO] - numpy allclose failed for abs_err 13.867697943015068 and rel_err 1.0
[2026-07-23 12:47:29,029][pytensor.tensor.type][INFO] - numpy allclose failed for abs_err 13.867697943015068 and rel_err 1.0
[2026-07-23 12:47:29,030][pytensor.tensor.type][INFO] - numpy allclose failed for abs_err 13.867697943015068 and rel_err 1.0
[2026-07-23 12:47:29,050][pymc.sampling.forward][INFO] - Sampling: []
[2026-07-23 12:47:29,137][pytensor.tensor.type][INFO] - numpy allclose failed for abs_err 13.856383670134514 and rel_err 1.0
[2026-07-23 12:47:29,138][pytensor.tensor.type][INFO] - numpy allclose failed for abs_err 13.856383670134514 and rel_err 1.0
[2026-07-23 12:47:29,138][pytensor.tensor.type][INFO] - numpy allclose failed for abs_err 13.856383670134514 and rel_err 1.0
[2026-07-23 12:47:29,151][pymc.sampling.forward][INFO] - Sampling: []
[2026-07-23 12:47:29,236][pytensor.tensor.type][INFO] - numpy allclose failed for abs_err 12.598881052778047 and rel_err 1.0
[2026-07-23 12:47:29,236][pytensor.tensor.type][INFO] - numpy allclose failed for abs_err 12.598881052778047 and rel_err 1.0
[2026-07-23 12:47:29,237][pytensor.tensor.type][INFO] - numpy allclose failed for abs_err 12.598881052778047 and rel_err 1.0
[2026-07-23 12:47:29,249][pymc.sampling.forward][INFO] - Sampling: []
[2026-07-23 12:47:29,328][pytensor.tensor.type][INFO] - numpy allclose failed for abs_err 16.053487587733237 and rel_err 1.0
[2026-07-23 12:47:29,328][pytensor.tensor.type][INFO] - numpy allclose failed for abs_err 16.053487587733237 and rel_err 1.0
[2026-07-23 12:47:29,328][pytensor.tensor.type][INFO] - numpy allclose failed for abs_err 16.053487587733237 and rel_err 1.0
[2026-07-23 12:47:29,342][pymc.sampling.forward][INFO] - Sampling: []
[2026-07-23 12:47:29,524][pytensor.tensor.type][INFO] - numpy allclose failed for abs_err 14.117711234850853 and rel_err 1.0
[2026-07-23 12:47:29,525][pytensor.tensor.type][INFO] - numpy allclose failed for abs_err 14.117711234850853 and rel_err 1.0
[2026-07-23 12:47:29,525][pytensor.tensor.type][INFO] - numpy allclose failed for abs_err 14.117711234850853 and rel_err 1.0
[2026-07-23 12:47:29,541][pymc.sampling.forward][INFO] - Sampling: []
[2026-07-23 12:47:29,623][pytensor.tensor.type][INFO] - numpy allclose failed for abs_err 13.845743287396546 and rel_err 1.0
[2026-07-23 12:47:29,623][pytensor.tensor.type][INFO] - numpy allclose failed for abs_err 13.845743287396546 and rel_err 1.0
[2026-07-23 12:47:29,624][pytensor.tensor.type][INFO] - numpy allclose failed for abs_err 13.845743287396546 and rel_err 1.0
[2026-07-23 12:47:29,630][pymc.sampling.forward][INFO] - Sampling: []
[2026-07-23 12:47:29,698][pytensor.tensor.type][INFO] - numpy allclose failed for abs_err 13.916080821318596 and rel_err 1.0
[2026-07-23 12:47:29,698][pytensor.tensor.type][INFO] - numpy allclose failed for abs_err 13.916080821318596 and rel_err 1.0
[2026-07-23 12:47:29,698][pytensor.tensor.type][INFO] - numpy allclose failed for abs_err 13.916080821318596 and rel_err 1.0
[2026-07-23 12:47:29,722][pymc.sampling.forward][INFO] - Sampling: []
[2026-07-23 12:47:29,801][pytensor.tensor.type][INFO] - numpy allclose failed for abs_err 16.053487587733237 and rel_err 1.0
[2026-07-23 12:47:29,801][pytensor.tensor.type][INFO] - numpy allclose failed for abs_err 16.053487587733237 and rel_err 1.0
[2026-07-23 12:47:29,803][pytensor.tensor.type][INFO] - numpy allclose failed for abs_err 16.053487587733237 and rel_err 1.0
[2026-07-23 12:47:29,815][pymc.sampling.forward][INFO] - Sampling: []
[2026-07-23 12:47:29,997][pytensor.tensor.type][INFO] - numpy allclose failed for abs_err 13.841672588181611 and rel_err 1.0
[2026-07-23 12:47:29,999][pytensor.tensor.type][INFO] - numpy allclose failed for abs_err 13.841672588181611 and rel_err 1.0
[2026-07-23 12:47:29,999][pytensor.tensor.type][INFO] - numpy allclose failed for abs_err 13.841672588181611 and rel_err 1.0
[2026-07-23 12:47:30,018][pymc.sampling.forward][INFO] - Sampling: []
[2026-07-23 12:47:30,105][pytensor.tensor.type][INFO] - numpy allclose failed for abs_err 13.863258708310243 and rel_err 1.0
[2026-07-23 12:47:30,106][pytensor.tensor.type][INFO] - numpy allclose failed for abs_err 13.863258708310243 and rel_err 1.0
[2026-07-23 12:47:30,106][pytensor.tensor.type][INFO] - numpy allclose failed for abs_err 13.863258708310243 and rel_err 1.0
[2026-07-23 12:47:30,121][pymc.sampling.forward][INFO] - Sampling: []
[2026-07-23 12:47:30,201][pytensor.tensor.type][INFO] - numpy allclose failed for abs_err 12.44623927955417 and rel_err 1.0
[2026-07-23 12:47:30,202][pytensor.tensor.type][INFO] - numpy allclose failed for abs_err 12.44623927955417 and rel_err 1.0
[2026-07-23 12:47:30,202][pytensor.tensor.type][INFO] - numpy allclose failed for abs_err 12.44623927955417 and rel_err 1.0
[2026-07-23 12:47:30,214][pymc.sampling.forward][INFO] - Sampling: []
[2026-07-23 12:47:30,300][pytensor.tensor.type][INFO] - numpy allclose failed for abs_err 16.053487587733237 and rel_err 1.0
[2026-07-23 12:47:30,300][pytensor.tensor.type][INFO] - numpy allclose failed for abs_err 16.053487587733237 and rel_err 1.0
[2026-07-23 12:47:30,301][pytensor.tensor.type][INFO] - numpy allclose failed for abs_err 16.053487587733237 and rel_err 1.0
[2026-07-23 12:47:30,313][pymc.sampling.forward][INFO] - Sampling: []
[2026-07-23 12:47:30,527][pytensor.tensor.type][INFO] - numpy allclose failed for abs_err 13.863258708310243 and rel_err 1.0
[2026-07-23 12:47:30,527][pytensor.tensor.type][INFO] - numpy allclose failed for abs_err 13.863258708310243 and rel_err 1.0
[2026-07-23 12:47:30,527][pytensor.tensor.type][INFO] - numpy allclose failed for abs_err 13.863258708310243 and rel_err 1.0
[2026-07-23 12:47:30,553][pymc.sampling.forward][INFO] - Sampling: []
[2026-07-23 12:47:30,627][pytensor.tensor.type][INFO] - numpy allclose failed for abs_err 14.117711234850853 and rel_err 1.0
[2026-07-23 12:47:30,627][pytensor.tensor.type][INFO] - numpy allclose failed for abs_err 14.117711234850853 and rel_err 1.0
[2026-07-23 12:47:30,628][pytensor.tensor.type][INFO] - numpy allclose failed for abs_err 14.117711234850853 and rel_err 1.0
[2026-07-23 12:47:30,638][pymc.sampling.forward][INFO] - Sampling: []
[2026-07-23 12:47:30,714][pytensor.tensor.type][INFO] - numpy allclose failed for abs_err 12.556254195020479 and rel_err 1.0
[2026-07-23 12:47:30,714][pytensor.tensor.type][INFO] - numpy allclose failed for abs_err 12.556254195020479 and rel_err 1.0
[2026-07-23 12:47:30,722][pytensor.tensor.type][INFO] - numpy allclose failed for abs_err 12.556254195020479 and rel_err 1.0
[2026-07-23 12:47:30,736][pymc.sampling.forward][INFO] - Sampling: []
[2026-07-23 12:47:30,813][pytensor.tensor.type][INFO] - numpy allclose failed for abs_err 14.523446489167329 and rel_err 1.0
[2026-07-23 12:47:30,813][pytensor.tensor.type][INFO] - numpy allclose failed for abs_err 14.523446489167329 and rel_err 1.0
[2026-07-23 12:47:30,814][pytensor.tensor.type][INFO] - numpy allclose failed for abs_err 14.523446489167329 and rel_err 1.0
[2026-07-23 12:47:30,825][pymc.sampling.forward][INFO] - Sampling: []
[2026-07-23 12:47:31,026][pytensor.tensor.type][INFO] - numpy allclose failed for abs_err 13.85220401362893 and rel_err 1.0
[2026-07-23 12:47:31,027][pytensor.tensor.type][INFO] - numpy allclose failed for abs_err 13.85220401362893 and rel_err 1.0
[2026-07-23 12:47:31,027][pytensor.tensor.type][INFO] - numpy allclose failed for abs_err 13.85220401362893 and rel_err 1.0
[2026-07-23 12:47:31,043][pymc.sampling.forward][INFO] - Sampling: []
[2026-07-23 12:47:31,125][pytensor.tensor.type][INFO] - numpy allclose failed for abs_err 14.070211339783784 and rel_err 1.0
[2026-07-23 12:47:31,125][pytensor.tensor.type][INFO] - numpy allclose failed for abs_err 14.070211339783784 and rel_err 1.0
[2026-07-23 12:47:31,126][pytensor.tensor.type][INFO] - numpy allclose failed for abs_err 14.070211339783784 and rel_err 1.0
[2026-07-23 12:47:31,138][pymc.sampling.forward][INFO] - Sampling: []
[2026-07-23 12:47:31,220][pytensor.tensor.type][INFO] - numpy allclose failed for abs_err 13.916080821318596 and rel_err 1.0
[2026-07-23 12:47:31,220][pytensor.tensor.type][INFO] - numpy allclose failed for abs_err 13.916080821318596 and rel_err 1.0
[2026-07-23 12:47:31,221][pytensor.tensor.type][INFO] - numpy allclose failed for abs_err 13.916080821318596 and rel_err 1.0
[2026-07-23 12:47:31,236][pymc.sampling.forward][INFO] - Sampling: []
[2026-07-23 12:47:31,313][pytensor.tensor.type][INFO] - numpy allclose failed for abs_err 16.053487587733237 and rel_err 1.0
[2026-07-23 12:47:31,314][pytensor.tensor.type][INFO] - numpy allclose failed for abs_err 16.053487587733237 and rel_err 1.0
[2026-07-23 12:47:31,314][pytensor.tensor.type][INFO] - numpy allclose failed for abs_err 16.053487587733237 and rel_err 1.0
[2026-07-23 12:47:31,328][pymc.sampling.forward][INFO] - Sampling: []
[2026-07-23 12:47:31,502][pytensor.tensor.type][INFO] - numpy allclose failed for abs_err 14.070211339783784 and rel_err 1.0
[2026-07-23 12:47:31,502][pytensor.tensor.type][INFO] - numpy allclose failed for abs_err 14.070211339783784 and rel_err 1.0
[2026-07-23 12:47:31,502][pytensor.tensor.type][INFO] - numpy allclose failed for abs_err 14.070211339783784 and rel_err 1.0
[2026-07-23 12:47:31,517][pymc.sampling.forward][INFO] - Sampling: []
[2026-07-23 12:47:31,592][pytensor.tensor.type][INFO] - numpy allclose failed for abs_err 14.070211339783784 and rel_err 1.0
[2026-07-23 12:47:31,592][pytensor.tensor.type][INFO] - numpy allclose failed for abs_err 14.070211339783784 and rel_err 1.0
[2026-07-23 12:47:31,593][pytensor.tensor.type][INFO] - numpy allclose failed for abs_err 14.070211339783784 and rel_err 1.0
[2026-07-23 12:47:31,606][pymc.sampling.forward][INFO] - Sampling: []
[2026-07-23 12:47:31,681][pytensor.tensor.type][INFO] - numpy allclose failed for abs_err 12.598881052778047 and rel_err 1.0
[2026-07-23 12:47:31,681][pytensor.tensor.type][INFO] - numpy allclose failed for abs_err 12.598881052778047 and rel_err 1.0
[2026-07-23 12:47:31,681][pytensor.tensor.type][INFO] - numpy allclose failed for abs_err 12.598881052778047 and rel_err 1.0
[2026-07-23 12:47:31,701][pymc.sampling.forward][INFO] - Sampling: []
[2026-07-23 12:47:31,778][pytensor.tensor.type][INFO] - numpy allclose failed for abs_err 14.523446489167329 and rel_err 1.0
[2026-07-23 12:47:31,779][pytensor.tensor.type][INFO] - numpy allclose failed for abs_err 14.523446489167329 and rel_err 1.0
[2026-07-23 12:47:31,780][pytensor.tensor.type][INFO] - numpy allclose failed for abs_err 14.523446489167329 and rel_err 1.0
[2026-07-23 12:47:31,790][pymc.sampling.forward][INFO] - Sampling: []
[2026-07-23 12:47:31,977][pytensor.tensor.type][INFO] - numpy allclose failed for abs_err 13.845743287396546 and rel_err 1.0
[2026-07-23 12:47:31,977][pytensor.tensor.type][INFO] - numpy allclose failed for abs_err 13.845743287396546 and rel_err 1.0
[2026-07-23 12:47:31,978][pytensor.tensor.type][INFO] - numpy allclose failed for abs_err 13.845743287396546 and rel_err 1.0
[2026-07-23 12:47:31,993][pymc.sampling.forward][INFO] - Sampling: []
[2026-07-23 12:47:32,078][pytensor.tensor.type][INFO] - numpy allclose failed for abs_err 13.841672588181611 and rel_err 1.0
[2026-07-23 12:47:32,078][pytensor.tensor.type][INFO] - numpy allclose failed for abs_err 13.841672588181611 and rel_err 1.0
[2026-07-23 12:47:32,079][pytensor.tensor.type][INFO] - numpy allclose failed for abs_err 13.841672588181611 and rel_err 1.0
[2026-07-23 12:47:32,089][pymc.sampling.forward][INFO] - Sampling: []
[2026-07-23 12:47:32,165][pytensor.tensor.type][INFO] - numpy allclose failed for abs_err 12.48459856395511 and rel_err 1.0
[2026-07-23 12:47:32,165][pytensor.tensor.type][INFO] - numpy allclose failed for abs_err 12.48459856395511 and rel_err 1.0
[2026-07-23 12:47:32,165][pytensor.tensor.type][INFO] - numpy allclose failed for abs_err 12.48459856395511 and rel_err 1.0
[2026-07-23 12:47:32,186][pymc.sampling.forward][INFO] - Sampling: []
[2026-07-23 12:47:32,263][pytensor.tensor.type][INFO] - numpy allclose failed for abs_err 16.053487587733237 and rel_err 1.0
[2026-07-23 12:47:32,264][pytensor.tensor.type][INFO] - numpy allclose failed for abs_err 16.053487587733237 and rel_err 1.0
[2026-07-23 12:47:32,264][pytensor.tensor.type][INFO] - numpy allclose failed for abs_err 16.053487587733237 and rel_err 1.0
[2026-07-23 12:47:32,277][pymc.sampling.forward][INFO] - Sampling: []
[2026-07-23 12:47:32,466][pymc.sampling.forward][INFO] - Sampling: []
[2026-07-23 12:47:32,554][pymc.sampling.forward][INFO] - Sampling: []
[2026-07-23 12:47:32,630][pymc.sampling.forward][INFO] - Sampling: []
[2026-07-23 12:47:32,734][pymc.sampling.forward][INFO] - Sampling: []
[2026-07-23 12:47:33,007][pymc.sampling.mcmc][INFO] - Initializing NUTS using jitter+adapt_diag...
[2026-07-23 12:47:33,322][pymc.sampling.mcmc][INFO] - Multiprocess sampling (4 chains in 4 jobs)
[2026-07-23 12:47:33,322][pymc.sampling.mcmc][INFO] - NUTS: [alpha, beta]
[2026-07-23 12:48:31,361][pymc.sampling.mcmc][INFO] - Sampling 4 chains for 1_000 tune and 1_000 draw iterations (4_000 + 4_000 draws total) took 58 seconds.
[2026-07-23 12:48:31,478][pymc.sampling.mcmc][INFO] - Initializing NUTS using jitter+adapt_diag...
[2026-07-23 12:48:31,781][pymc.sampling.mcmc][INFO] - Multiprocess sampling (4 chains in 4 jobs)
[2026-07-23 12:48:31,781][pymc.sampling.mcmc][INFO] - NUTS: [alpha, beta]
[2026-07-23 12:49:28,184][pymc.sampling.mcmc][INFO] - Sampling 4 chains for 1_000 tune and 1_000 draw iterations (4_000 + 4_000 draws total) took 56 seconds.
[2026-07-23 12:49:28,301][pymc.sampling.mcmc][INFO] - Initializing NUTS using jitter+adapt_diag...
[2026-07-23 12:49:29,075][pymc.sampling.mcmc][INFO] - Multiprocess sampling (4 chains in 4 jobs)
[2026-07-23 12:49:29,075][pymc.sampling.mcmc][INFO] - NUTS: [alpha, beta]
[2026-07-23 12:50:25,555][pymc.sampling.mcmc][INFO] - Sampling 4 chains for 1_000 tune and 1_000 draw iterations (4_000 + 4_000 draws total) took 56 seconds.
[2026-07-23 12:50:25,579][pytensor.tensor.type][INFO] - numpy allclose failed for abs_err 6.660951455181351 and rel_err 1.0
[2026-07-23 12:50:25,579][pytensor.tensor.type][INFO] - numpy allclose failed for abs_err 6.660951455181351 and rel_err 1.0
[2026-07-23 12:50:25,595][pytensor.tensor.type][INFO] - numpy allclose failed for abs_err 6.660951455181351 and rel_err 1.0
[2026-07-23 12:50:25,607][pymc.sampling.forward][INFO] - Sampling: []
[2026-07-23 12:50:25,667][pytensor.tensor.type][INFO] - numpy allclose failed for abs_err 6.660951455181351 and rel_err 1.0
[2026-07-23 12:50:25,667][pytensor.tensor.type][INFO] - numpy allclose failed for abs_err 6.660951455181351 and rel_err 1.0
[2026-07-23 12:50:25,667][pytensor.tensor.type][INFO] - numpy allclose failed for abs_err 6.660951455181351 and rel_err 1.0
[2026-07-23 12:50:25,678][pymc.sampling.forward][INFO] - Sampling: []
[2026-07-23 12:50:25,745][pytensor.tensor.type][INFO] - numpy allclose failed for abs_err 4.912864902468513 and rel_err 1.0
[2026-07-23 12:50:25,745][pytensor.tensor.type][INFO] - numpy allclose failed for abs_err 4.912864902468513 and rel_err 1.0
[2026-07-23 12:50:25,745][pytensor.tensor.type][INFO] - numpy allclose failed for abs_err 4.912864902468513 and rel_err 1.0
[2026-07-23 12:50:25,760][pymc.sampling.forward][INFO] - Sampling: []
[2026-07-23 12:50:25,834][pytensor.tensor.type][INFO] - numpy allclose failed for abs_err 7.73201752124458 and rel_err 1.0
[2026-07-23 12:50:25,834][pytensor.tensor.type][INFO] - numpy allclose failed for abs_err 7.73201752124458 and rel_err 1.0
[2026-07-23 12:50:25,835][pytensor.tensor.type][INFO] - numpy allclose failed for abs_err 7.73201752124458 and rel_err 1.0
[2026-07-23 12:50:25,848][pymc.sampling.forward][INFO] - Sampling: []
[2026-07-23 12:50:26,029][pytensor.tensor.type][INFO] - numpy allclose failed for abs_err 6.608807968754464 and rel_err 1.0
[2026-07-23 12:50:26,030][pytensor.tensor.type][INFO] - numpy allclose failed for abs_err 6.608807968754464 and rel_err 1.0
[2026-07-23 12:50:26,030][pytensor.tensor.type][INFO] - numpy allclose failed for abs_err 6.608807968754464 and rel_err 1.0
[2026-07-23 12:50:26,033][pymc.sampling.forward][INFO] - Sampling: []
[2026-07-23 12:50:26,122][pytensor.tensor.type][INFO] - numpy allclose failed for abs_err 6.608807968754464 and rel_err 1.0
[2026-07-23 12:50:26,123][pytensor.tensor.type][INFO] - numpy allclose failed for abs_err 6.608807968754464 and rel_err 1.0
[2026-07-23 12:50:26,123][pytensor.tensor.type][INFO] - numpy allclose failed for abs_err 6.608807968754464 and rel_err 1.0
[2026-07-23 12:50:26,138][pymc.sampling.forward][INFO] - Sampling: []
[2026-07-23 12:50:26,214][pytensor.tensor.type][INFO] - numpy allclose failed for abs_err 6.050283511386921 and rel_err 1.0
[2026-07-23 12:50:26,216][pytensor.tensor.type][INFO] - numpy allclose failed for abs_err 6.050283511386921 and rel_err 1.0
[2026-07-23 12:50:26,216][pytensor.tensor.type][INFO] - numpy allclose failed for abs_err 6.050283511386921 and rel_err 1.0
[2026-07-23 12:50:26,231][pymc.sampling.forward][INFO] - Sampling: []
[2026-07-23 12:50:26,324][pytensor.tensor.type][INFO] - numpy allclose failed for abs_err 9.040983442646557 and rel_err 1.0
[2026-07-23 12:50:26,324][pytensor.tensor.type][INFO] - numpy allclose failed for abs_err 9.040983442646557 and rel_err 1.0
[2026-07-23 12:50:26,324][pytensor.tensor.type][INFO] - numpy allclose failed for abs_err 9.040983442646557 and rel_err 1.0
[2026-07-23 12:50:26,330][pymc.sampling.forward][INFO] - Sampling: []
[2026-07-23 12:50:26,526][pytensor.tensor.type][INFO] - numpy allclose failed for abs_err 6.649119635170212 and rel_err 1.0
[2026-07-23 12:50:26,527][pytensor.tensor.type][INFO] - numpy allclose failed for abs_err 6.649119635170212 and rel_err 1.0
[2026-07-23 12:50:26,527][pytensor.tensor.type][INFO] - numpy allclose failed for abs_err 6.649119635170212 and rel_err 1.0
[2026-07-23 12:50:26,545][pymc.sampling.forward][INFO] - Sampling: []
[2026-07-23 12:50:26,619][pytensor.tensor.type][INFO] - numpy allclose failed for abs_err 6.649119635170212 and rel_err 1.0
[2026-07-23 12:50:26,620][pytensor.tensor.type][INFO] - numpy allclose failed for abs_err 6.649119635170212 and rel_err 1.0
[2026-07-23 12:50:26,620][pytensor.tensor.type][INFO] - numpy allclose failed for abs_err 6.649119635170212 and rel_err 1.0
[2026-07-23 12:50:26,634][pymc.sampling.forward][INFO] - Sampling: []
[2026-07-23 12:50:26,707][pytensor.tensor.type][INFO] - numpy allclose failed for abs_err 7.5064628341038 and rel_err 1.0
[2026-07-23 12:50:26,708][pytensor.tensor.type][INFO] - numpy allclose failed for abs_err 7.5064628341038 and rel_err 1.0
[2026-07-23 12:50:26,708][pytensor.tensor.type][INFO] - numpy allclose failed for abs_err 7.5064628341038 and rel_err 1.0
[2026-07-23 12:50:26,722][pymc.sampling.forward][INFO] - Sampling: []
[2026-07-23 12:50:26,793][pytensor.tensor.type][INFO] - numpy allclose failed for abs_err 7.222378476354074 and rel_err 1.0
[2026-07-23 12:50:26,794][pytensor.tensor.type][INFO] - numpy allclose failed for abs_err 7.222378476354074 and rel_err 1.0
[2026-07-23 12:50:26,794][pytensor.tensor.type][INFO] - numpy allclose failed for abs_err 7.222378476354074 and rel_err 1.0
[2026-07-23 12:50:26,807][pymc.sampling.forward][INFO] - Sampling: []
[2026-07-23 12:50:26,984][pytensor.tensor.type][INFO] - numpy allclose failed for abs_err 6.650517483299485 and rel_err 1.0
[2026-07-23 12:50:26,986][pytensor.tensor.type][INFO] - numpy allclose failed for abs_err 6.650517483299485 and rel_err 1.0
[2026-07-23 12:50:26,986][pytensor.tensor.type][INFO] - numpy allclose failed for abs_err 6.650517483299485 and rel_err 1.0
[2026-07-23 12:50:27,004][pymc.sampling.forward][INFO] - Sampling: []
[2026-07-23 12:50:27,078][pytensor.tensor.type][INFO] - numpy allclose failed for abs_err 6.650517483299485 and rel_err 1.0
[2026-07-23 12:50:27,078][pytensor.tensor.type][INFO] - numpy allclose failed for abs_err 6.650517483299485 and rel_err 1.0
[2026-07-23 12:50:27,079][pytensor.tensor.type][INFO] - numpy allclose failed for abs_err 6.650517483299485 and rel_err 1.0
[2026-07-23 12:50:27,091][pymc.sampling.forward][INFO] - Sampling: []
[2026-07-23 12:50:27,172][pytensor.tensor.type][INFO] - numpy allclose failed for abs_err 5.753174265132953 and rel_err 1.0
[2026-07-23 12:50:27,174][pytensor.tensor.type][INFO] - numpy allclose failed for abs_err 5.753174265132953 and rel_err 1.0
[2026-07-23 12:50:27,174][pytensor.tensor.type][INFO] - numpy allclose failed for abs_err 5.753174265132953 and rel_err 1.0
[2026-07-23 12:50:27,196][pymc.sampling.forward][INFO] - Sampling: []
[2026-07-23 12:50:27,279][pytensor.tensor.type][INFO] - numpy allclose failed for abs_err 7.151631481217692 and rel_err 1.0
[2026-07-23 12:50:27,279][pytensor.tensor.type][INFO] - numpy allclose failed for abs_err 7.151631481217692 and rel_err 1.0
[2026-07-23 12:50:27,279][pytensor.tensor.type][INFO] - numpy allclose failed for abs_err 7.151631481217692 and rel_err 1.0
[2026-07-23 12:50:27,279][pymc.sampling.forward][INFO] - Sampling: []
[2026-07-23 12:50:27,471][pytensor.tensor.type][INFO] - numpy allclose failed for abs_err 6.646214683597794 and rel_err 1.0
[2026-07-23 12:50:27,472][pytensor.tensor.type][INFO] - numpy allclose failed for abs_err 6.646214683597794 and rel_err 1.0
[2026-07-23 12:50:27,472][pytensor.tensor.type][INFO] - numpy allclose failed for abs_err 6.646214683597794 and rel_err 1.0
[2026-07-23 12:50:27,488][pymc.sampling.forward][INFO] - Sampling: []
[2026-07-23 12:50:27,574][pytensor.tensor.type][INFO] - numpy allclose failed for abs_err 6.646214683597794 and rel_err 1.0
[2026-07-23 12:50:27,574][pytensor.tensor.type][INFO] - numpy allclose failed for abs_err 6.646214683597794 and rel_err 1.0
[2026-07-23 12:50:27,575][pytensor.tensor.type][INFO] - numpy allclose failed for abs_err 6.646214683597794 and rel_err 1.0
[2026-07-23 12:50:27,579][pymc.sampling.forward][INFO] - Sampling: []
[2026-07-23 12:50:27,662][pytensor.tensor.type][INFO] - numpy allclose failed for abs_err 5.095446411275959 and rel_err 1.0
[2026-07-23 12:50:27,662][pytensor.tensor.type][INFO] - numpy allclose failed for abs_err 5.095446411275959 and rel_err 1.0
[2026-07-23 12:50:27,662][pytensor.tensor.type][INFO] - numpy allclose failed for abs_err 5.095446411275959 and rel_err 1.0
[2026-07-23 12:50:27,683][pymc.sampling.forward][INFO] - Sampling: []
[2026-07-23 12:50:27,764][pytensor.tensor.type][INFO] - numpy allclose failed for abs_err 7.273662191440039 and rel_err 1.0
[2026-07-23 12:50:27,764][pytensor.tensor.type][INFO] - numpy allclose failed for abs_err 7.273662191440039 and rel_err 1.0
[2026-07-23 12:50:27,765][pytensor.tensor.type][INFO] - numpy allclose failed for abs_err 7.273662191440039 and rel_err 1.0
[2026-07-23 12:50:27,777][pymc.sampling.forward][INFO] - Sampling: []
[2026-07-23 12:50:27,947][pytensor.tensor.type][INFO] - numpy allclose failed for abs_err 6.808791182362007 and rel_err 1.0
[2026-07-23 12:50:27,947][pytensor.tensor.type][INFO] - numpy allclose failed for abs_err 6.808791182362007 and rel_err 1.0
[2026-07-23 12:50:27,947][pytensor.tensor.type][INFO] - numpy allclose failed for abs_err 6.808791182362007 and rel_err 1.0
[2026-07-23 12:50:27,968][pymc.sampling.forward][INFO] - Sampling: []
[2026-07-23 12:50:28,046][pytensor.tensor.type][INFO] - numpy allclose failed for abs_err 6.808791182362007 and rel_err 1.0
[2026-07-23 12:50:28,046][pytensor.tensor.type][INFO] - numpy allclose failed for abs_err 6.808791182362007 and rel_err 1.0
[2026-07-23 12:50:28,047][pytensor.tensor.type][INFO] - numpy allclose failed for abs_err 6.808791182362007 and rel_err 1.0
[2026-07-23 12:50:28,060][pymc.sampling.forward][INFO] - Sampling: []
[2026-07-23 12:50:28,146][pytensor.tensor.type][INFO] - numpy allclose failed for abs_err 5.943628032909443 and rel_err 1.0
[2026-07-23 12:50:28,146][pytensor.tensor.type][INFO] - numpy allclose failed for abs_err 5.943628032909443 and rel_err 1.0
[2026-07-23 12:50:28,147][pytensor.tensor.type][INFO] - numpy allclose failed for abs_err 5.943628032909443 and rel_err 1.0
[2026-07-23 12:50:28,161][pymc.sampling.forward][INFO] - Sampling: []
[2026-07-23 12:50:28,240][pytensor.tensor.type][INFO] - numpy allclose failed for abs_err 8.370913603285803 and rel_err 1.0
[2026-07-23 12:50:28,240][pytensor.tensor.type][INFO] - numpy allclose failed for abs_err 8.370913603285803 and rel_err 1.0
[2026-07-23 12:50:28,242][pytensor.tensor.type][INFO] - numpy allclose failed for abs_err 8.370913603285803 and rel_err 1.0
[2026-07-23 12:50:28,255][pymc.sampling.forward][INFO] - Sampling: []
[2026-07-23 12:50:28,442][pytensor.tensor.type][INFO] - numpy allclose failed for abs_err 6.588385033268624 and rel_err 1.0
[2026-07-23 12:50:28,442][pytensor.tensor.type][INFO] - numpy allclose failed for abs_err 6.588385033268624 and rel_err 1.0
[2026-07-23 12:50:28,442][pytensor.tensor.type][INFO] - numpy allclose failed for abs_err 6.588385033268624 and rel_err 1.0
[2026-07-23 12:50:28,456][pymc.sampling.forward][INFO] - Sampling: []
[2026-07-23 12:50:28,534][pytensor.tensor.type][INFO] - numpy allclose failed for abs_err 6.588385033268624 and rel_err 1.0
[2026-07-23 12:50:28,534][pytensor.tensor.type][INFO] - numpy allclose failed for abs_err 6.588385033268624 and rel_err 1.0
[2026-07-23 12:50:28,535][pytensor.tensor.type][INFO] - numpy allclose failed for abs_err 6.588385033268624 and rel_err 1.0
[2026-07-23 12:50:28,549][pymc.sampling.forward][INFO] - Sampling: []
[2026-07-23 12:50:28,632][pytensor.tensor.type][INFO] - numpy allclose failed for abs_err 5.446367186356835 and rel_err 1.0
[2026-07-23 12:50:28,633][pytensor.tensor.type][INFO] - numpy allclose failed for abs_err 5.446367186356835 and rel_err 1.0
[2026-07-23 12:50:28,633][pytensor.tensor.type][INFO] - numpy allclose failed for abs_err 5.446367186356835 and rel_err 1.0
[2026-07-23 12:50:28,647][pymc.sampling.forward][INFO] - Sampling: []
[2026-07-23 12:50:28,727][pytensor.tensor.type][INFO] - numpy allclose failed for abs_err 7.805421330908789 and rel_err 1.0
[2026-07-23 12:50:28,727][pytensor.tensor.type][INFO] - numpy allclose failed for abs_err 7.805421330908789 and rel_err 1.0
[2026-07-23 12:50:28,728][pytensor.tensor.type][INFO] - numpy allclose failed for abs_err 7.805421330908789 and rel_err 1.0
[2026-07-23 12:50:28,741][pymc.sampling.forward][INFO] - Sampling: []
[2026-07-23 12:50:28,944][pytensor.tensor.type][INFO] - numpy allclose failed for abs_err 6.8026164391865 and rel_err 1.0
[2026-07-23 12:50:28,946][pytensor.tensor.type][INFO] - numpy allclose failed for abs_err 6.8026164391865 and rel_err 1.0
[2026-07-23 12:50:28,946][pytensor.tensor.type][INFO] - numpy allclose failed for abs_err 6.8026164391865 and rel_err 1.0
[2026-07-23 12:50:28,960][pymc.sampling.forward][INFO] - Sampling: []
[2026-07-23 12:50:29,042][pytensor.tensor.type][INFO] - numpy allclose failed for abs_err 6.8026164391865 and rel_err 1.0
[2026-07-23 12:50:29,043][pytensor.tensor.type][INFO] - numpy allclose failed for abs_err 6.8026164391865 and rel_err 1.0
[2026-07-23 12:50:29,043][pytensor.tensor.type][INFO] - numpy allclose failed for abs_err 6.8026164391865 and rel_err 1.0
[2026-07-23 12:50:29,056][pymc.sampling.forward][INFO] - Sampling: []
[2026-07-23 12:50:29,136][pytensor.tensor.type][INFO] - numpy allclose failed for abs_err 5.187359293209125 and rel_err 1.0
[2026-07-23 12:50:29,136][pytensor.tensor.type][INFO] - numpy allclose failed for abs_err 5.187359293209125 and rel_err 1.0
[2026-07-23 12:50:29,137][pytensor.tensor.type][INFO] - numpy allclose failed for abs_err 5.187359293209125 and rel_err 1.0
[2026-07-23 12:50:29,153][pymc.sampling.forward][INFO] - Sampling: []
[2026-07-23 12:50:29,234][pytensor.tensor.type][INFO] - numpy allclose failed for abs_err 7.278446411738254 and rel_err 1.0
[2026-07-23 12:50:29,234][pytensor.tensor.type][INFO] - numpy allclose failed for abs_err 7.278446411738254 and rel_err 1.0
[2026-07-23 12:50:29,234][pytensor.tensor.type][INFO] - numpy allclose failed for abs_err 7.278446411738254 and rel_err 1.0
[2026-07-23 12:50:29,249][pymc.sampling.forward][INFO] - Sampling: []
[2026-07-23 12:50:29,442][pytensor.tensor.type][INFO] - numpy allclose failed for abs_err 6.784166059814857 and rel_err 1.0
[2026-07-23 12:50:29,444][pytensor.tensor.type][INFO] - numpy allclose failed for abs_err 6.784166059814857 and rel_err 1.0
[2026-07-23 12:50:29,444][pytensor.tensor.type][INFO] - numpy allclose failed for abs_err 6.784166059814857 and rel_err 1.0
[2026-07-23 12:50:29,458][pymc.sampling.forward][INFO] - Sampling: []
[2026-07-23 12:50:29,551][pytensor.tensor.type][INFO] - numpy allclose failed for abs_err 6.784166059814857 and rel_err 1.0
[2026-07-23 12:50:29,551][pytensor.tensor.type][INFO] - numpy allclose failed for abs_err 6.784166059814857 and rel_err 1.0
[2026-07-23 12:50:29,551][pytensor.tensor.type][INFO] - numpy allclose failed for abs_err 6.784166059814857 and rel_err 1.0
[2026-07-23 12:50:29,570][pymc.sampling.forward][INFO] - Sampling: []
[2026-07-23 12:50:29,659][pytensor.tensor.type][INFO] - numpy allclose failed for abs_err 5.610957701908161 and rel_err 1.0
[2026-07-23 12:50:29,659][pytensor.tensor.type][INFO] - numpy allclose failed for abs_err 5.610957701908161 and rel_err 1.0
[2026-07-23 12:50:29,660][pytensor.tensor.type][INFO] - numpy allclose failed for abs_err 5.610957701908161 and rel_err 1.0
[2026-07-23 12:50:29,664][pymc.sampling.forward][INFO] - Sampling: []
[2026-07-23 12:50:29,745][pytensor.tensor.type][INFO] - numpy allclose failed for abs_err 8.714571335295691 and rel_err 1.0
[2026-07-23 12:50:29,745][pytensor.tensor.type][INFO] - numpy allclose failed for abs_err 8.714571335295691 and rel_err 1.0
[2026-07-23 12:50:29,745][pytensor.tensor.type][INFO] - numpy allclose failed for abs_err 8.714571335295691 and rel_err 1.0
[2026-07-23 12:50:29,759][pymc.sampling.forward][INFO] - Sampling: []
[2026-07-23 12:50:29,937][pytensor.tensor.type][INFO] - numpy allclose failed for abs_err 6.820100746475624 and rel_err 1.0
[2026-07-23 12:50:29,937][pytensor.tensor.type][INFO] - numpy allclose failed for abs_err 6.820100746475624 and rel_err 1.0
[2026-07-23 12:50:29,937][pytensor.tensor.type][INFO] - numpy allclose failed for abs_err 6.820100746475624 and rel_err 1.0
[2026-07-23 12:50:29,953][pymc.sampling.forward][INFO] - Sampling: []
[2026-07-23 12:50:30,029][pytensor.tensor.type][INFO] - numpy allclose failed for abs_err 6.820100746475624 and rel_err 1.0
[2026-07-23 12:50:30,029][pytensor.tensor.type][INFO] - numpy allclose failed for abs_err 6.820100746475624 and rel_err 1.0
[2026-07-23 12:50:30,029][pytensor.tensor.type][INFO] - numpy allclose failed for abs_err 6.820100746475624 and rel_err 1.0
[2026-07-23 12:50:30,051][pymc.sampling.forward][INFO] - Sampling: []
[2026-07-23 12:50:30,138][pytensor.tensor.type][INFO] - numpy allclose failed for abs_err 5.234195430980732 and rel_err 1.0
[2026-07-23 12:50:30,138][pytensor.tensor.type][INFO] - numpy allclose failed for abs_err 5.234195430980732 and rel_err 1.0
[2026-07-23 12:50:30,139][pytensor.tensor.type][INFO] - numpy allclose failed for abs_err 5.234195430980732 and rel_err 1.0
[2026-07-23 12:50:30,151][pymc.sampling.forward][INFO] - Sampling: []
[2026-07-23 12:50:30,229][pytensor.tensor.type][INFO] - numpy allclose failed for abs_err 8.069712688126067 and rel_err 1.0
[2026-07-23 12:50:30,229][pytensor.tensor.type][INFO] - numpy allclose failed for abs_err 8.069712688126067 and rel_err 1.0
[2026-07-23 12:50:30,231][pytensor.tensor.type][INFO] - numpy allclose failed for abs_err 8.069712688126067 and rel_err 1.0
[2026-07-23 12:50:30,243][pymc.sampling.forward][INFO] - Sampling: []
[2026-07-23 12:50:30,452][pymc.sampling.forward][INFO] - Sampling: []
[2026-07-23 12:50:30,548][pymc.sampling.forward][INFO] - Sampling: []
[2026-07-23 12:50:30,632][pymc.sampling.forward][INFO] - Sampling: []
[2026-07-23 12:50:30,712][pymc.sampling.forward][INFO] - Sampling: []
[2026-07-23 12:50:30,993][pymc.sampling.mcmc][INFO] - Initializing NUTS using jitter+adapt_diag...
[2026-07-23 12:50:31,304][pymc.sampling.mcmc][INFO] - Multiprocess sampling (4 chains in 4 jobs)
[2026-07-23 12:50:31,304][pymc.sampling.mcmc][INFO] - NUTS: [alpha, beta]
[2026-07-23 12:51:29,215][pymc.sampling.mcmc][INFO] - Sampling 4 chains for 1_000 tune and 1_000 draw iterations (4_000 + 4_000 draws total) took 58 seconds.
[2026-07-23 12:51:29,333][pymc.sampling.mcmc][INFO] - Initializing NUTS using jitter+adapt_diag...
[2026-07-23 12:51:29,635][pymc.sampling.mcmc][INFO] - Multiprocess sampling (4 chains in 4 jobs)
[2026-07-23 12:51:29,635][pymc.sampling.mcmc][INFO] - NUTS: [alpha, beta]
[2026-07-23 12:52:26,278][pymc.sampling.mcmc][INFO] - Sampling 4 chains for 1_000 tune and 1_000 draw iterations (4_000 + 4_000 draws total) took 57 seconds.
[2026-07-23 12:52:26,395][pymc.sampling.mcmc][INFO] - Initializing NUTS using jitter+adapt_diag...
[2026-07-23 12:52:26,704][pymc.sampling.mcmc][INFO] - Multiprocess sampling (4 chains in 4 jobs)
[2026-07-23 12:52:26,704][pymc.sampling.mcmc][INFO] - NUTS: [alpha, beta]
[2026-07-23 12:53:23,200][pymc.sampling.mcmc][INFO] - Sampling 4 chains for 1_000 tune and 1_000 draw iterations (4_000 + 4_000 draws total) took 56 seconds.
[2026-07-23 12:53:23,245][pytensor.tensor.type][INFO] - numpy allclose failed for abs_err 6.24101440998261 and rel_err 1.0
[2026-07-23 12:53:23,245][pytensor.tensor.type][INFO] - numpy allclose failed for abs_err 6.24101440998261 and rel_err 1.0
[2026-07-23 12:53:23,245][pytensor.tensor.type][INFO] - numpy allclose failed for abs_err 6.24101440998261 and rel_err 1.0
[2026-07-23 12:53:23,265][pymc.sampling.forward][INFO] - Sampling: []
[2026-07-23 12:53:23,331][pytensor.tensor.type][INFO] - numpy allclose failed for abs_err 6.320291388952184 and rel_err 1.0
[2026-07-23 12:53:23,332][pytensor.tensor.type][INFO] - numpy allclose failed for abs_err 6.320291388952184 and rel_err 1.0
[2026-07-23 12:53:23,332][pytensor.tensor.type][INFO] - numpy allclose failed for abs_err 6.320291388952184 and rel_err 1.0
[2026-07-23 12:53:23,343][pymc.sampling.forward][INFO] - Sampling: []
[2026-07-23 12:53:23,421][pytensor.tensor.type][INFO] - numpy allclose failed for abs_err 5.286926187127024 and rel_err 1.0
[2026-07-23 12:53:23,422][pytensor.tensor.type][INFO] - numpy allclose failed for abs_err 5.286926187127024 and rel_err 1.0
[2026-07-23 12:53:23,422][pytensor.tensor.type][INFO] - numpy allclose failed for abs_err 5.286926187127024 and rel_err 1.0
[2026-07-23 12:53:23,435][pymc.sampling.forward][INFO] - Sampling: []
[2026-07-23 12:53:23,503][pytensor.tensor.type][INFO] - numpy allclose failed for abs_err 7.0333984049923455 and rel_err 1.0
[2026-07-23 12:53:23,503][pytensor.tensor.type][INFO] - numpy allclose failed for abs_err 7.0333984049923455 and rel_err 1.0
[2026-07-23 12:53:23,504][pytensor.tensor.type][INFO] - numpy allclose failed for abs_err 7.0333984049923455 and rel_err 1.0
[2026-07-23 12:53:23,511][pymc.sampling.forward][INFO] - Sampling: []
[2026-07-23 12:53:23,690][pytensor.tensor.type][INFO] - numpy allclose failed for abs_err 5.472597764935256 and rel_err 1.0
[2026-07-23 12:53:23,691][pytensor.tensor.type][INFO] - numpy allclose failed for abs_err 5.472597764935256 and rel_err 1.0
[2026-07-23 12:53:23,691][pytensor.tensor.type][INFO] - numpy allclose failed for abs_err 5.472597764935256 and rel_err 1.0
[2026-07-23 12:53:23,705][pymc.sampling.forward][INFO] - Sampling: []
[2026-07-23 12:53:23,809][pytensor.tensor.type][INFO] - numpy allclose failed for abs_err 5.457295285668136 and rel_err 1.0
[2026-07-23 12:53:23,809][pytensor.tensor.type][INFO] - numpy allclose failed for abs_err 5.457295285668136 and rel_err 1.0
[2026-07-23 12:53:23,810][pytensor.tensor.type][INFO] - numpy allclose failed for abs_err 5.457295285668136 and rel_err 1.0
[2026-07-23 12:53:23,824][pymc.sampling.forward][INFO] - Sampling: []
[2026-07-23 12:53:23,913][pytensor.tensor.type][INFO] - numpy allclose failed for abs_err 3.935983613774622 and rel_err 1.0
[2026-07-23 12:53:23,913][pytensor.tensor.type][INFO] - numpy allclose failed for abs_err 3.935983613774622 and rel_err 1.0
[2026-07-23 12:53:23,914][pytensor.tensor.type][INFO] - numpy allclose failed for abs_err 3.935983613774622 and rel_err 1.0
[2026-07-23 12:53:23,928][pymc.sampling.forward][INFO] - Sampling: []
[2026-07-23 12:53:24,006][pytensor.tensor.type][INFO] - numpy allclose failed for abs_err 7.810288444436315 and rel_err 1.0
[2026-07-23 12:53:24,006][pytensor.tensor.type][INFO] - numpy allclose failed for abs_err 7.810288444436315 and rel_err 1.0
[2026-07-23 12:53:24,006][pytensor.tensor.type][INFO] - numpy allclose failed for abs_err 7.810288444436315 and rel_err 1.0
[2026-07-23 12:53:24,020][pymc.sampling.forward][INFO] - Sampling: []
[2026-07-23 12:53:24,199][pytensor.tensor.type][INFO] - numpy allclose failed for abs_err 6.206270028078008 and rel_err 1.0
[2026-07-23 12:53:24,199][pytensor.tensor.type][INFO] - numpy allclose failed for abs_err 6.206270028078008 and rel_err 1.0
[2026-07-23 12:53:24,199][pytensor.tensor.type][INFO] - numpy allclose failed for abs_err 6.206270028078008 and rel_err 1.0
[2026-07-23 12:53:24,216][pymc.sampling.forward][INFO] - Sampling: []
[2026-07-23 12:53:24,288][pytensor.tensor.type][INFO] - numpy allclose failed for abs_err 6.212152529680181 and rel_err 1.0
[2026-07-23 12:53:24,289][pytensor.tensor.type][INFO] - numpy allclose failed for abs_err 6.212152529680181 and rel_err 1.0
[2026-07-23 12:53:24,289][pytensor.tensor.type][INFO] - numpy allclose failed for abs_err 6.212152529680181 and rel_err 1.0
[2026-07-23 12:53:24,301][pymc.sampling.forward][INFO] - Sampling: []
[2026-07-23 12:53:24,372][pytensor.tensor.type][INFO] - numpy allclose failed for abs_err 3.5278234263647064 and rel_err 1.0
[2026-07-23 12:53:24,373][pytensor.tensor.type][INFO] - numpy allclose failed for abs_err 3.5278234263647064 and rel_err 1.0
[2026-07-23 12:53:24,373][pytensor.tensor.type][INFO] - numpy allclose failed for abs_err 3.5278234263647064 and rel_err 1.0
[2026-07-23 12:53:24,377][pymc.sampling.forward][INFO] - Sampling: []
[2026-07-23 12:53:24,461][pytensor.tensor.type][INFO] - numpy allclose failed for abs_err 5.440191641724828 and rel_err 1.0
[2026-07-23 12:53:24,461][pytensor.tensor.type][INFO] - numpy allclose failed for abs_err 5.440191641724828 and rel_err 1.0
[2026-07-23 12:53:24,461][pytensor.tensor.type][INFO] - numpy allclose failed for abs_err 5.440191641724828 and rel_err 1.0
[2026-07-23 12:53:24,482][pymc.sampling.forward][INFO] - Sampling: []
[2026-07-23 12:53:24,664][pytensor.tensor.type][INFO] - numpy allclose failed for abs_err 6.253064144575048 and rel_err 1.0
[2026-07-23 12:53:24,666][pytensor.tensor.type][INFO] - numpy allclose failed for abs_err 6.253064144575048 and rel_err 1.0
[2026-07-23 12:53:24,666][pytensor.tensor.type][INFO] - numpy allclose failed for abs_err 6.253064144575048 and rel_err 1.0
[2026-07-23 12:53:24,683][pymc.sampling.forward][INFO] - Sampling: []
[2026-07-23 12:53:24,760][pytensor.tensor.type][INFO] - numpy allclose failed for abs_err 6.192671287977148 and rel_err 1.0
[2026-07-23 12:53:24,761][pytensor.tensor.type][INFO] - numpy allclose failed for abs_err 6.192671287977148 and rel_err 1.0
[2026-07-23 12:53:24,761][pytensor.tensor.type][INFO] - numpy allclose failed for abs_err 6.192671287977148 and rel_err 1.0
[2026-07-23 12:53:24,773][pymc.sampling.forward][INFO] - Sampling: []
[2026-07-23 12:53:24,844][pytensor.tensor.type][INFO] - numpy allclose failed for abs_err 3.409559014942457 and rel_err 1.0
[2026-07-23 12:53:24,844][pytensor.tensor.type][INFO] - numpy allclose failed for abs_err 3.409559014942457 and rel_err 1.0
[2026-07-23 12:53:24,844][pytensor.tensor.type][INFO] - numpy allclose failed for abs_err 3.409559014942457 and rel_err 1.0
[2026-07-23 12:53:24,860][pymc.sampling.forward][INFO] - Sampling: []
[2026-07-23 12:53:24,932][pytensor.tensor.type][INFO] - numpy allclose failed for abs_err 5.784873972480236 and rel_err 1.0
[2026-07-23 12:53:24,933][pytensor.tensor.type][INFO] - numpy allclose failed for abs_err 5.784873972480236 and rel_err 1.0
[2026-07-23 12:53:24,933][pytensor.tensor.type][INFO] - numpy allclose failed for abs_err 5.784873972480236 and rel_err 1.0
[2026-07-23 12:53:24,945][pymc.sampling.forward][INFO] - Sampling: []
[2026-07-23 12:53:25,154][pytensor.tensor.type][INFO] - numpy allclose failed for abs_err 6.195171166383672 and rel_err 1.0
[2026-07-23 12:53:25,154][pytensor.tensor.type][INFO] - numpy allclose failed for abs_err 6.195171166383672 and rel_err 1.0
[2026-07-23 12:53:25,154][pytensor.tensor.type][INFO] - numpy allclose failed for abs_err 6.195171166383672 and rel_err 1.0
[2026-07-23 12:53:25,173][pymc.sampling.forward][INFO] - Sampling: []
[2026-07-23 12:53:25,244][pytensor.tensor.type][INFO] - numpy allclose failed for abs_err 5.629573292505505 and rel_err 1.0
[2026-07-23 12:53:25,244][pytensor.tensor.type][INFO] - numpy allclose failed for abs_err 5.629573292505505 and rel_err 1.0
[2026-07-23 12:53:25,244][pytensor.tensor.type][INFO] - numpy allclose failed for abs_err 5.629573292505505 and rel_err 1.0
[2026-07-23 12:53:25,258][pymc.sampling.forward][INFO] - Sampling: []
[2026-07-23 12:53:25,331][pytensor.tensor.type][INFO] - numpy allclose failed for abs_err 4.656370135099172 and rel_err 1.0
[2026-07-23 12:53:25,331][pytensor.tensor.type][INFO] - numpy allclose failed for abs_err 4.656370135099172 and rel_err 1.0
[2026-07-23 12:53:25,332][pytensor.tensor.type][INFO] - numpy allclose failed for abs_err 4.656370135099172 and rel_err 1.0
[2026-07-23 12:53:25,348][pymc.sampling.forward][INFO] - Sampling: []
[2026-07-23 12:53:25,421][pytensor.tensor.type][INFO] - numpy allclose failed for abs_err 5.743564144051794 and rel_err 1.0
[2026-07-23 12:53:25,422][pytensor.tensor.type][INFO] - numpy allclose failed for abs_err 5.743564144051794 and rel_err 1.0
[2026-07-23 12:53:25,422][pytensor.tensor.type][INFO] - numpy allclose failed for abs_err 5.743564144051794 and rel_err 1.0
[2026-07-23 12:53:25,437][pymc.sampling.forward][INFO] - Sampling: []
[2026-07-23 12:53:25,643][pytensor.tensor.type][INFO] - numpy allclose failed for abs_err 5.638618893396618 and rel_err 1.0
[2026-07-23 12:53:25,643][pytensor.tensor.type][INFO] - numpy allclose failed for abs_err 5.638618893396618 and rel_err 1.0
[2026-07-23 12:53:25,645][pytensor.tensor.type][INFO] - numpy allclose failed for abs_err 5.638618893396618 and rel_err 1.0
[2026-07-23 12:53:25,656][pymc.sampling.forward][INFO] - Sampling: []
[2026-07-23 12:53:25,733][pytensor.tensor.type][INFO] - numpy allclose failed for abs_err 5.665256984007122 and rel_err 1.0
[2026-07-23 12:53:25,734][pytensor.tensor.type][INFO] - numpy allclose failed for abs_err 5.665256984007122 and rel_err 1.0
[2026-07-23 12:53:25,734][pytensor.tensor.type][INFO] - numpy allclose failed for abs_err 5.665256984007122 and rel_err 1.0
[2026-07-23 12:53:25,747][pymc.sampling.forward][INFO] - Sampling: []
[2026-07-23 12:53:25,823][pytensor.tensor.type][INFO] - numpy allclose failed for abs_err 3.6907570396922127 and rel_err 1.0
[2026-07-23 12:53:25,823][pytensor.tensor.type][INFO] - numpy allclose failed for abs_err 3.6907570396922127 and rel_err 1.0
[2026-07-23 12:53:25,824][pytensor.tensor.type][INFO] - numpy allclose failed for abs_err 3.6907570396922127 and rel_err 1.0
[2026-07-23 12:53:25,837][pymc.sampling.forward][INFO] - Sampling: []
[2026-07-23 12:53:25,911][pytensor.tensor.type][INFO] - numpy allclose failed for abs_err 6.493786847693168 and rel_err 1.0
[2026-07-23 12:53:25,911][pytensor.tensor.type][INFO] - numpy allclose failed for abs_err 6.493786847693168 and rel_err 1.0
[2026-07-23 12:53:25,911][pytensor.tensor.type][INFO] - numpy allclose failed for abs_err 6.493786847693168 and rel_err 1.0
[2026-07-23 12:53:25,932][pymc.sampling.forward][INFO] - Sampling: []
[2026-07-23 12:53:26,136][pytensor.tensor.type][INFO] - numpy allclose failed for abs_err 6.195246089422155 and rel_err 1.0
[2026-07-23 12:53:26,137][pytensor.tensor.type][INFO] - numpy allclose failed for abs_err 6.195246089422155 and rel_err 1.0
[2026-07-23 12:53:26,137][pytensor.tensor.type][INFO] - numpy allclose failed for abs_err 6.195246089422155 and rel_err 1.0
[2026-07-23 12:53:26,153][pymc.sampling.forward][INFO] - Sampling: []
[2026-07-23 12:53:26,238][pytensor.tensor.type][INFO] - numpy allclose failed for abs_err 6.218533326112676 and rel_err 1.0
[2026-07-23 12:53:26,238][pytensor.tensor.type][INFO] - numpy allclose failed for abs_err 6.218533326112676 and rel_err 1.0
[2026-07-23 12:53:26,239][pytensor.tensor.type][INFO] - numpy allclose failed for abs_err 6.218533326112676 and rel_err 1.0
[2026-07-23 12:53:26,244][pymc.sampling.forward][INFO] - Sampling: []
[2026-07-23 12:53:26,327][pytensor.tensor.type][INFO] - numpy allclose failed for abs_err 2.5006487905336185 and rel_err 1.0
[2026-07-23 12:53:26,327][pytensor.tensor.type][INFO] - numpy allclose failed for abs_err 2.5006487905336185 and rel_err 1.0
[2026-07-23 12:53:26,327][pytensor.tensor.type][INFO] - numpy allclose failed for abs_err 2.5006487905336185 and rel_err 1.0
[2026-07-23 12:53:26,348][pymc.sampling.forward][INFO] - Sampling: []
[2026-07-23 12:53:26,434][pytensor.tensor.type][INFO] - numpy allclose failed for abs_err 5.4009332757639275 and rel_err 1.0
[2026-07-23 12:53:26,435][pytensor.tensor.type][INFO] - numpy allclose failed for abs_err 5.4009332757639275 and rel_err 1.0
[2026-07-23 12:53:26,435][pytensor.tensor.type][INFO] - numpy allclose failed for abs_err 5.4009332757639275 and rel_err 1.0
[2026-07-23 12:53:26,448][pymc.sampling.forward][INFO] - Sampling: []
[2026-07-23 12:53:26,629][pytensor.tensor.type][INFO] - numpy allclose failed for abs_err 6.195999015294958 and rel_err 1.0
[2026-07-23 12:53:26,629][pytensor.tensor.type][INFO] - numpy allclose failed for abs_err 6.195999015294958 and rel_err 1.0
[2026-07-23 12:53:26,629][pytensor.tensor.type][INFO] - numpy allclose failed for abs_err 6.195999015294958 and rel_err 1.0
[2026-07-23 12:53:26,649][pymc.sampling.forward][INFO] - Sampling: []
[2026-07-23 12:53:26,737][pytensor.tensor.type][INFO] - numpy allclose failed for abs_err 5.616290218603375 and rel_err 1.0
[2026-07-23 12:53:26,737][pytensor.tensor.type][INFO] - numpy allclose failed for abs_err 5.616290218603375 and rel_err 1.0
[2026-07-23 12:53:26,738][pytensor.tensor.type][INFO] - numpy allclose failed for abs_err 5.616290218603375 and rel_err 1.0
[2026-07-23 12:53:26,744][pymc.sampling.forward][INFO] - Sampling: []
[2026-07-23 12:53:26,825][pytensor.tensor.type][INFO] - numpy allclose failed for abs_err 3.99806296056001 and rel_err 1.0
[2026-07-23 12:53:26,827][pytensor.tensor.type][INFO] - numpy allclose failed for abs_err 3.99806296056001 and rel_err 1.0
[2026-07-23 12:53:26,827][pytensor.tensor.type][INFO] - numpy allclose failed for abs_err 3.99806296056001 and rel_err 1.0
[2026-07-23 12:53:26,839][pymc.sampling.forward][INFO] - Sampling: []
[2026-07-23 12:53:26,911][pytensor.tensor.type][INFO] - numpy allclose failed for abs_err 5.328231562838335 and rel_err 1.0
[2026-07-23 12:53:26,911][pytensor.tensor.type][INFO] - numpy allclose failed for abs_err 5.328231562838335 and rel_err 1.0
[2026-07-23 12:53:26,911][pytensor.tensor.type][INFO] - numpy allclose failed for abs_err 5.328231562838335 and rel_err 1.0
[2026-07-23 12:53:26,932][pymc.sampling.forward][INFO] - Sampling: []
[2026-07-23 12:53:27,130][pytensor.tensor.type][INFO] - numpy allclose failed for abs_err 6.20504759641831 and rel_err 1.0
[2026-07-23 12:53:27,130][pytensor.tensor.type][INFO] - numpy allclose failed for abs_err 6.20504759641831 and rel_err 1.0
[2026-07-23 12:53:27,131][pytensor.tensor.type][INFO] - numpy allclose failed for abs_err 6.20504759641831 and rel_err 1.0
[2026-07-23 12:53:27,146][pymc.sampling.forward][INFO] - Sampling: []
[2026-07-23 12:53:27,221][pytensor.tensor.type][INFO] - numpy allclose failed for abs_err 6.23785917850678 and rel_err 1.0
[2026-07-23 12:53:27,221][pytensor.tensor.type][INFO] - numpy allclose failed for abs_err 6.23785917850678 and rel_err 1.0
[2026-07-23 12:53:27,221][pytensor.tensor.type][INFO] - numpy allclose failed for abs_err 6.23785917850678 and rel_err 1.0
[2026-07-23 12:53:27,235][pymc.sampling.forward][INFO] - Sampling: []
[2026-07-23 12:53:27,311][pytensor.tensor.type][INFO] - numpy allclose failed for abs_err 4.611566992551564 and rel_err 1.0
[2026-07-23 12:53:27,311][pytensor.tensor.type][INFO] - numpy allclose failed for abs_err 4.611566992551564 and rel_err 1.0
[2026-07-23 12:53:27,311][pytensor.tensor.type][INFO] - numpy allclose failed for abs_err 4.611566992551564 and rel_err 1.0
[2026-07-23 12:53:27,323][pymc.sampling.forward][INFO] - Sampling: []
[2026-07-23 12:53:27,396][pytensor.tensor.type][INFO] - numpy allclose failed for abs_err 5.34381414977384 and rel_err 1.0
[2026-07-23 12:53:27,396][pytensor.tensor.type][INFO] - numpy allclose failed for abs_err 5.34381414977384 and rel_err 1.0
[2026-07-23 12:53:27,396][pytensor.tensor.type][INFO] - numpy allclose failed for abs_err 5.34381414977384 and rel_err 1.0
[2026-07-23 12:53:27,412][pymc.sampling.forward][INFO] - Sampling: []
[2026-07-23 12:53:27,596][pytensor.tensor.type][INFO] - numpy allclose failed for abs_err 6.201146174394537 and rel_err 1.0
[2026-07-23 12:53:27,596][pytensor.tensor.type][INFO] - numpy allclose failed for abs_err 6.201146174394537 and rel_err 1.0
[2026-07-23 12:53:27,596][pytensor.tensor.type][INFO] - numpy allclose failed for abs_err 6.201146174394537 and rel_err 1.0
[2026-07-23 12:53:27,613][pymc.sampling.forward][INFO] - Sampling: []
[2026-07-23 12:53:27,689][pytensor.tensor.type][INFO] - numpy allclose failed for abs_err 5.432208346333266 and rel_err 1.0
[2026-07-23 12:53:27,690][pytensor.tensor.type][INFO] - numpy allclose failed for abs_err 5.432208346333266 and rel_err 1.0
[2026-07-23 12:53:27,690][pytensor.tensor.type][INFO] - numpy allclose failed for abs_err 5.432208346333266 and rel_err 1.0
[2026-07-23 12:53:27,704][pymc.sampling.forward][INFO] - Sampling: []
[2026-07-23 12:53:27,776][pytensor.tensor.type][INFO] - numpy allclose failed for abs_err 3.19186354993376 and rel_err 1.0
[2026-07-23 12:53:27,777][pytensor.tensor.type][INFO] - numpy allclose failed for abs_err 3.19186354993376 and rel_err 1.0
[2026-07-23 12:53:27,777][pytensor.tensor.type][INFO] - numpy allclose failed for abs_err 3.19186354993376 and rel_err 1.0
[2026-07-23 12:53:27,792][pymc.sampling.forward][INFO] - Sampling: []
[2026-07-23 12:53:27,865][pytensor.tensor.type][INFO] - numpy allclose failed for abs_err 6.561729207909826 and rel_err 1.0
[2026-07-23 12:53:27,866][pytensor.tensor.type][INFO] - numpy allclose failed for abs_err 6.561729207909826 and rel_err 1.0
[2026-07-23 12:53:27,866][pytensor.tensor.type][INFO] - numpy allclose failed for abs_err 6.561729207909826 and rel_err 1.0
[2026-07-23 12:53:27,880][pymc.sampling.forward][INFO] - Sampling: []
[2026-07-23 12:53:28,074][pymc.sampling.forward][INFO] - Sampling: []
[2026-07-23 12:53:28,167][pymc.sampling.forward][INFO] - Sampling: []
[2026-07-23 12:53:28,255][pymc.sampling.forward][INFO] - Sampling: []
[2026-07-23 12:53:28,367][pymc.sampling.forward][INFO] - Sampling: []
