[2026-07-23 13:28:58,105][httpx][INFO] - HTTP Request: HEAD https://huggingface.co/datasets/allenai/ai2_arc/resolve/main/README.md "HTTP/1.1 307 Temporary Redirect"
[2026-07-23 13:28:58,106][huggingface_hub.utils._http][WARNING] - Warning: You are sending unauthenticated requests to the HF Hub. Please set a HF_TOKEN to enable higher rate limits and faster downloads.
[2026-07-23 13:28:58,211][httpx][INFO] - HTTP Request: HEAD https://huggingface.co/api/resolve-cache/datasets/allenai/ai2_arc/210d026faf9955653af8916fad021475a3f00453/README.md "HTTP/1.1 200 OK"
[2026-07-23 13:28:58,480][httpx][INFO] - HTTP Request: HEAD https://huggingface.co/datasets/allenai/ai2_arc/resolve/210d026faf9955653af8916fad021475a3f00453/ai2_arc.py "HTTP/1.1 404 Not Found"
[2026-07-23 13:28:59,514][httpx][INFO] - HTTP Request: HEAD https://s3.amazonaws.com/datasets.huggingface.co/datasets/datasets/allenai/ai2_arc/allenai/ai2_arc.py "HTTP/1.1 404 Not Found"
[2026-07-23 13:28:59,807][httpx][INFO] - HTTP Request: GET https://huggingface.co/api/datasets/allenai/ai2_arc/revision/210d026faf9955653af8916fad021475a3f00453 "HTTP/1.1 200 OK"
[2026-07-23 13:29:00,123][httpx][INFO] - HTTP Request: HEAD https://huggingface.co/datasets/allenai/ai2_arc/resolve/210d026faf9955653af8916fad021475a3f00453/.huggingface.yaml "HTTP/1.1 404 Not Found"
[2026-07-23 13:29:01,663][httpx][INFO] - HTTP Request: GET https://datasets-server.huggingface.co/info?dataset=allenai/ai2_arc "HTTP/1.1 200 OK"
[2026-07-23 13:29:02,174][httpx][INFO] - HTTP Request: GET https://huggingface.co/api/datasets/allenai/ai2_arc/tree/210d026faf9955653af8916fad021475a3f00453/ARC-Challenge?recursive=true&expand=false "HTTP/1.1 200 OK"
[2026-07-23 13:29:02,524][httpx][INFO] - HTTP Request: GET https://huggingface.co/api/datasets/allenai/ai2_arc/tree/210d026faf9955653af8916fad021475a3f00453?recursive=false&expand=false "HTTP/1.1 200 OK"
[2026-07-23 13:29:02,957][httpx][INFO] - HTTP Request: HEAD https://huggingface.co/datasets/allenai/ai2_arc/resolve/210d026faf9955653af8916fad021475a3f00453/dataset_infos.json "HTTP/1.1 404 Not Found"
[2026-07-23 13:29:03,453][pytensor.configparser][INFO] - Suppressed KeyError in PyTensorConfigParser.add for parameter 'cxx'!
[2026-07-23 13:29:03,453][pytensor.configparser][INFO] - Suppressed KeyError in PyTensorConfigParser.add for parameter 'gcc_version_str'!
[2026-07-23 13:29:03,453][pytensor.configparser][INFO] - Suppressed KeyError in PyTensorConfigParser.add for parameter 'compile__timeout'!
[2026-07-23 13:29:03,454][pytensor.configparser][INFO] - Suppressed KeyError in PyTensorConfigParser.add for parameter 'DebugMode__check_c'!
[2026-07-23 13:29:03,454][pytensor.configparser][INFO] - Suppressed KeyError in PyTensorConfigParser.add for parameter 'compiledir'!
[2026-07-23 13:29:03,549][pytensor.configparser][INFO] - Suppressed KeyError in PyTensorConfigParser.add for parameter 'blas__ldflags'!
[2026-07-23 13:29:03,563][pytensor.configdefaults][WARNING] - g++ not available, if using conda: `conda install gxx`
[2026-07-23 13:29:04,290][arviz][INFO] - Found 'auto' as default backend, checking available backends
[2026-07-23 13:29:04,291][arviz][INFO] - Matplotlib is available, defining as default backend
[2026-07-23 13:29:04,738][arviz][INFO] - arviz_base 1.2.0 available, exposing its functions as part of the `arviz` namespace
[2026-07-23 13:29:04,907][arviz][INFO] - arviz_stats 1.2.0 available, exposing its functions as part of the `arviz` namespace
[2026-07-23 13:29:04,962][arviz][INFO] - arviz_plots 1.2.0 available, exposing its functions as part of the `arviz` namespace
[2026-07-23 13:29:05,199][pymc.sampling.mcmc][INFO] - Initializing NUTS using jitter+adapt_diag...
[2026-07-23 13:29:06,361][pymc.sampling.mcmc][INFO] - Multiprocess sampling (4 chains in 4 jobs)
[2026-07-23 13:29:06,361][pymc.sampling.mcmc][INFO] - NUTS: [alpha, beta]
[2026-07-23 13:30:05,051][pymc.sampling.mcmc][INFO] - Sampling 4 chains for 1_000 tune and 1_000 draw iterations (4_000 + 4_000 draws total) took 59 seconds.
[2026-07-23 13:30:05,201][pymc.sampling.mcmc][INFO] - Initializing NUTS using jitter+adapt_diag...
[2026-07-23 13:30:05,529][pymc.sampling.mcmc][INFO] - Multiprocess sampling (4 chains in 4 jobs)
[2026-07-23 13:30:05,529][pymc.sampling.mcmc][INFO] - NUTS: [alpha, beta]
[2026-07-23 13:31:02,957][pymc.sampling.mcmc][INFO] - Sampling 4 chains for 1_000 tune and 1_000 draw iterations (4_000 + 4_000 draws total) took 57 seconds.
[2026-07-23 13:31:03,082][pymc.sampling.mcmc][INFO] - Initializing NUTS using jitter+adapt_diag...
[2026-07-23 13:31:03,406][pymc.sampling.mcmc][INFO] - Multiprocess sampling (4 chains in 4 jobs)
[2026-07-23 13:31:03,406][pymc.sampling.mcmc][INFO] - NUTS: [alpha, beta]
[2026-07-23 13:32:00,371][pymc.sampling.mcmc][INFO] - Sampling 4 chains for 1_000 tune and 1_000 draw iterations (4_000 + 4_000 draws total) took 57 seconds.
[2026-07-23 13:32:00,427][pytensor.tensor.type][INFO] - numpy allclose failed for abs_err 15.424948423832443 and rel_err 1.0
[2026-07-23 13:32:00,428][pytensor.tensor.type][INFO] - numpy allclose failed for abs_err 15.424948423832443 and rel_err 1.0
[2026-07-23 13:32:00,428][pytensor.tensor.type][INFO] - numpy allclose failed for abs_err 15.424948423832443 and rel_err 1.0
[2026-07-23 13:32:00,441][pymc.sampling.forward][INFO] - Sampling: []
[2026-07-23 13:32:00,511][pytensor.tensor.type][INFO] - numpy allclose failed for abs_err 15.424948423832443 and rel_err 1.0
[2026-07-23 13:32:00,512][pytensor.tensor.type][INFO] - numpy allclose failed for abs_err 15.424948423832443 and rel_err 1.0
[2026-07-23 13:32:00,512][pytensor.tensor.type][INFO] - numpy allclose failed for abs_err 15.424948423832443 and rel_err 1.0
[2026-07-23 13:32:00,524][pymc.sampling.forward][INFO] - Sampling: []
[2026-07-23 13:32:00,600][pytensor.tensor.type][INFO] - numpy allclose failed for abs_err 14.159063387675255 and rel_err 1.0
[2026-07-23 13:32:00,601][pytensor.tensor.type][INFO] - numpy allclose failed for abs_err 14.159063387675255 and rel_err 1.0
[2026-07-23 13:32:00,601][pytensor.tensor.type][INFO] - numpy allclose failed for abs_err 14.159063387675255 and rel_err 1.0
[2026-07-23 13:32:00,614][pymc.sampling.forward][INFO] - Sampling: []
[2026-07-23 13:32:00,691][pytensor.tensor.type][INFO] - numpy allclose failed for abs_err 15.816564369959801 and rel_err 1.0
[2026-07-23 13:32:00,692][pytensor.tensor.type][INFO] - numpy allclose failed for abs_err 15.816564369959801 and rel_err 1.0
[2026-07-23 13:32:00,692][pytensor.tensor.type][INFO] - numpy allclose failed for abs_err 15.816564369959801 and rel_err 1.0
[2026-07-23 13:32:00,705][pymc.sampling.forward][INFO] - Sampling: []
[2026-07-23 13:32:00,896][pytensor.tensor.type][INFO] - numpy allclose failed for abs_err 14.156932402444001 and rel_err 1.0
[2026-07-23 13:32:00,896][pytensor.tensor.type][INFO] - numpy allclose failed for abs_err 14.156932402444001 and rel_err 1.0
[2026-07-23 13:32:00,896][pytensor.tensor.type][INFO] - numpy allclose failed for abs_err 14.156932402444001 and rel_err 1.0
[2026-07-23 13:32:00,914][pymc.sampling.forward][INFO] - Sampling: []
[2026-07-23 13:32:00,986][pytensor.tensor.type][INFO] - numpy allclose failed for abs_err 14.156932402444001 and rel_err 1.0
[2026-07-23 13:32:00,987][pytensor.tensor.type][INFO] - numpy allclose failed for abs_err 14.156932402444001 and rel_err 1.0
[2026-07-23 13:32:00,988][pytensor.tensor.type][INFO] - numpy allclose failed for abs_err 14.156932402444001 and rel_err 1.0
[2026-07-23 13:32:01,000][pymc.sampling.forward][INFO] - Sampling: []
[2026-07-23 13:32:01,075][pytensor.tensor.type][INFO] - numpy allclose failed for abs_err 14.159063387675255 and rel_err 1.0
[2026-07-23 13:32:01,076][pytensor.tensor.type][INFO] - numpy allclose failed for abs_err 14.159063387675255 and rel_err 1.0
[2026-07-23 13:32:01,076][pytensor.tensor.type][INFO] - numpy allclose failed for abs_err 14.159063387675255 and rel_err 1.0
[2026-07-23 13:32:01,091][pymc.sampling.forward][INFO] - Sampling: []
[2026-07-23 13:32:01,164][pytensor.tensor.type][INFO] - numpy allclose failed for abs_err 15.816564369959801 and rel_err 1.0
[2026-07-23 13:32:01,165][pytensor.tensor.type][INFO] - numpy allclose failed for abs_err 15.816564369959801 and rel_err 1.0
[2026-07-23 13:32:01,165][pytensor.tensor.type][INFO] - numpy allclose failed for abs_err 15.816564369959801 and rel_err 1.0
[2026-07-23 13:32:01,180][pymc.sampling.forward][INFO] - Sampling: []
[2026-07-23 13:32:01,358][pytensor.tensor.type][INFO] - numpy allclose failed for abs_err 14.156932402444001 and rel_err 1.0
[2026-07-23 13:32:01,358][pytensor.tensor.type][INFO] - numpy allclose failed for abs_err 14.156932402444001 and rel_err 1.0
[2026-07-23 13:32:01,360][pytensor.tensor.type][INFO] - numpy allclose failed for abs_err 14.156932402444001 and rel_err 1.0
[2026-07-23 13:32:01,374][pymc.sampling.forward][INFO] - Sampling: []
[2026-07-23 13:32:01,452][pytensor.tensor.type][INFO] - numpy allclose failed for abs_err 14.156932402444001 and rel_err 1.0
[2026-07-23 13:32:01,452][pytensor.tensor.type][INFO] - numpy allclose failed for abs_err 14.156932402444001 and rel_err 1.0
[2026-07-23 13:32:01,452][pytensor.tensor.type][INFO] - numpy allclose failed for abs_err 14.156932402444001 and rel_err 1.0
[2026-07-23 13:32:01,457][pymc.sampling.forward][INFO] - Sampling: []
[2026-07-23 13:32:01,539][pytensor.tensor.type][INFO] - numpy allclose failed for abs_err 14.159063387675255 and rel_err 1.0
[2026-07-23 13:32:01,539][pytensor.tensor.type][INFO] - numpy allclose failed for abs_err 14.159063387675255 and rel_err 1.0
[2026-07-23 13:32:01,541][pytensor.tensor.type][INFO] - numpy allclose failed for abs_err 14.159063387675255 and rel_err 1.0
[2026-07-23 13:32:01,553][pymc.sampling.forward][INFO] - Sampling: []
[2026-07-23 13:32:01,631][pytensor.tensor.type][INFO] - numpy allclose failed for abs_err 15.816564369959801 and rel_err 1.0
[2026-07-23 13:32:01,632][pytensor.tensor.type][INFO] - numpy allclose failed for abs_err 15.816564369959801 and rel_err 1.0
[2026-07-23 13:32:01,632][pytensor.tensor.type][INFO] - numpy allclose failed for abs_err 15.816564369959801 and rel_err 1.0
[2026-07-23 13:32:01,646][pymc.sampling.forward][INFO] - Sampling: []
[2026-07-23 13:32:01,825][pytensor.tensor.type][INFO] - numpy allclose failed for abs_err 14.156932402444001 and rel_err 1.0
[2026-07-23 13:32:01,825][pytensor.tensor.type][INFO] - numpy allclose failed for abs_err 14.156932402444001 and rel_err 1.0
[2026-07-23 13:32:01,825][pytensor.tensor.type][INFO] - numpy allclose failed for abs_err 14.156932402444001 and rel_err 1.0
[2026-07-23 13:32:01,839][pymc.sampling.forward][INFO] - Sampling: []
[2026-07-23 13:32:01,914][pytensor.tensor.type][INFO] - numpy allclose failed for abs_err 14.156932402444001 and rel_err 1.0
[2026-07-23 13:32:01,914][pytensor.tensor.type][INFO] - numpy allclose failed for abs_err 14.156932402444001 and rel_err 1.0
[2026-07-23 13:32:01,914][pytensor.tensor.type][INFO] - numpy allclose failed for abs_err 14.156932402444001 and rel_err 1.0
[2026-07-23 13:32:01,927][pymc.sampling.forward][INFO] - Sampling: []
[2026-07-23 13:32:02,009][pytensor.tensor.type][INFO] - numpy allclose failed for abs_err 14.159063387675255 and rel_err 1.0
[2026-07-23 13:32:02,009][pytensor.tensor.type][INFO] - numpy allclose failed for abs_err 14.159063387675255 and rel_err 1.0
[2026-07-23 13:32:02,010][pytensor.tensor.type][INFO] - numpy allclose failed for abs_err 14.159063387675255 and rel_err 1.0
[2026-07-23 13:32:02,021][pymc.sampling.forward][INFO] - Sampling: []
[2026-07-23 13:32:02,090][pytensor.tensor.type][INFO] - numpy allclose failed for abs_err 15.816564369959801 and rel_err 1.0
[2026-07-23 13:32:02,090][pytensor.tensor.type][INFO] - numpy allclose failed for abs_err 15.816564369959801 and rel_err 1.0
[2026-07-23 13:32:02,090][pytensor.tensor.type][INFO] - numpy allclose failed for abs_err 15.816564369959801 and rel_err 1.0
[2026-07-23 13:32:02,111][pymc.sampling.forward][INFO] - Sampling: []
[2026-07-23 13:32:02,286][pytensor.tensor.type][INFO] - numpy allclose failed for abs_err 14.156932402444001 and rel_err 1.0
[2026-07-23 13:32:02,286][pytensor.tensor.type][INFO] - numpy allclose failed for abs_err 14.156932402444001 and rel_err 1.0
[2026-07-23 13:32:02,288][pytensor.tensor.type][INFO] - numpy allclose failed for abs_err 14.156932402444001 and rel_err 1.0
[2026-07-23 13:32:02,309][pymc.sampling.forward][INFO] - Sampling: []
[2026-07-23 13:32:02,406][pytensor.tensor.type][INFO] - numpy allclose failed for abs_err 14.156932402444001 and rel_err 1.0
[2026-07-23 13:32:02,406][pytensor.tensor.type][INFO] - numpy allclose failed for abs_err 14.156932402444001 and rel_err 1.0
[2026-07-23 13:32:02,406][pytensor.tensor.type][INFO] - numpy allclose failed for abs_err 14.156932402444001 and rel_err 1.0
[2026-07-23 13:32:02,419][pymc.sampling.forward][INFO] - Sampling: []
[2026-07-23 13:32:02,511][pytensor.tensor.type][INFO] - numpy allclose failed for abs_err 14.159063387675255 and rel_err 1.0
[2026-07-23 13:32:02,513][pytensor.tensor.type][INFO] - numpy allclose failed for abs_err 14.159063387675255 and rel_err 1.0
[2026-07-23 13:32:02,513][pytensor.tensor.type][INFO] - numpy allclose failed for abs_err 14.159063387675255 and rel_err 1.0
[2026-07-23 13:32:02,529][pymc.sampling.forward][INFO] - Sampling: []
[2026-07-23 13:32:02,620][pytensor.tensor.type][INFO] - numpy allclose failed for abs_err 15.816564369959801 and rel_err 1.0
[2026-07-23 13:32:02,620][pytensor.tensor.type][INFO] - numpy allclose failed for abs_err 15.816564369959801 and rel_err 1.0
[2026-07-23 13:32:02,621][pytensor.tensor.type][INFO] - numpy allclose failed for abs_err 15.816564369959801 and rel_err 1.0
[2026-07-23 13:32:02,635][pymc.sampling.forward][INFO] - Sampling: []
[2026-07-23 13:32:02,853][pytensor.tensor.type][INFO] - numpy allclose failed for abs_err 14.156932402444001 and rel_err 1.0
[2026-07-23 13:32:02,853][pytensor.tensor.type][INFO] - numpy allclose failed for abs_err 14.156932402444001 and rel_err 1.0
[2026-07-23 13:32:02,854][pytensor.tensor.type][INFO] - numpy allclose failed for abs_err 14.156932402444001 and rel_err 1.0
[2026-07-23 13:32:02,871][pymc.sampling.forward][INFO] - Sampling: []
[2026-07-23 13:32:02,952][pytensor.tensor.type][INFO] - numpy allclose failed for abs_err 14.156932402444001 and rel_err 1.0
[2026-07-23 13:32:02,952][pytensor.tensor.type][INFO] - numpy allclose failed for abs_err 14.156932402444001 and rel_err 1.0
[2026-07-23 13:32:02,954][pytensor.tensor.type][INFO] - numpy allclose failed for abs_err 14.156932402444001 and rel_err 1.0
[2026-07-23 13:32:02,964][pymc.sampling.forward][INFO] - Sampling: []
[2026-07-23 13:32:03,029][pytensor.tensor.type][INFO] - numpy allclose failed for abs_err 14.159063387675255 and rel_err 1.0
[2026-07-23 13:32:03,029][pytensor.tensor.type][INFO] - numpy allclose failed for abs_err 14.159063387675255 and rel_err 1.0
[2026-07-23 13:32:03,029][pytensor.tensor.type][INFO] - numpy allclose failed for abs_err 14.159063387675255 and rel_err 1.0
[2026-07-23 13:32:03,051][pymc.sampling.forward][INFO] - Sampling: []
[2026-07-23 13:32:03,134][pytensor.tensor.type][INFO] - numpy allclose failed for abs_err 15.816564369959801 and rel_err 1.0
[2026-07-23 13:32:03,134][pytensor.tensor.type][INFO] - numpy allclose failed for abs_err 15.816564369959801 and rel_err 1.0
[2026-07-23 13:32:03,135][pytensor.tensor.type][INFO] - numpy allclose failed for abs_err 15.816564369959801 and rel_err 1.0
[2026-07-23 13:32:03,147][pymc.sampling.forward][INFO] - Sampling: []
[2026-07-23 13:32:03,326][pytensor.tensor.type][INFO] - numpy allclose failed for abs_err 14.156932402444001 and rel_err 1.0
[2026-07-23 13:32:03,328][pytensor.tensor.type][INFO] - numpy allclose failed for abs_err 14.156932402444001 and rel_err 1.0
[2026-07-23 13:32:03,328][pytensor.tensor.type][INFO] - numpy allclose failed for abs_err 14.156932402444001 and rel_err 1.0
[2026-07-23 13:32:03,343][pymc.sampling.forward][INFO] - Sampling: []
[2026-07-23 13:32:03,425][pytensor.tensor.type][INFO] - numpy allclose failed for abs_err 14.156932402444001 and rel_err 1.0
[2026-07-23 13:32:03,426][pytensor.tensor.type][INFO] - numpy allclose failed for abs_err 14.156932402444001 and rel_err 1.0
[2026-07-23 13:32:03,426][pytensor.tensor.type][INFO] - numpy allclose failed for abs_err 14.156932402444001 and rel_err 1.0
[2026-07-23 13:32:03,439][pymc.sampling.forward][INFO] - Sampling: []
[2026-07-23 13:32:03,515][pytensor.tensor.type][INFO] - numpy allclose failed for abs_err 14.159063387675255 and rel_err 1.0
[2026-07-23 13:32:03,516][pytensor.tensor.type][INFO] - numpy allclose failed for abs_err 14.159063387675255 and rel_err 1.0
[2026-07-23 13:32:03,516][pytensor.tensor.type][INFO] - numpy allclose failed for abs_err 14.159063387675255 and rel_err 1.0
[2026-07-23 13:32:03,532][pymc.sampling.forward][INFO] - Sampling: []
[2026-07-23 13:32:03,607][pytensor.tensor.type][INFO] - numpy allclose failed for abs_err 15.816564369959801 and rel_err 1.0
[2026-07-23 13:32:03,608][pytensor.tensor.type][INFO] - numpy allclose failed for abs_err 15.816564369959801 and rel_err 1.0
[2026-07-23 13:32:03,608][pytensor.tensor.type][INFO] - numpy allclose failed for abs_err 15.816564369959801 and rel_err 1.0
[2026-07-23 13:32:03,619][pymc.sampling.forward][INFO] - Sampling: []
[2026-07-23 13:32:03,814][pytensor.tensor.type][INFO] - numpy allclose failed for abs_err 14.156932402444001 and rel_err 1.0
[2026-07-23 13:32:03,815][pytensor.tensor.type][INFO] - numpy allclose failed for abs_err 14.156932402444001 and rel_err 1.0
[2026-07-23 13:32:03,815][pytensor.tensor.type][INFO] - numpy allclose failed for abs_err 14.156932402444001 and rel_err 1.0
[2026-07-23 13:32:03,829][pymc.sampling.forward][INFO] - Sampling: []
[2026-07-23 13:32:03,913][pytensor.tensor.type][INFO] - numpy allclose failed for abs_err 14.156932402444001 and rel_err 1.0
[2026-07-23 13:32:03,913][pytensor.tensor.type][INFO] - numpy allclose failed for abs_err 14.156932402444001 and rel_err 1.0
[2026-07-23 13:32:03,914][pytensor.tensor.type][INFO] - numpy allclose failed for abs_err 14.156932402444001 and rel_err 1.0
[2026-07-23 13:32:03,928][pymc.sampling.forward][INFO] - Sampling: []
[2026-07-23 13:32:04,007][pytensor.tensor.type][INFO] - numpy allclose failed for abs_err 14.159063387675255 and rel_err 1.0
[2026-07-23 13:32:04,008][pytensor.tensor.type][INFO] - numpy allclose failed for abs_err 14.159063387675255 and rel_err 1.0
[2026-07-23 13:32:04,008][pytensor.tensor.type][INFO] - numpy allclose failed for abs_err 14.159063387675255 and rel_err 1.0
[2026-07-23 13:32:04,021][pymc.sampling.forward][INFO] - Sampling: []
[2026-07-23 13:32:04,106][pytensor.tensor.type][INFO] - numpy allclose failed for abs_err 15.816564369959801 and rel_err 1.0
[2026-07-23 13:32:04,106][pytensor.tensor.type][INFO] - numpy allclose failed for abs_err 15.816564369959801 and rel_err 1.0
[2026-07-23 13:32:04,106][pytensor.tensor.type][INFO] - numpy allclose failed for abs_err 15.816564369959801 and rel_err 1.0
[2026-07-23 13:32:04,121][pymc.sampling.forward][INFO] - Sampling: []
[2026-07-23 13:32:04,296][pytensor.tensor.type][INFO] - numpy allclose failed for abs_err 14.156932402444001 and rel_err 1.0
[2026-07-23 13:32:04,296][pytensor.tensor.type][INFO] - numpy allclose failed for abs_err 14.156932402444001 and rel_err 1.0
[2026-07-23 13:32:04,298][pytensor.tensor.type][INFO] - numpy allclose failed for abs_err 14.156932402444001 and rel_err 1.0
[2026-07-23 13:32:04,313][pymc.sampling.forward][INFO] - Sampling: []
[2026-07-23 13:32:04,394][pytensor.tensor.type][INFO] - numpy allclose failed for abs_err 14.156932402444001 and rel_err 1.0
[2026-07-23 13:32:04,395][pytensor.tensor.type][INFO] - numpy allclose failed for abs_err 14.156932402444001 and rel_err 1.0
[2026-07-23 13:32:04,395][pytensor.tensor.type][INFO] - numpy allclose failed for abs_err 14.156932402444001 and rel_err 1.0
[2026-07-23 13:32:04,409][pymc.sampling.forward][INFO] - Sampling: []
[2026-07-23 13:32:04,485][pytensor.tensor.type][INFO] - numpy allclose failed for abs_err 14.159063387675255 and rel_err 1.0
[2026-07-23 13:32:04,485][pytensor.tensor.type][INFO] - numpy allclose failed for abs_err 14.159063387675255 and rel_err 1.0
[2026-07-23 13:32:04,486][pytensor.tensor.type][INFO] - numpy allclose failed for abs_err 14.159063387675255 and rel_err 1.0
[2026-07-23 13:32:04,499][pymc.sampling.forward][INFO] - Sampling: []
[2026-07-23 13:32:04,572][pytensor.tensor.type][INFO] - numpy allclose failed for abs_err 15.816564369959801 and rel_err 1.0
[2026-07-23 13:32:04,572][pytensor.tensor.type][INFO] - numpy allclose failed for abs_err 15.816564369959801 and rel_err 1.0
[2026-07-23 13:32:04,572][pytensor.tensor.type][INFO] - numpy allclose failed for abs_err 15.816564369959801 and rel_err 1.0
[2026-07-23 13:32:04,586][pymc.sampling.forward][INFO] - Sampling: []
[2026-07-23 13:32:04,778][pytensor.tensor.type][INFO] - numpy allclose failed for abs_err 14.156932402444001 and rel_err 1.0
[2026-07-23 13:32:04,778][pytensor.tensor.type][INFO] - numpy allclose failed for abs_err 14.156932402444001 and rel_err 1.0
[2026-07-23 13:32:04,778][pytensor.tensor.type][INFO] - numpy allclose failed for abs_err 14.156932402444001 and rel_err 1.0
[2026-07-23 13:32:04,794][pymc.sampling.forward][INFO] - Sampling: []
[2026-07-23 13:32:04,880][pytensor.tensor.type][INFO] - numpy allclose failed for abs_err 14.156932402444001 and rel_err 1.0
[2026-07-23 13:32:04,880][pytensor.tensor.type][INFO] - numpy allclose failed for abs_err 14.156932402444001 and rel_err 1.0
[2026-07-23 13:32:04,881][pytensor.tensor.type][INFO] - numpy allclose failed for abs_err 14.156932402444001 and rel_err 1.0
[2026-07-23 13:32:04,895][pymc.sampling.forward][INFO] - Sampling: []
[2026-07-23 13:32:04,978][pytensor.tensor.type][INFO] - numpy allclose failed for abs_err 14.159063387675255 and rel_err 1.0
[2026-07-23 13:32:04,978][pytensor.tensor.type][INFO] - numpy allclose failed for abs_err 14.159063387675255 and rel_err 1.0
[2026-07-23 13:32:04,979][pytensor.tensor.type][INFO] - numpy allclose failed for abs_err 14.159063387675255 and rel_err 1.0
[2026-07-23 13:32:04,994][pymc.sampling.forward][INFO] - Sampling: []
[2026-07-23 13:32:05,068][pytensor.tensor.type][INFO] - numpy allclose failed for abs_err 15.816564369959801 and rel_err 1.0
[2026-07-23 13:32:05,069][pytensor.tensor.type][INFO] - numpy allclose failed for abs_err 15.816564369959801 and rel_err 1.0
[2026-07-23 13:32:05,069][pytensor.tensor.type][INFO] - numpy allclose failed for abs_err 15.816564369959801 and rel_err 1.0
[2026-07-23 13:32:05,081][pymc.sampling.forward][INFO] - Sampling: []
[2026-07-23 13:32:05,324][pymc.sampling.forward][INFO] - Sampling: []
[2026-07-23 13:32:05,407][pymc.sampling.forward][INFO] - Sampling: []
[2026-07-23 13:32:05,495][pymc.sampling.forward][INFO] - Sampling: []
[2026-07-23 13:32:05,573][pymc.sampling.forward][INFO] - Sampling: []
[2026-07-23 13:32:05,854][pymc.sampling.mcmc][INFO] - Initializing NUTS using jitter+adapt_diag...
[2026-07-23 13:32:06,171][pymc.sampling.mcmc][INFO] - Multiprocess sampling (4 chains in 4 jobs)
[2026-07-23 13:32:06,171][pymc.sampling.mcmc][INFO] - NUTS: [alpha, beta]
[2026-07-23 13:33:03,489][pymc.sampling.mcmc][INFO] - Sampling 4 chains for 1_000 tune and 1_000 draw iterations (4_000 + 4_000 draws total) took 57 seconds.
[2026-07-23 13:33:03,639][pymc.sampling.mcmc][INFO] - Initializing NUTS using jitter+adapt_diag...
[2026-07-23 13:33:04,368][pymc.sampling.mcmc][INFO] - Multiprocess sampling (4 chains in 4 jobs)
[2026-07-23 13:33:04,368][pymc.sampling.mcmc][INFO] - NUTS: [alpha, beta]
[2026-07-23 13:34:02,042][pymc.sampling.mcmc][INFO] - Sampling 4 chains for 1_000 tune and 1_000 draw iterations (4_000 + 4_000 draws total) took 58 seconds.
[2026-07-23 13:34:02,170][pymc.sampling.mcmc][INFO] - Initializing NUTS using jitter+adapt_diag...
[2026-07-23 13:34:02,473][pymc.sampling.mcmc][INFO] - Multiprocess sampling (4 chains in 4 jobs)
[2026-07-23 13:34:02,473][pymc.sampling.mcmc][INFO] - NUTS: [alpha, beta]
[2026-07-23 13:34:59,186][pymc.sampling.mcmc][INFO] - Sampling 4 chains for 1_000 tune and 1_000 draw iterations (4_000 + 4_000 draws total) took 57 seconds.
[2026-07-23 13:34:59,226][pytensor.tensor.type][INFO] - numpy allclose failed for abs_err 14.070211339783784 and rel_err 1.0
[2026-07-23 13:34:59,227][pytensor.tensor.type][INFO] - numpy allclose failed for abs_err 14.070211339783784 and rel_err 1.0
[2026-07-23 13:34:59,227][pytensor.tensor.type][INFO] - numpy allclose failed for abs_err 14.070211339783784 and rel_err 1.0
[2026-07-23 13:34:59,239][pymc.sampling.forward][INFO] - Sampling: []
[2026-07-23 13:34:59,300][pytensor.tensor.type][INFO] - numpy allclose failed for abs_err 26.924681950402373 and rel_err 1.0
[2026-07-23 13:34:59,300][pytensor.tensor.type][INFO] - numpy allclose failed for abs_err 26.924681950402373 and rel_err 1.0
[2026-07-23 13:34:59,300][pytensor.tensor.type][INFO] - numpy allclose failed for abs_err 26.924681950402373 and rel_err 1.0
[2026-07-23 13:34:59,312][pymc.sampling.forward][INFO] - Sampling: []
[2026-07-23 13:34:59,388][pytensor.tensor.type][INFO] - numpy allclose failed for abs_err 13.916080821318596 and rel_err 1.0
[2026-07-23 13:34:59,388][pytensor.tensor.type][INFO] - numpy allclose failed for abs_err 13.916080821318596 and rel_err 1.0
[2026-07-23 13:34:59,388][pytensor.tensor.type][INFO] - numpy allclose failed for abs_err 13.916080821318596 and rel_err 1.0
[2026-07-23 13:34:59,403][pymc.sampling.forward][INFO] - Sampling: []
[2026-07-23 13:34:59,470][pytensor.tensor.type][INFO] - numpy allclose failed for abs_err 14.619647789759606 and rel_err 1.0
[2026-07-23 13:34:59,471][pytensor.tensor.type][INFO] - numpy allclose failed for abs_err 14.619647789759606 and rel_err 1.0
[2026-07-23 13:34:59,471][pytensor.tensor.type][INFO] - numpy allclose failed for abs_err 14.619647789759606 and rel_err 1.0
[2026-07-23 13:34:59,484][pymc.sampling.forward][INFO] - Sampling: []
[2026-07-23 13:34:59,656][pytensor.tensor.type][INFO] - numpy allclose failed for abs_err 14.117711234850853 and rel_err 1.0
[2026-07-23 13:34:59,656][pytensor.tensor.type][INFO] - numpy allclose failed for abs_err 14.117711234850853 and rel_err 1.0
[2026-07-23 13:34:59,656][pytensor.tensor.type][INFO] - numpy allclose failed for abs_err 14.117711234850853 and rel_err 1.0
[2026-07-23 13:34:59,671][pymc.sampling.forward][INFO] - Sampling: []
[2026-07-23 13:34:59,743][pytensor.tensor.type][INFO] - numpy allclose failed for abs_err 14.070211339783784 and rel_err 1.0
[2026-07-23 13:34:59,743][pytensor.tensor.type][INFO] - numpy allclose failed for abs_err 14.070211339783784 and rel_err 1.0
[2026-07-23 13:34:59,744][pytensor.tensor.type][INFO] - numpy allclose failed for abs_err 14.070211339783784 and rel_err 1.0
[2026-07-23 13:34:59,758][pymc.sampling.forward][INFO] - Sampling: []
[2026-07-23 13:34:59,854][pytensor.tensor.type][INFO] - numpy allclose failed for abs_err 12.556254195020479 and rel_err 1.0
[2026-07-23 13:34:59,854][pytensor.tensor.type][INFO] - numpy allclose failed for abs_err 12.556254195020479 and rel_err 1.0
[2026-07-23 13:34:59,854][pytensor.tensor.type][INFO] - numpy allclose failed for abs_err 12.556254195020479 and rel_err 1.0
[2026-07-23 13:34:59,876][pymc.sampling.forward][INFO] - Sampling: []
[2026-07-23 13:34:59,953][pytensor.tensor.type][INFO] - numpy allclose failed for abs_err 16.053487587733237 and rel_err 1.0
[2026-07-23 13:34:59,954][pytensor.tensor.type][INFO] - numpy allclose failed for abs_err 16.053487587733237 and rel_err 1.0
[2026-07-23 13:34:59,954][pytensor.tensor.type][INFO] - numpy allclose failed for abs_err 16.053487587733237 and rel_err 1.0
[2026-07-23 13:34:59,968][pymc.sampling.forward][INFO] - Sampling: []
[2026-07-23 13:35:00,145][pytensor.tensor.type][INFO] - numpy allclose failed for abs_err 14.117711234850853 and rel_err 1.0
[2026-07-23 13:35:00,146][pytensor.tensor.type][INFO] - numpy allclose failed for abs_err 14.117711234850853 and rel_err 1.0
[2026-07-23 13:35:00,147][pytensor.tensor.type][INFO] - numpy allclose failed for abs_err 14.117711234850853 and rel_err 1.0
[2026-07-23 13:35:00,162][pymc.sampling.forward][INFO] - Sampling: []
[2026-07-23 13:35:00,243][pytensor.tensor.type][INFO] - numpy allclose failed for abs_err 14.117711234850853 and rel_err 1.0
[2026-07-23 13:35:00,243][pytensor.tensor.type][INFO] - numpy allclose failed for abs_err 14.117711234850853 and rel_err 1.0
[2026-07-23 13:35:00,243][pytensor.tensor.type][INFO] - numpy allclose failed for abs_err 14.117711234850853 and rel_err 1.0
[2026-07-23 13:35:00,260][pymc.sampling.forward][INFO] - Sampling: []
[2026-07-23 13:35:00,334][pytensor.tensor.type][INFO] - numpy allclose failed for abs_err 12.48770611171512 and rel_err 1.0
[2026-07-23 13:35:00,334][pytensor.tensor.type][INFO] - numpy allclose failed for abs_err 12.48770611171512 and rel_err 1.0
[2026-07-23 13:35:00,334][pytensor.tensor.type][INFO] - numpy allclose failed for abs_err 12.48770611171512 and rel_err 1.0
[2026-07-23 13:35:00,347][pymc.sampling.forward][INFO] - Sampling: []
[2026-07-23 13:35:00,419][pytensor.tensor.type][INFO] - numpy allclose failed for abs_err 14.523446489167329 and rel_err 1.0
[2026-07-23 13:35:00,420][pytensor.tensor.type][INFO] - numpy allclose failed for abs_err 14.523446489167329 and rel_err 1.0
[2026-07-23 13:35:00,421][pytensor.tensor.type][INFO] - numpy allclose failed for abs_err 14.523446489167329 and rel_err 1.0
[2026-07-23 13:35:00,434][pymc.sampling.forward][INFO] - Sampling: []
[2026-07-23 13:35:00,627][pytensor.tensor.type][INFO] - numpy allclose failed for abs_err 13.867697943015068 and rel_err 1.0
[2026-07-23 13:35:00,629][pytensor.tensor.type][INFO] - numpy allclose failed for abs_err 13.867697943015068 and rel_err 1.0
[2026-07-23 13:35:00,629][pytensor.tensor.type][INFO] - numpy allclose failed for abs_err 13.867697943015068 and rel_err 1.0
[2026-07-23 13:35:00,644][pymc.sampling.forward][INFO] - Sampling: []
[2026-07-23 13:35:00,716][pytensor.tensor.type][INFO] - numpy allclose failed for abs_err 13.856383670134514 and rel_err 1.0
[2026-07-23 13:35:00,717][pytensor.tensor.type][INFO] - numpy allclose failed for abs_err 13.856383670134514 and rel_err 1.0
[2026-07-23 13:35:00,717][pytensor.tensor.type][INFO] - numpy allclose failed for abs_err 13.856383670134514 and rel_err 1.0
[2026-07-23 13:35:00,721][pymc.sampling.forward][INFO] - Sampling: []
[2026-07-23 13:35:00,804][pytensor.tensor.type][INFO] - numpy allclose failed for abs_err 12.598881052778047 and rel_err 1.0
[2026-07-23 13:35:00,804][pytensor.tensor.type][INFO] - numpy allclose failed for abs_err 12.598881052778047 and rel_err 1.0
[2026-07-23 13:35:00,804][pytensor.tensor.type][INFO] - numpy allclose failed for abs_err 12.598881052778047 and rel_err 1.0
[2026-07-23 13:35:00,827][pymc.sampling.forward][INFO] - Sampling: []
[2026-07-23 13:35:00,905][pytensor.tensor.type][INFO] - numpy allclose failed for abs_err 16.053487587733237 and rel_err 1.0
[2026-07-23 13:35:00,906][pytensor.tensor.type][INFO] - numpy allclose failed for abs_err 16.053487587733237 and rel_err 1.0
[2026-07-23 13:35:00,906][pytensor.tensor.type][INFO] - numpy allclose failed for abs_err 16.053487587733237 and rel_err 1.0
[2026-07-23 13:35:00,919][pymc.sampling.forward][INFO] - Sampling: []
[2026-07-23 13:35:01,117][pytensor.tensor.type][INFO] - numpy allclose failed for abs_err 14.117711234850853 and rel_err 1.0
[2026-07-23 13:35:01,117][pytensor.tensor.type][INFO] - numpy allclose failed for abs_err 14.117711234850853 and rel_err 1.0
[2026-07-23 13:35:01,117][pytensor.tensor.type][INFO] - numpy allclose failed for abs_err 14.117711234850853 and rel_err 1.0
[2026-07-23 13:35:01,132][pymc.sampling.forward][INFO] - Sampling: []
[2026-07-23 13:35:01,209][pytensor.tensor.type][INFO] - numpy allclose failed for abs_err 13.845743287396546 and rel_err 1.0
[2026-07-23 13:35:01,211][pytensor.tensor.type][INFO] - numpy allclose failed for abs_err 13.845743287396546 and rel_err 1.0
[2026-07-23 13:35:01,211][pytensor.tensor.type][INFO] - numpy allclose failed for abs_err 13.845743287396546 and rel_err 1.0
[2026-07-23 13:35:01,224][pymc.sampling.forward][INFO] - Sampling: []
[2026-07-23 13:35:01,301][pytensor.tensor.type][INFO] - numpy allclose failed for abs_err 13.916080821318596 and rel_err 1.0
[2026-07-23 13:35:01,302][pytensor.tensor.type][INFO] - numpy allclose failed for abs_err 13.916080821318596 and rel_err 1.0
[2026-07-23 13:35:01,302][pytensor.tensor.type][INFO] - numpy allclose failed for abs_err 13.916080821318596 and rel_err 1.0
[2026-07-23 13:35:01,315][pymc.sampling.forward][INFO] - Sampling: []
[2026-07-23 13:35:01,388][pytensor.tensor.type][INFO] - numpy allclose failed for abs_err 16.053487587733237 and rel_err 1.0
[2026-07-23 13:35:01,388][pytensor.tensor.type][INFO] - numpy allclose failed for abs_err 16.053487587733237 and rel_err 1.0
[2026-07-23 13:35:01,388][pytensor.tensor.type][INFO] - numpy allclose failed for abs_err 16.053487587733237 and rel_err 1.0
[2026-07-23 13:35:01,408][pymc.sampling.forward][INFO] - Sampling: []
[2026-07-23 13:35:01,604][pytensor.tensor.type][INFO] - numpy allclose failed for abs_err 13.841672588181611 and rel_err 1.0
[2026-07-23 13:35:01,604][pytensor.tensor.type][INFO] - numpy allclose failed for abs_err 13.841672588181611 and rel_err 1.0
[2026-07-23 13:35:01,605][pytensor.tensor.type][INFO] - numpy allclose failed for abs_err 13.841672588181611 and rel_err 1.0
[2026-07-23 13:35:01,618][pymc.sampling.forward][INFO] - Sampling: []
[2026-07-23 13:35:01,698][pytensor.tensor.type][INFO] - numpy allclose failed for abs_err 13.863258708310243 and rel_err 1.0
[2026-07-23 13:35:01,698][pytensor.tensor.type][INFO] - numpy allclose failed for abs_err 13.863258708310243 and rel_err 1.0
[2026-07-23 13:35:01,699][pytensor.tensor.type][INFO] - numpy allclose failed for abs_err 13.863258708310243 and rel_err 1.0
[2026-07-23 13:35:01,711][pymc.sampling.forward][INFO] - Sampling: []
[2026-07-23 13:35:01,794][pytensor.tensor.type][INFO] - numpy allclose failed for abs_err 12.44623927955417 and rel_err 1.0
[2026-07-23 13:35:01,795][pytensor.tensor.type][INFO] - numpy allclose failed for abs_err 12.44623927955417 and rel_err 1.0
[2026-07-23 13:35:01,795][pytensor.tensor.type][INFO] - numpy allclose failed for abs_err 12.44623927955417 and rel_err 1.0
[2026-07-23 13:35:01,808][pymc.sampling.forward][INFO] - Sampling: []
[2026-07-23 13:35:01,892][pytensor.tensor.type][INFO] - numpy allclose failed for abs_err 16.053487587733237 and rel_err 1.0
[2026-07-23 13:35:01,892][pytensor.tensor.type][INFO] - numpy allclose failed for abs_err 16.053487587733237 and rel_err 1.0
[2026-07-23 13:35:01,893][pytensor.tensor.type][INFO] - numpy allclose failed for abs_err 16.053487587733237 and rel_err 1.0
[2026-07-23 13:35:01,904][pymc.sampling.forward][INFO] - Sampling: []
[2026-07-23 13:35:02,083][pytensor.tensor.type][INFO] - numpy allclose failed for abs_err 13.863258708310243 and rel_err 1.0
[2026-07-23 13:35:02,084][pytensor.tensor.type][INFO] - numpy allclose failed for abs_err 13.863258708310243 and rel_err 1.0
[2026-07-23 13:35:02,084][pytensor.tensor.type][INFO] - numpy allclose failed for abs_err 13.863258708310243 and rel_err 1.0
[2026-07-23 13:35:02,093][pymc.sampling.forward][INFO] - Sampling: []
[2026-07-23 13:35:02,178][pytensor.tensor.type][INFO] - numpy allclose failed for abs_err 14.117711234850853 and rel_err 1.0
[2026-07-23 13:35:02,180][pytensor.tensor.type][INFO] - numpy allclose failed for abs_err 14.117711234850853 and rel_err 1.0
[2026-07-23 13:35:02,180][pytensor.tensor.type][INFO] - numpy allclose failed for abs_err 14.117711234850853 and rel_err 1.0
[2026-07-23 13:35:02,194][pymc.sampling.forward][INFO] - Sampling: []
[2026-07-23 13:35:02,268][pytensor.tensor.type][INFO] - numpy allclose failed for abs_err 12.556254195020479 and rel_err 1.0
[2026-07-23 13:35:02,268][pytensor.tensor.type][INFO] - numpy allclose failed for abs_err 12.556254195020479 and rel_err 1.0
[2026-07-23 13:35:02,269][pytensor.tensor.type][INFO] - numpy allclose failed for abs_err 12.556254195020479 and rel_err 1.0
[2026-07-23 13:35:02,291][pymc.sampling.forward][INFO] - Sampling: []
[2026-07-23 13:35:02,380][pytensor.tensor.type][INFO] - numpy allclose failed for abs_err 14.523446489167329 and rel_err 1.0
[2026-07-23 13:35:02,381][pytensor.tensor.type][INFO] - numpy allclose failed for abs_err 14.523446489167329 and rel_err 1.0
[2026-07-23 13:35:02,381][pytensor.tensor.type][INFO] - numpy allclose failed for abs_err 14.523446489167329 and rel_err 1.0
[2026-07-23 13:35:02,393][pymc.sampling.forward][INFO] - Sampling: []
[2026-07-23 13:35:02,586][pytensor.tensor.type][INFO] - numpy allclose failed for abs_err 13.85220401362893 and rel_err 1.0
[2026-07-23 13:35:02,588][pytensor.tensor.type][INFO] - numpy allclose failed for abs_err 13.85220401362893 and rel_err 1.0
[2026-07-23 13:35:02,589][pytensor.tensor.type][INFO] - numpy allclose failed for abs_err 13.85220401362893 and rel_err 1.0
[2026-07-23 13:35:02,589][pymc.sampling.forward][INFO] - Sampling: []
[2026-07-23 13:35:02,671][pytensor.tensor.type][INFO] - numpy allclose failed for abs_err 14.070211339783784 and rel_err 1.0
[2026-07-23 13:35:02,671][pytensor.tensor.type][INFO] - numpy allclose failed for abs_err 14.070211339783784 and rel_err 1.0
[2026-07-23 13:35:02,671][pytensor.tensor.type][INFO] - numpy allclose failed for abs_err 14.070211339783784 and rel_err 1.0
[2026-07-23 13:35:02,690][pymc.sampling.forward][INFO] - Sampling: []
[2026-07-23 13:35:02,765][pytensor.tensor.type][INFO] - numpy allclose failed for abs_err 13.916080821318596 and rel_err 1.0
[2026-07-23 13:35:02,765][pytensor.tensor.type][INFO] - numpy allclose failed for abs_err 13.916080821318596 and rel_err 1.0
[2026-07-23 13:35:02,766][pytensor.tensor.type][INFO] - numpy allclose failed for abs_err 13.916080821318596 and rel_err 1.0
[2026-07-23 13:35:02,777][pymc.sampling.forward][INFO] - Sampling: []
[2026-07-23 13:35:02,854][pytensor.tensor.type][INFO] - numpy allclose failed for abs_err 16.053487587733237 and rel_err 1.0
[2026-07-23 13:35:02,854][pytensor.tensor.type][INFO] - numpy allclose failed for abs_err 16.053487587733237 and rel_err 1.0
[2026-07-23 13:35:02,854][pytensor.tensor.type][INFO] - numpy allclose failed for abs_err 16.053487587733237 and rel_err 1.0
[2026-07-23 13:35:02,869][pymc.sampling.forward][INFO] - Sampling: []
[2026-07-23 13:35:03,050][pytensor.tensor.type][INFO] - numpy allclose failed for abs_err 14.070211339783784 and rel_err 1.0
[2026-07-23 13:35:03,050][pytensor.tensor.type][INFO] - numpy allclose failed for abs_err 14.070211339783784 and rel_err 1.0
[2026-07-23 13:35:03,051][pytensor.tensor.type][INFO] - numpy allclose failed for abs_err 14.070211339783784 and rel_err 1.0
[2026-07-23 13:35:03,056][pymc.sampling.forward][INFO] - Sampling: []
[2026-07-23 13:35:03,150][pytensor.tensor.type][INFO] - numpy allclose failed for abs_err 14.070211339783784 and rel_err 1.0
[2026-07-23 13:35:03,151][pytensor.tensor.type][INFO] - numpy allclose failed for abs_err 14.070211339783784 and rel_err 1.0
[2026-07-23 13:35:03,151][pytensor.tensor.type][INFO] - numpy allclose failed for abs_err 14.070211339783784 and rel_err 1.0
[2026-07-23 13:35:03,165][pymc.sampling.forward][INFO] - Sampling: []
[2026-07-23 13:35:03,245][pytensor.tensor.type][INFO] - numpy allclose failed for abs_err 12.598881052778047 and rel_err 1.0
[2026-07-23 13:35:03,245][pytensor.tensor.type][INFO] - numpy allclose failed for abs_err 12.598881052778047 and rel_err 1.0
[2026-07-23 13:35:03,245][pytensor.tensor.type][INFO] - numpy allclose failed for abs_err 12.598881052778047 and rel_err 1.0
[2026-07-23 13:35:03,261][pymc.sampling.forward][INFO] - Sampling: []
[2026-07-23 13:35:03,337][pytensor.tensor.type][INFO] - numpy allclose failed for abs_err 14.523446489167329 and rel_err 1.0
[2026-07-23 13:35:03,337][pytensor.tensor.type][INFO] - numpy allclose failed for abs_err 14.523446489167329 and rel_err 1.0
[2026-07-23 13:35:03,337][pytensor.tensor.type][INFO] - numpy allclose failed for abs_err 14.523446489167329 and rel_err 1.0
[2026-07-23 13:35:03,355][pymc.sampling.forward][INFO] - Sampling: []
[2026-07-23 13:35:03,533][pytensor.tensor.type][INFO] - numpy allclose failed for abs_err 13.845743287396546 and rel_err 1.0
[2026-07-23 13:35:03,535][pytensor.tensor.type][INFO] - numpy allclose failed for abs_err 13.845743287396546 and rel_err 1.0
[2026-07-23 13:35:03,535][pytensor.tensor.type][INFO] - numpy allclose failed for abs_err 13.845743287396546 and rel_err 1.0
[2026-07-23 13:35:03,549][pymc.sampling.forward][INFO] - Sampling: []
[2026-07-23 13:35:03,629][pytensor.tensor.type][INFO] - numpy allclose failed for abs_err 13.841672588181611 and rel_err 1.0
[2026-07-23 13:35:03,629][pytensor.tensor.type][INFO] - numpy allclose failed for abs_err 13.841672588181611 and rel_err 1.0
[2026-07-23 13:35:03,629][pytensor.tensor.type][INFO] - numpy allclose failed for abs_err 13.841672588181611 and rel_err 1.0
[2026-07-23 13:35:03,645][pymc.sampling.forward][INFO] - Sampling: []
[2026-07-23 13:35:03,722][pytensor.tensor.type][INFO] - numpy allclose failed for abs_err 12.48459856395511 and rel_err 1.0
[2026-07-23 13:35:03,723][pytensor.tensor.type][INFO] - numpy allclose failed for abs_err 12.48459856395511 and rel_err 1.0
[2026-07-23 13:35:03,723][pytensor.tensor.type][INFO] - numpy allclose failed for abs_err 12.48459856395511 and rel_err 1.0
[2026-07-23 13:35:03,736][pymc.sampling.forward][INFO] - Sampling: []
[2026-07-23 13:35:03,810][pytensor.tensor.type][INFO] - numpy allclose failed for abs_err 16.053487587733237 and rel_err 1.0
[2026-07-23 13:35:03,810][pytensor.tensor.type][INFO] - numpy allclose failed for abs_err 16.053487587733237 and rel_err 1.0
[2026-07-23 13:35:03,811][pytensor.tensor.type][INFO] - numpy allclose failed for abs_err 16.053487587733237 and rel_err 1.0
[2026-07-23 13:35:03,824][pymc.sampling.forward][INFO] - Sampling: []
[2026-07-23 13:35:04,018][pymc.sampling.forward][INFO] - Sampling: []
[2026-07-23 13:35:04,107][pymc.sampling.forward][INFO] - Sampling: []
[2026-07-23 13:35:04,188][pymc.sampling.forward][INFO] - Sampling: []
[2026-07-23 13:35:04,272][pymc.sampling.forward][INFO] - Sampling: []
[2026-07-23 13:35:04,536][pymc.sampling.mcmc][INFO] - Initializing NUTS using jitter+adapt_diag...
[2026-07-23 13:35:04,857][pymc.sampling.mcmc][INFO] - Multiprocess sampling (4 chains in 4 jobs)
[2026-07-23 13:35:04,857][pymc.sampling.mcmc][INFO] - NUTS: [alpha, beta]
[2026-07-23 13:36:01,851][pymc.sampling.mcmc][INFO] - Sampling 4 chains for 1_000 tune and 1_000 draw iterations (4_000 + 4_000 draws total) took 57 seconds.
[2026-07-23 13:36:01,954][pymc.sampling.mcmc][INFO] - Initializing NUTS using jitter+adapt_diag...
[2026-07-23 13:36:02,281][pymc.sampling.mcmc][INFO] - Multiprocess sampling (4 chains in 4 jobs)
[2026-07-23 13:36:02,281][pymc.sampling.mcmc][INFO] - NUTS: [alpha, beta]
[2026-07-23 13:36:59,638][pymc.sampling.mcmc][INFO] - Sampling 4 chains for 1_000 tune and 1_000 draw iterations (4_000 + 4_000 draws total) took 57 seconds.
[2026-07-23 13:36:59,755][pymc.sampling.mcmc][INFO] - Initializing NUTS using jitter+adapt_diag...
[2026-07-23 13:37:00,074][pymc.sampling.mcmc][INFO] - Multiprocess sampling (4 chains in 4 jobs)
[2026-07-23 13:37:00,075][pymc.sampling.mcmc][INFO] - NUTS: [alpha, beta]
[2026-07-23 13:37:56,605][pymc.sampling.mcmc][INFO] - Sampling 4 chains for 1_000 tune and 1_000 draw iterations (4_000 + 4_000 draws total) took 57 seconds.
[2026-07-23 13:37:56,656][pytensor.tensor.type][INFO] - numpy allclose failed for abs_err 6.660951455181351 and rel_err 1.0
[2026-07-23 13:37:56,656][pytensor.tensor.type][INFO] - numpy allclose failed for abs_err 6.660951455181351 and rel_err 1.0
[2026-07-23 13:37:56,657][pytensor.tensor.type][INFO] - numpy allclose failed for abs_err 6.660951455181351 and rel_err 1.0
[2026-07-23 13:37:56,667][pymc.sampling.forward][INFO] - Sampling: []
[2026-07-23 13:37:56,729][pytensor.tensor.type][INFO] - numpy allclose failed for abs_err 6.660951455181351 and rel_err 1.0
[2026-07-23 13:37:56,729][pytensor.tensor.type][INFO] - numpy allclose failed for abs_err 6.660951455181351 and rel_err 1.0
[2026-07-23 13:37:56,730][pytensor.tensor.type][INFO] - numpy allclose failed for abs_err 6.660951455181351 and rel_err 1.0
[2026-07-23 13:37:56,740][pymc.sampling.forward][INFO] - Sampling: []
[2026-07-23 13:37:56,807][pytensor.tensor.type][INFO] - numpy allclose failed for abs_err 4.912864902468513 and rel_err 1.0
[2026-07-23 13:37:56,807][pytensor.tensor.type][INFO] - numpy allclose failed for abs_err 4.912864902468513 and rel_err 1.0
[2026-07-23 13:37:56,808][pytensor.tensor.type][INFO] - numpy allclose failed for abs_err 4.912864902468513 and rel_err 1.0
[2026-07-23 13:37:56,823][pymc.sampling.forward][INFO] - Sampling: []
[2026-07-23 13:37:56,918][pytensor.tensor.type][INFO] - numpy allclose failed for abs_err 7.73201752124458 and rel_err 1.0
[2026-07-23 13:37:56,919][pytensor.tensor.type][INFO] - numpy allclose failed for abs_err 7.73201752124458 and rel_err 1.0
[2026-07-23 13:37:56,919][pytensor.tensor.type][INFO] - numpy allclose failed for abs_err 7.73201752124458 and rel_err 1.0
[2026-07-23 13:37:56,929][pymc.sampling.forward][INFO] - Sampling: []
[2026-07-23 13:37:57,103][pytensor.tensor.type][INFO] - numpy allclose failed for abs_err 6.608807968754464 and rel_err 1.0
[2026-07-23 13:37:57,103][pytensor.tensor.type][INFO] - numpy allclose failed for abs_err 6.608807968754464 and rel_err 1.0
[2026-07-23 13:37:57,104][pytensor.tensor.type][INFO] - numpy allclose failed for abs_err 6.608807968754464 and rel_err 1.0
[2026-07-23 13:37:57,107][pymc.sampling.forward][INFO] - Sampling: []
[2026-07-23 13:37:57,201][pytensor.tensor.type][INFO] - numpy allclose failed for abs_err 6.608807968754464 and rel_err 1.0
[2026-07-23 13:37:57,201][pytensor.tensor.type][INFO] - numpy allclose failed for abs_err 6.608807968754464 and rel_err 1.0
[2026-07-23 13:37:57,202][pytensor.tensor.type][INFO] - numpy allclose failed for abs_err 6.608807968754464 and rel_err 1.0
[2026-07-23 13:37:57,210][pymc.sampling.forward][INFO] - Sampling: []
[2026-07-23 13:37:57,270][pytensor.tensor.type][INFO] - numpy allclose failed for abs_err 6.050283511386921 and rel_err 1.0
[2026-07-23 13:37:57,270][pytensor.tensor.type][INFO] - numpy allclose failed for abs_err 6.050283511386921 and rel_err 1.0
[2026-07-23 13:37:57,270][pytensor.tensor.type][INFO] - numpy allclose failed for abs_err 6.050283511386921 and rel_err 1.0
[2026-07-23 13:37:57,293][pymc.sampling.forward][INFO] - Sampling: []
[2026-07-23 13:37:57,353][pytensor.tensor.type][INFO] - numpy allclose failed for abs_err 9.040983442646557 and rel_err 1.0
[2026-07-23 13:37:57,353][pytensor.tensor.type][INFO] - numpy allclose failed for abs_err 9.040983442646557 and rel_err 1.0
[2026-07-23 13:37:57,353][pytensor.tensor.type][INFO] - numpy allclose failed for abs_err 9.040983442646557 and rel_err 1.0
[2026-07-23 13:37:57,369][pymc.sampling.forward][INFO] - Sampling: []
[2026-07-23 13:37:57,554][pytensor.tensor.type][INFO] - numpy allclose failed for abs_err 6.649119635170212 and rel_err 1.0
[2026-07-23 13:37:57,554][pytensor.tensor.type][INFO] - numpy allclose failed for abs_err 6.649119635170212 and rel_err 1.0
[2026-07-23 13:37:57,554][pytensor.tensor.type][INFO] - numpy allclose failed for abs_err 6.649119635170212 and rel_err 1.0
[2026-07-23 13:37:57,571][pymc.sampling.forward][INFO] - Sampling: []
[2026-07-23 13:37:57,645][pytensor.tensor.type][INFO] - numpy allclose failed for abs_err 6.649119635170212 and rel_err 1.0
[2026-07-23 13:37:57,645][pytensor.tensor.type][INFO] - numpy allclose failed for abs_err 6.649119635170212 and rel_err 1.0
[2026-07-23 13:37:57,646][pytensor.tensor.type][INFO] - numpy allclose failed for abs_err 6.649119635170212 and rel_err 1.0
[2026-07-23 13:37:57,661][pymc.sampling.forward][INFO] - Sampling: []
[2026-07-23 13:37:57,734][pytensor.tensor.type][INFO] - numpy allclose failed for abs_err 7.5064628341038 and rel_err 1.0
[2026-07-23 13:37:57,734][pytensor.tensor.type][INFO] - numpy allclose failed for abs_err 7.5064628341038 and rel_err 1.0
[2026-07-23 13:37:57,735][pytensor.tensor.type][INFO] - numpy allclose failed for abs_err 7.5064628341038 and rel_err 1.0
[2026-07-23 13:37:57,736][pymc.sampling.forward][INFO] - Sampling: []
[2026-07-23 13:37:57,817][pytensor.tensor.type][INFO] - numpy allclose failed for abs_err 7.222378476354074 and rel_err 1.0
[2026-07-23 13:37:57,817][pytensor.tensor.type][INFO] - numpy allclose failed for abs_err 7.222378476354074 and rel_err 1.0
[2026-07-23 13:37:57,817][pytensor.tensor.type][INFO] - numpy allclose failed for abs_err 7.222378476354074 and rel_err 1.0
[2026-07-23 13:37:57,831][pymc.sampling.forward][INFO] - Sampling: []
[2026-07-23 13:37:58,010][pytensor.tensor.type][INFO] - numpy allclose failed for abs_err 6.650517483299485 and rel_err 1.0
[2026-07-23 13:37:58,010][pytensor.tensor.type][INFO] - numpy allclose failed for abs_err 6.650517483299485 and rel_err 1.0
[2026-07-23 13:37:58,012][pytensor.tensor.type][INFO] - numpy allclose failed for abs_err 6.650517483299485 and rel_err 1.0
[2026-07-23 13:37:58,031][pymc.sampling.forward][INFO] - Sampling: []
[2026-07-23 13:37:58,115][pytensor.tensor.type][INFO] - numpy allclose failed for abs_err 6.650517483299485 and rel_err 1.0
[2026-07-23 13:37:58,115][pytensor.tensor.type][INFO] - numpy allclose failed for abs_err 6.650517483299485 and rel_err 1.0
[2026-07-23 13:37:58,115][pytensor.tensor.type][INFO] - numpy allclose failed for abs_err 6.650517483299485 and rel_err 1.0
[2026-07-23 13:37:58,120][pymc.sampling.forward][INFO] - Sampling: []
[2026-07-23 13:37:58,189][pytensor.tensor.type][INFO] - numpy allclose failed for abs_err 5.753174265132953 and rel_err 1.0
[2026-07-23 13:37:58,189][pytensor.tensor.type][INFO] - numpy allclose failed for abs_err 5.753174265132953 and rel_err 1.0
[2026-07-23 13:37:58,189][pytensor.tensor.type][INFO] - numpy allclose failed for abs_err 5.753174265132953 and rel_err 1.0
[2026-07-23 13:37:58,211][pymc.sampling.forward][INFO] - Sampling: []
[2026-07-23 13:37:58,285][pytensor.tensor.type][INFO] - numpy allclose failed for abs_err 7.151631481217692 and rel_err 1.0
[2026-07-23 13:37:58,285][pytensor.tensor.type][INFO] - numpy allclose failed for abs_err 7.151631481217692 and rel_err 1.0
[2026-07-23 13:37:58,289][pytensor.tensor.type][INFO] - numpy allclose failed for abs_err 7.151631481217692 and rel_err 1.0
[2026-07-23 13:37:58,301][pymc.sampling.forward][INFO] - Sampling: []
[2026-07-23 13:37:58,486][pytensor.tensor.type][INFO] - numpy allclose failed for abs_err 6.646214683597794 and rel_err 1.0
[2026-07-23 13:37:58,487][pytensor.tensor.type][INFO] - numpy allclose failed for abs_err 6.646214683597794 and rel_err 1.0
[2026-07-23 13:37:58,487][pytensor.tensor.type][INFO] - numpy allclose failed for abs_err 6.646214683597794 and rel_err 1.0
[2026-07-23 13:37:58,503][pymc.sampling.forward][INFO] - Sampling: []
[2026-07-23 13:37:58,581][pytensor.tensor.type][INFO] - numpy allclose failed for abs_err 6.646214683597794 and rel_err 1.0
[2026-07-23 13:37:58,582][pytensor.tensor.type][INFO] - numpy allclose failed for abs_err 6.646214683597794 and rel_err 1.0
[2026-07-23 13:37:58,582][pytensor.tensor.type][INFO] - numpy allclose failed for abs_err 6.646214683597794 and rel_err 1.0
[2026-07-23 13:37:58,593][pymc.sampling.forward][INFO] - Sampling: []
[2026-07-23 13:37:58,676][pytensor.tensor.type][INFO] - numpy allclose failed for abs_err 5.095446411275959 and rel_err 1.0
[2026-07-23 13:37:58,676][pytensor.tensor.type][INFO] - numpy allclose failed for abs_err 5.095446411275959 and rel_err 1.0
[2026-07-23 13:37:58,676][pytensor.tensor.type][INFO] - numpy allclose failed for abs_err 5.095446411275959 and rel_err 1.0
[2026-07-23 13:37:58,688][pymc.sampling.forward][INFO] - Sampling: []
[2026-07-23 13:37:58,766][pytensor.tensor.type][INFO] - numpy allclose failed for abs_err 7.273662191440039 and rel_err 1.0
[2026-07-23 13:37:58,767][pytensor.tensor.type][INFO] - numpy allclose failed for abs_err 7.273662191440039 and rel_err 1.0
[2026-07-23 13:37:58,767][pytensor.tensor.type][INFO] - numpy allclose failed for abs_err 7.273662191440039 and rel_err 1.0
[2026-07-23 13:37:58,779][pymc.sampling.forward][INFO] - Sampling: []
[2026-07-23 13:37:58,960][pytensor.tensor.type][INFO] - numpy allclose failed for abs_err 6.808791182362007 and rel_err 1.0
[2026-07-23 13:37:58,960][pytensor.tensor.type][INFO] - numpy allclose failed for abs_err 6.808791182362007 and rel_err 1.0
[2026-07-23 13:37:58,964][pytensor.tensor.type][INFO] - numpy allclose failed for abs_err 6.808791182362007 and rel_err 1.0
[2026-07-23 13:37:58,979][pymc.sampling.forward][INFO] - Sampling: []
[2026-07-23 13:37:59,063][pytensor.tensor.type][INFO] - numpy allclose failed for abs_err 6.808791182362007 and rel_err 1.0
[2026-07-23 13:37:59,064][pytensor.tensor.type][INFO] - numpy allclose failed for abs_err 6.808791182362007 and rel_err 1.0
[2026-07-23 13:37:59,064][pytensor.tensor.type][INFO] - numpy allclose failed for abs_err 6.808791182362007 and rel_err 1.0
[2026-07-23 13:37:59,078][pymc.sampling.forward][INFO] - Sampling: []
[2026-07-23 13:37:59,149][pytensor.tensor.type][INFO] - numpy allclose failed for abs_err 5.943628032909443 and rel_err 1.0
[2026-07-23 13:37:59,149][pytensor.tensor.type][INFO] - numpy allclose failed for abs_err 5.943628032909443 and rel_err 1.0
[2026-07-23 13:37:59,149][pytensor.tensor.type][INFO] - numpy allclose failed for abs_err 5.943628032909443 and rel_err 1.0
[2026-07-23 13:37:59,164][pymc.sampling.forward][INFO] - Sampling: []
[2026-07-23 13:37:59,240][pytensor.tensor.type][INFO] - numpy allclose failed for abs_err 8.370913603285803 and rel_err 1.0
[2026-07-23 13:37:59,240][pytensor.tensor.type][INFO] - numpy allclose failed for abs_err 8.370913603285803 and rel_err 1.0
[2026-07-23 13:37:59,240][pytensor.tensor.type][INFO] - numpy allclose failed for abs_err 8.370913603285803 and rel_err 1.0
[2026-07-23 13:37:59,265][pymc.sampling.forward][INFO] - Sampling: []
[2026-07-23 13:37:59,468][pytensor.tensor.type][INFO] - numpy allclose failed for abs_err 6.588385033268624 and rel_err 1.0
[2026-07-23 13:37:59,468][pytensor.tensor.type][INFO] - numpy allclose failed for abs_err 6.588385033268624 and rel_err 1.0
[2026-07-23 13:37:59,468][pytensor.tensor.type][INFO] - numpy allclose failed for abs_err 6.588385033268624 and rel_err 1.0
[2026-07-23 13:37:59,487][pymc.sampling.forward][INFO] - Sampling: []
[2026-07-23 13:37:59,563][pytensor.tensor.type][INFO] - numpy allclose failed for abs_err 6.588385033268624 and rel_err 1.0
[2026-07-23 13:37:59,563][pytensor.tensor.type][INFO] - numpy allclose failed for abs_err 6.588385033268624 and rel_err 1.0
[2026-07-23 13:37:59,564][pytensor.tensor.type][INFO] - numpy allclose failed for abs_err 6.588385033268624 and rel_err 1.0
[2026-07-23 13:37:59,578][pymc.sampling.forward][INFO] - Sampling: []
[2026-07-23 13:37:59,653][pytensor.tensor.type][INFO] - numpy allclose failed for abs_err 5.446367186356835 and rel_err 1.0
[2026-07-23 13:37:59,653][pytensor.tensor.type][INFO] - numpy allclose failed for abs_err 5.446367186356835 and rel_err 1.0
[2026-07-23 13:37:59,654][pytensor.tensor.type][INFO] - numpy allclose failed for abs_err 5.446367186356835 and rel_err 1.0
[2026-07-23 13:37:59,667][pymc.sampling.forward][INFO] - Sampling: []
[2026-07-23 13:37:59,741][pytensor.tensor.type][INFO] - numpy allclose failed for abs_err 7.805421330908789 and rel_err 1.0
[2026-07-23 13:37:59,741][pytensor.tensor.type][INFO] - numpy allclose failed for abs_err 7.805421330908789 and rel_err 1.0
[2026-07-23 13:37:59,741][pytensor.tensor.type][INFO] - numpy allclose failed for abs_err 7.805421330908789 and rel_err 1.0
[2026-07-23 13:37:59,758][pymc.sampling.forward][INFO] - Sampling: []
[2026-07-23 13:37:59,938][pytensor.tensor.type][INFO] - numpy allclose failed for abs_err 6.8026164391865 and rel_err 1.0
[2026-07-23 13:37:59,938][pytensor.tensor.type][INFO] - numpy allclose failed for abs_err 6.8026164391865 and rel_err 1.0
[2026-07-23 13:37:59,939][pytensor.tensor.type][INFO] - numpy allclose failed for abs_err 6.8026164391865 and rel_err 1.0
[2026-07-23 13:37:59,955][pymc.sampling.forward][INFO] - Sampling: []
[2026-07-23 13:38:00,032][pytensor.tensor.type][INFO] - numpy allclose failed for abs_err 6.8026164391865 and rel_err 1.0
[2026-07-23 13:38:00,032][pytensor.tensor.type][INFO] - numpy allclose failed for abs_err 6.8026164391865 and rel_err 1.0
[2026-07-23 13:38:00,033][pytensor.tensor.type][INFO] - numpy allclose failed for abs_err 6.8026164391865 and rel_err 1.0
[2026-07-23 13:38:00,045][pymc.sampling.forward][INFO] - Sampling: []
[2026-07-23 13:38:00,120][pytensor.tensor.type][INFO] - numpy allclose failed for abs_err 5.187359293209125 and rel_err 1.0
[2026-07-23 13:38:00,120][pytensor.tensor.type][INFO] - numpy allclose failed for abs_err 5.187359293209125 and rel_err 1.0
[2026-07-23 13:38:00,120][pytensor.tensor.type][INFO] - numpy allclose failed for abs_err 5.187359293209125 and rel_err 1.0
[2026-07-23 13:38:00,137][pymc.sampling.forward][INFO] - Sampling: []
[2026-07-23 13:38:00,210][pytensor.tensor.type][INFO] - numpy allclose failed for abs_err 7.278446411738254 and rel_err 1.0
[2026-07-23 13:38:00,211][pytensor.tensor.type][INFO] - numpy allclose failed for abs_err 7.278446411738254 and rel_err 1.0
[2026-07-23 13:38:00,211][pytensor.tensor.type][INFO] - numpy allclose failed for abs_err 7.278446411738254 and rel_err 1.0
[2026-07-23 13:38:00,225][pymc.sampling.forward][INFO] - Sampling: []
[2026-07-23 13:38:00,410][pytensor.tensor.type][INFO] - numpy allclose failed for abs_err 6.784166059814857 and rel_err 1.0
[2026-07-23 13:38:00,412][pytensor.tensor.type][INFO] - numpy allclose failed for abs_err 6.784166059814857 and rel_err 1.0
[2026-07-23 13:38:00,412][pytensor.tensor.type][INFO] - numpy allclose failed for abs_err 6.784166059814857 and rel_err 1.0
[2026-07-23 13:38:00,428][pymc.sampling.forward][INFO] - Sampling: []
[2026-07-23 13:38:00,504][pytensor.tensor.type][INFO] - numpy allclose failed for abs_err 6.784166059814857 and rel_err 1.0
[2026-07-23 13:38:00,504][pytensor.tensor.type][INFO] - numpy allclose failed for abs_err 6.784166059814857 and rel_err 1.0
[2026-07-23 13:38:00,505][pytensor.tensor.type][INFO] - numpy allclose failed for abs_err 6.784166059814857 and rel_err 1.0
[2026-07-23 13:38:00,519][pymc.sampling.forward][INFO] - Sampling: []
[2026-07-23 13:38:00,597][pytensor.tensor.type][INFO] - numpy allclose failed for abs_err 5.610957701908161 and rel_err 1.0
[2026-07-23 13:38:00,598][pytensor.tensor.type][INFO] - numpy allclose failed for abs_err 5.610957701908161 and rel_err 1.0
[2026-07-23 13:38:00,598][pytensor.tensor.type][INFO] - numpy allclose failed for abs_err 5.610957701908161 and rel_err 1.0
[2026-07-23 13:38:00,612][pymc.sampling.forward][INFO] - Sampling: []
[2026-07-23 13:38:00,690][pytensor.tensor.type][INFO] - numpy allclose failed for abs_err 8.714571335295691 and rel_err 1.0
[2026-07-23 13:38:00,690][pytensor.tensor.type][INFO] - numpy allclose failed for abs_err 8.714571335295691 and rel_err 1.0
[2026-07-23 13:38:00,692][pytensor.tensor.type][INFO] - numpy allclose failed for abs_err 8.714571335295691 and rel_err 1.0
[2026-07-23 13:38:00,703][pymc.sampling.forward][INFO] - Sampling: []
[2026-07-23 13:38:00,884][pytensor.tensor.type][INFO] - numpy allclose failed for abs_err 6.820100746475624 and rel_err 1.0
[2026-07-23 13:38:00,884][pytensor.tensor.type][INFO] - numpy allclose failed for abs_err 6.820100746475624 and rel_err 1.0
[2026-07-23 13:38:00,885][pytensor.tensor.type][INFO] - numpy allclose failed for abs_err 6.820100746475624 and rel_err 1.0
[2026-07-23 13:38:00,902][pymc.sampling.forward][INFO] - Sampling: []
[2026-07-23 13:38:00,983][pytensor.tensor.type][INFO] - numpy allclose failed for abs_err 6.820100746475624 and rel_err 1.0
[2026-07-23 13:38:00,984][pytensor.tensor.type][INFO] - numpy allclose failed for abs_err 6.820100746475624 and rel_err 1.0
[2026-07-23 13:38:00,984][pytensor.tensor.type][INFO] - numpy allclose failed for abs_err 6.820100746475624 and rel_err 1.0
[2026-07-23 13:38:00,996][pymc.sampling.forward][INFO] - Sampling: []
[2026-07-23 13:38:01,074][pytensor.tensor.type][INFO] - numpy allclose failed for abs_err 5.234195430980732 and rel_err 1.0
[2026-07-23 13:38:01,074][pytensor.tensor.type][INFO] - numpy allclose failed for abs_err 5.234195430980732 and rel_err 1.0
[2026-07-23 13:38:01,076][pytensor.tensor.type][INFO] - numpy allclose failed for abs_err 5.234195430980732 and rel_err 1.0
[2026-07-23 13:38:01,088][pymc.sampling.forward][INFO] - Sampling: []
[2026-07-23 13:38:01,170][pytensor.tensor.type][INFO] - numpy allclose failed for abs_err 8.069712688126067 and rel_err 1.0
[2026-07-23 13:38:01,170][pytensor.tensor.type][INFO] - numpy allclose failed for abs_err 8.069712688126067 and rel_err 1.0
[2026-07-23 13:38:01,170][pytensor.tensor.type][INFO] - numpy allclose failed for abs_err 8.069712688126067 and rel_err 1.0
[2026-07-23 13:38:01,185][pymc.sampling.forward][INFO] - Sampling: []
[2026-07-23 13:38:01,390][pymc.sampling.forward][INFO] - Sampling: []
[2026-07-23 13:38:01,486][pymc.sampling.forward][INFO] - Sampling: []
[2026-07-23 13:38:01,936][pymc.sampling.forward][INFO] - Sampling: []
[2026-07-23 13:38:02,024][pymc.sampling.forward][INFO] - Sampling: []
[2026-07-23 13:38:02,310][pymc.sampling.mcmc][INFO] - Initializing NUTS using jitter+adapt_diag...
[2026-07-23 13:38:02,611][pymc.sampling.mcmc][INFO] - Multiprocess sampling (4 chains in 4 jobs)
[2026-07-23 13:38:02,611][pymc.sampling.mcmc][INFO] - NUTS: [alpha, beta]
[2026-07-23 13:38:59,671][pymc.sampling.mcmc][INFO] - Sampling 4 chains for 1_000 tune and 1_000 draw iterations (4_000 + 4_000 draws total) took 57 seconds.
[2026-07-23 13:38:59,785][pymc.sampling.mcmc][INFO] - Initializing NUTS using jitter+adapt_diag...
[2026-07-23 13:39:00,088][pymc.sampling.mcmc][INFO] - Multiprocess sampling (4 chains in 4 jobs)
[2026-07-23 13:39:00,088][pymc.sampling.mcmc][INFO] - NUTS: [alpha, beta]
[2026-07-23 13:39:57,325][pymc.sampling.mcmc][INFO] - Sampling 4 chains for 1_000 tune and 1_000 draw iterations (4_000 + 4_000 draws total) took 57 seconds.
[2026-07-23 13:39:57,450][pymc.sampling.mcmc][INFO] - Initializing NUTS using jitter+adapt_diag...
[2026-07-23 13:39:57,754][pymc.sampling.mcmc][INFO] - Multiprocess sampling (4 chains in 4 jobs)
[2026-07-23 13:39:57,754][pymc.sampling.mcmc][INFO] - NUTS: [alpha, beta]
[2026-07-23 13:40:54,450][pymc.sampling.mcmc][INFO] - Sampling 4 chains for 1_000 tune and 1_000 draw iterations (4_000 + 4_000 draws total) took 57 seconds.
[2026-07-23 13:40:54,485][pytensor.tensor.type][INFO] - numpy allclose failed for abs_err 6.24101440998261 and rel_err 1.0
[2026-07-23 13:40:54,485][pytensor.tensor.type][INFO] - numpy allclose failed for abs_err 6.24101440998261 and rel_err 1.0
[2026-07-23 13:40:54,489][pytensor.tensor.type][INFO] - numpy allclose failed for abs_err 6.24101440998261 and rel_err 1.0
[2026-07-23 13:40:54,501][pymc.sampling.forward][INFO] - Sampling: []
[2026-07-23 13:40:54,562][pytensor.tensor.type][INFO] - numpy allclose failed for abs_err 6.320291388952184 and rel_err 1.0
[2026-07-23 13:40:54,562][pytensor.tensor.type][INFO] - numpy allclose failed for abs_err 6.320291388952184 and rel_err 1.0
[2026-07-23 13:40:54,562][pytensor.tensor.type][INFO] - numpy allclose failed for abs_err 6.320291388952184 and rel_err 1.0
[2026-07-23 13:40:54,571][pymc.sampling.forward][INFO] - Sampling: []
[2026-07-23 13:40:54,651][pytensor.tensor.type][INFO] - numpy allclose failed for abs_err 5.286926187127024 and rel_err 1.0
[2026-07-23 13:40:54,651][pytensor.tensor.type][INFO] - numpy allclose failed for abs_err 5.286926187127024 and rel_err 1.0
[2026-07-23 13:40:54,651][pytensor.tensor.type][INFO] - numpy allclose failed for abs_err 5.286926187127024 and rel_err 1.0
[2026-07-23 13:40:54,667][pymc.sampling.forward][INFO] - Sampling: []
[2026-07-23 13:40:54,740][pytensor.tensor.type][INFO] - numpy allclose failed for abs_err 7.0333984049923455 and rel_err 1.0
[2026-07-23 13:40:54,741][pytensor.tensor.type][INFO] - numpy allclose failed for abs_err 7.0333984049923455 and rel_err 1.0
[2026-07-23 13:40:54,741][pytensor.tensor.type][INFO] - numpy allclose failed for abs_err 7.0333984049923455 and rel_err 1.0
[2026-07-23 13:40:54,755][pymc.sampling.forward][INFO] - Sampling: []
[2026-07-23 13:40:54,931][pytensor.tensor.type][INFO] - numpy allclose failed for abs_err 5.472597764935256 and rel_err 1.0
[2026-07-23 13:40:54,931][pytensor.tensor.type][INFO] - numpy allclose failed for abs_err 5.472597764935256 and rel_err 1.0
[2026-07-23 13:40:54,932][pytensor.tensor.type][INFO] - numpy allclose failed for abs_err 5.472597764935256 and rel_err 1.0
[2026-07-23 13:40:54,938][pymc.sampling.forward][INFO] - Sampling: []
[2026-07-23 13:40:55,035][pytensor.tensor.type][INFO] - numpy allclose failed for abs_err 5.457295285668136 and rel_err 1.0
[2026-07-23 13:40:55,035][pytensor.tensor.type][INFO] - numpy allclose failed for abs_err 5.457295285668136 and rel_err 1.0
[2026-07-23 13:40:55,035][pytensor.tensor.type][INFO] - numpy allclose failed for abs_err 5.457295285668136 and rel_err 1.0
[2026-07-23 13:40:55,041][pymc.sampling.forward][INFO] - Sampling: []
[2026-07-23 13:40:55,118][pytensor.tensor.type][INFO] - numpy allclose failed for abs_err 3.935983613774622 and rel_err 1.0
[2026-07-23 13:40:55,118][pytensor.tensor.type][INFO] - numpy allclose failed for abs_err 3.935983613774622 and rel_err 1.0
[2026-07-23 13:40:55,118][pytensor.tensor.type][INFO] - numpy allclose failed for abs_err 3.935983613774622 and rel_err 1.0
[2026-07-23 13:40:55,139][pymc.sampling.forward][INFO] - Sampling: []
[2026-07-23 13:40:55,225][pytensor.tensor.type][INFO] - numpy allclose failed for abs_err 7.810288444436315 and rel_err 1.0
[2026-07-23 13:40:55,225][pytensor.tensor.type][INFO] - numpy allclose failed for abs_err 7.810288444436315 and rel_err 1.0
[2026-07-23 13:40:55,226][pytensor.tensor.type][INFO] - numpy allclose failed for abs_err 7.810288444436315 and rel_err 1.0
[2026-07-23 13:40:55,238][pymc.sampling.forward][INFO] - Sampling: []
[2026-07-23 13:40:55,435][pytensor.tensor.type][INFO] - numpy allclose failed for abs_err 6.206270028078008 and rel_err 1.0
[2026-07-23 13:40:55,435][pytensor.tensor.type][INFO] - numpy allclose failed for abs_err 6.206270028078008 and rel_err 1.0
[2026-07-23 13:40:55,435][pytensor.tensor.type][INFO] - numpy allclose failed for abs_err 6.206270028078008 and rel_err 1.0
[2026-07-23 13:40:55,436][pymc.sampling.forward][INFO] - Sampling: []
[2026-07-23 13:40:55,524][pytensor.tensor.type][INFO] - numpy allclose failed for abs_err 6.212152529680181 and rel_err 1.0
[2026-07-23 13:40:55,525][pytensor.tensor.type][INFO] - numpy allclose failed for abs_err 6.212152529680181 and rel_err 1.0
[2026-07-23 13:40:55,525][pytensor.tensor.type][INFO] - numpy allclose failed for abs_err 6.212152529680181 and rel_err 1.0
[2026-07-23 13:40:55,539][pymc.sampling.forward][INFO] - Sampling: []
[2026-07-23 13:40:55,614][pytensor.tensor.type][INFO] - numpy allclose failed for abs_err 3.5278234263647064 and rel_err 1.0
[2026-07-23 13:40:55,615][pytensor.tensor.type][INFO] - numpy allclose failed for abs_err 3.5278234263647064 and rel_err 1.0
[2026-07-23 13:40:55,615][pytensor.tensor.type][INFO] - numpy allclose failed for abs_err 3.5278234263647064 and rel_err 1.0
[2026-07-23 13:40:55,628][pymc.sampling.forward][INFO] - Sampling: []
[2026-07-23 13:40:55,701][pytensor.tensor.type][INFO] - numpy allclose failed for abs_err 5.440191641724828 and rel_err 1.0
[2026-07-23 13:40:55,701][pytensor.tensor.type][INFO] - numpy allclose failed for abs_err 5.440191641724828 and rel_err 1.0
[2026-07-23 13:40:55,701][pytensor.tensor.type][INFO] - numpy allclose failed for abs_err 5.440191641724828 and rel_err 1.0
[2026-07-23 13:40:55,705][pymc.sampling.forward][INFO] - Sampling: []
[2026-07-23 13:40:55,905][pytensor.tensor.type][INFO] - numpy allclose failed for abs_err 6.253064144575048 and rel_err 1.0
[2026-07-23 13:40:55,907][pytensor.tensor.type][INFO] - numpy allclose failed for abs_err 6.253064144575048 and rel_err 1.0
[2026-07-23 13:40:55,907][pytensor.tensor.type][INFO] - numpy allclose failed for abs_err 6.253064144575048 and rel_err 1.0
[2026-07-23 13:40:55,923][pymc.sampling.forward][INFO] - Sampling: []
[2026-07-23 13:40:55,997][pytensor.tensor.type][INFO] - numpy allclose failed for abs_err 6.192671287977148 and rel_err 1.0
[2026-07-23 13:40:55,997][pytensor.tensor.type][INFO] - numpy allclose failed for abs_err 6.192671287977148 and rel_err 1.0
[2026-07-23 13:40:55,997][pytensor.tensor.type][INFO] - numpy allclose failed for abs_err 6.192671287977148 and rel_err 1.0
[2026-07-23 13:40:56,012][pymc.sampling.forward][INFO] - Sampling: []
[2026-07-23 13:40:56,088][pytensor.tensor.type][INFO] - numpy allclose failed for abs_err 3.409559014942457 and rel_err 1.0
[2026-07-23 13:40:56,089][pytensor.tensor.type][INFO] - numpy allclose failed for abs_err 3.409559014942457 and rel_err 1.0
[2026-07-23 13:40:56,089][pytensor.tensor.type][INFO] - numpy allclose failed for abs_err 3.409559014942457 and rel_err 1.0
[2026-07-23 13:40:56,100][pymc.sampling.forward][INFO] - Sampling: []
[2026-07-23 13:40:56,181][pytensor.tensor.type][INFO] - numpy allclose failed for abs_err 5.784873972480236 and rel_err 1.0
[2026-07-23 13:40:56,181][pytensor.tensor.type][INFO] - numpy allclose failed for abs_err 5.784873972480236 and rel_err 1.0
[2026-07-23 13:40:56,182][pytensor.tensor.type][INFO] - numpy allclose failed for abs_err 5.784873972480236 and rel_err 1.0
[2026-07-23 13:40:56,185][pymc.sampling.forward][INFO] - Sampling: []
[2026-07-23 13:40:56,374][pytensor.tensor.type][INFO] - numpy allclose failed for abs_err 6.195171166383672 and rel_err 1.0
[2026-07-23 13:40:56,374][pytensor.tensor.type][INFO] - numpy allclose failed for abs_err 6.195171166383672 and rel_err 1.0
[2026-07-23 13:40:56,374][pytensor.tensor.type][INFO] - numpy allclose failed for abs_err 6.195171166383672 and rel_err 1.0
[2026-07-23 13:40:56,392][pymc.sampling.forward][INFO] - Sampling: []
[2026-07-23 13:40:56,493][pytensor.tensor.type][INFO] - numpy allclose failed for abs_err 5.629573292505505 and rel_err 1.0
[2026-07-23 13:40:56,493][pytensor.tensor.type][INFO] - numpy allclose failed for abs_err 5.629573292505505 and rel_err 1.0
[2026-07-23 13:40:56,493][pytensor.tensor.type][INFO] - numpy allclose failed for abs_err 5.629573292505505 and rel_err 1.0
[2026-07-23 13:40:56,507][pymc.sampling.forward][INFO] - Sampling: []
[2026-07-23 13:40:56,586][pytensor.tensor.type][INFO] - numpy allclose failed for abs_err 4.656370135099172 and rel_err 1.0
[2026-07-23 13:40:56,587][pytensor.tensor.type][INFO] - numpy allclose failed for abs_err 4.656370135099172 and rel_err 1.0
[2026-07-23 13:40:56,587][pytensor.tensor.type][INFO] - numpy allclose failed for abs_err 4.656370135099172 and rel_err 1.0
[2026-07-23 13:40:56,600][pymc.sampling.forward][INFO] - Sampling: []
[2026-07-23 13:40:56,673][pytensor.tensor.type][INFO] - numpy allclose failed for abs_err 5.743564144051794 and rel_err 1.0
[2026-07-23 13:40:56,674][pytensor.tensor.type][INFO] - numpy allclose failed for abs_err 5.743564144051794 and rel_err 1.0
[2026-07-23 13:40:56,674][pytensor.tensor.type][INFO] - numpy allclose failed for abs_err 5.743564144051794 and rel_err 1.0
[2026-07-23 13:40:56,689][pymc.sampling.forward][INFO] - Sampling: []
[2026-07-23 13:40:56,877][pytensor.tensor.type][INFO] - numpy allclose failed for abs_err 5.638618893396618 and rel_err 1.0
[2026-07-23 13:40:56,877][pytensor.tensor.type][INFO] - numpy allclose failed for abs_err 5.638618893396618 and rel_err 1.0
[2026-07-23 13:40:56,877][pytensor.tensor.type][INFO] - numpy allclose failed for abs_err 5.638618893396618 and rel_err 1.0
[2026-07-23 13:40:56,891][pymc.sampling.forward][INFO] - Sampling: []
[2026-07-23 13:40:56,971][pytensor.tensor.type][INFO] - numpy allclose failed for abs_err 5.665256984007122 and rel_err 1.0
[2026-07-23 13:40:56,971][pytensor.tensor.type][INFO] - numpy allclose failed for abs_err 5.665256984007122 and rel_err 1.0
[2026-07-23 13:40:56,972][pytensor.tensor.type][INFO] - numpy allclose failed for abs_err 5.665256984007122 and rel_err 1.0
[2026-07-23 13:40:56,985][pymc.sampling.forward][INFO] - Sampling: []
[2026-07-23 13:40:57,073][pytensor.tensor.type][INFO] - numpy allclose failed for abs_err 3.6907570396922127 and rel_err 1.0
[2026-07-23 13:40:57,073][pytensor.tensor.type][INFO] - numpy allclose failed for abs_err 3.6907570396922127 and rel_err 1.0
[2026-07-23 13:40:57,074][pytensor.tensor.type][INFO] - numpy allclose failed for abs_err 3.6907570396922127 and rel_err 1.0
[2026-07-23 13:40:57,087][pymc.sampling.forward][INFO] - Sampling: []
[2026-07-23 13:40:57,163][pytensor.tensor.type][INFO] - numpy allclose failed for abs_err 6.493786847693168 and rel_err 1.0
[2026-07-23 13:40:57,163][pytensor.tensor.type][INFO] - numpy allclose failed for abs_err 6.493786847693168 and rel_err 1.0
[2026-07-23 13:40:57,164][pytensor.tensor.type][INFO] - numpy allclose failed for abs_err 6.493786847693168 and rel_err 1.0
[2026-07-23 13:40:57,176][pymc.sampling.forward][INFO] - Sampling: []
[2026-07-23 13:40:57,361][pytensor.tensor.type][INFO] - numpy allclose failed for abs_err 6.195246089422155 and rel_err 1.0
[2026-07-23 13:40:57,361][pytensor.tensor.type][INFO] - numpy allclose failed for abs_err 6.195246089422155 and rel_err 1.0
[2026-07-23 13:40:57,361][pytensor.tensor.type][INFO] - numpy allclose failed for abs_err 6.195246089422155 and rel_err 1.0
[2026-07-23 13:40:57,374][pymc.sampling.forward][INFO] - Sampling: []
[2026-07-23 13:40:57,457][pytensor.tensor.type][INFO] - numpy allclose failed for abs_err 6.218533326112676 and rel_err 1.0
[2026-07-23 13:40:57,458][pytensor.tensor.type][INFO] - numpy allclose failed for abs_err 6.218533326112676 and rel_err 1.0
[2026-07-23 13:40:57,458][pytensor.tensor.type][INFO] - numpy allclose failed for abs_err 6.218533326112676 and rel_err 1.0
[2026-07-23 13:40:57,471][pymc.sampling.forward][INFO] - Sampling: []
[2026-07-23 13:40:57,544][pytensor.tensor.type][INFO] - numpy allclose failed for abs_err 2.5006487905336185 and rel_err 1.0
[2026-07-23 13:40:57,545][pytensor.tensor.type][INFO] - numpy allclose failed for abs_err 2.5006487905336185 and rel_err 1.0
[2026-07-23 13:40:57,545][pytensor.tensor.type][INFO] - numpy allclose failed for abs_err 2.5006487905336185 and rel_err 1.0
[2026-07-23 13:40:57,559][pymc.sampling.forward][INFO] - Sampling: []
[2026-07-23 13:40:57,630][pytensor.tensor.type][INFO] - numpy allclose failed for abs_err 5.4009332757639275 and rel_err 1.0
[2026-07-23 13:40:57,631][pytensor.tensor.type][INFO] - numpy allclose failed for abs_err 5.4009332757639275 and rel_err 1.0
[2026-07-23 13:40:57,631][pytensor.tensor.type][INFO] - numpy allclose failed for abs_err 5.4009332757639275 and rel_err 1.0
[2026-07-23 13:40:57,635][pymc.sampling.forward][INFO] - Sampling: []
[2026-07-23 13:40:57,824][pytensor.tensor.type][INFO] - numpy allclose failed for abs_err 6.195999015294958 and rel_err 1.0
[2026-07-23 13:40:57,824][pytensor.tensor.type][INFO] - numpy allclose failed for abs_err 6.195999015294958 and rel_err 1.0
[2026-07-23 13:40:57,824][pytensor.tensor.type][INFO] - numpy allclose failed for abs_err 6.195999015294958 and rel_err 1.0
[2026-07-23 13:40:57,840][pymc.sampling.forward][INFO] - Sampling: []
[2026-07-23 13:40:57,923][pytensor.tensor.type][INFO] - numpy allclose failed for abs_err 5.616290218603375 and rel_err 1.0
[2026-07-23 13:40:57,923][pytensor.tensor.type][INFO] - numpy allclose failed for abs_err 5.616290218603375 and rel_err 1.0
[2026-07-23 13:40:57,924][pytensor.tensor.type][INFO] - numpy allclose failed for abs_err 5.616290218603375 and rel_err 1.0
[2026-07-23 13:40:57,940][pymc.sampling.forward][INFO] - Sampling: []
[2026-07-23 13:40:58,018][pytensor.tensor.type][INFO] - numpy allclose failed for abs_err 3.99806296056001 and rel_err 1.0
[2026-07-23 13:40:58,019][pytensor.tensor.type][INFO] - numpy allclose failed for abs_err 3.99806296056001 and rel_err 1.0
[2026-07-23 13:40:58,019][pytensor.tensor.type][INFO] - numpy allclose failed for abs_err 3.99806296056001 and rel_err 1.0
[2026-07-23 13:40:58,030][pymc.sampling.forward][INFO] - Sampling: []
[2026-07-23 13:40:58,102][pytensor.tensor.type][INFO] - numpy allclose failed for abs_err 5.328231562838335 and rel_err 1.0
[2026-07-23 13:40:58,102][pytensor.tensor.type][INFO] - numpy allclose failed for abs_err 5.328231562838335 and rel_err 1.0
[2026-07-23 13:40:58,102][pytensor.tensor.type][INFO] - numpy allclose failed for abs_err 5.328231562838335 and rel_err 1.0
[2026-07-23 13:40:58,125][pymc.sampling.forward][INFO] - Sampling: []
[2026-07-23 13:40:58,315][pytensor.tensor.type][INFO] - numpy allclose failed for abs_err 6.20504759641831 and rel_err 1.0
[2026-07-23 13:40:58,315][pytensor.tensor.type][INFO] - numpy allclose failed for abs_err 6.20504759641831 and rel_err 1.0
[2026-07-23 13:40:58,316][pytensor.tensor.type][INFO] - numpy allclose failed for abs_err 6.20504759641831 and rel_err 1.0
[2026-07-23 13:40:58,330][pymc.sampling.forward][INFO] - Sampling: []
[2026-07-23 13:40:58,401][pytensor.tensor.type][INFO] - numpy allclose failed for abs_err 6.23785917850678 and rel_err 1.0
[2026-07-23 13:40:58,402][pytensor.tensor.type][INFO] - numpy allclose failed for abs_err 6.23785917850678 and rel_err 1.0
[2026-07-23 13:40:58,402][pytensor.tensor.type][INFO] - numpy allclose failed for abs_err 6.23785917850678 and rel_err 1.0
[2026-07-23 13:40:58,418][pymc.sampling.forward][INFO] - Sampling: []
[2026-07-23 13:40:58,496][pytensor.tensor.type][INFO] - numpy allclose failed for abs_err 4.611566992551564 and rel_err 1.0
[2026-07-23 13:40:58,496][pytensor.tensor.type][INFO] - numpy allclose failed for abs_err 4.611566992551564 and rel_err 1.0
[2026-07-23 13:40:58,497][pytensor.tensor.type][INFO] - numpy allclose failed for abs_err 4.611566992551564 and rel_err 1.0
[2026-07-23 13:40:58,509][pymc.sampling.forward][INFO] - Sampling: []
[2026-07-23 13:40:58,580][pytensor.tensor.type][INFO] - numpy allclose failed for abs_err 5.34381414977384 and rel_err 1.0
[2026-07-23 13:40:58,580][pytensor.tensor.type][INFO] - numpy allclose failed for abs_err 5.34381414977384 and rel_err 1.0
[2026-07-23 13:40:58,581][pytensor.tensor.type][INFO] - numpy allclose failed for abs_err 5.34381414977384 and rel_err 1.0
[2026-07-23 13:40:58,585][pymc.sampling.forward][INFO] - Sampling: []
[2026-07-23 13:40:58,795][pytensor.tensor.type][INFO] - numpy allclose failed for abs_err 6.201146174394537 and rel_err 1.0
[2026-07-23 13:40:58,796][pytensor.tensor.type][INFO] - numpy allclose failed for abs_err 6.201146174394537 and rel_err 1.0
[2026-07-23 13:40:58,796][pytensor.tensor.type][INFO] - numpy allclose failed for abs_err 6.201146174394537 and rel_err 1.0
[2026-07-23 13:40:58,808][pymc.sampling.forward][INFO] - Sampling: []
[2026-07-23 13:40:58,896][pytensor.tensor.type][INFO] - numpy allclose failed for abs_err 5.432208346333266 and rel_err 1.0
[2026-07-23 13:40:58,897][pytensor.tensor.type][INFO] - numpy allclose failed for abs_err 5.432208346333266 and rel_err 1.0
[2026-07-23 13:40:58,897][pytensor.tensor.type][INFO] - numpy allclose failed for abs_err 5.432208346333266 and rel_err 1.0
[2026-07-23 13:40:58,910][pymc.sampling.forward][INFO] - Sampling: []
[2026-07-23 13:40:58,984][pytensor.tensor.type][INFO] - numpy allclose failed for abs_err 3.19186354993376 and rel_err 1.0
[2026-07-23 13:40:58,984][pytensor.tensor.type][INFO] - numpy allclose failed for abs_err 3.19186354993376 and rel_err 1.0
[2026-07-23 13:40:58,984][pytensor.tensor.type][INFO] - numpy allclose failed for abs_err 3.19186354993376 and rel_err 1.0
[2026-07-23 13:40:58,984][pymc.sampling.forward][INFO] - Sampling: []
[2026-07-23 13:40:59,077][pytensor.tensor.type][INFO] - numpy allclose failed for abs_err 6.561729207909826 and rel_err 1.0
[2026-07-23 13:40:59,077][pytensor.tensor.type][INFO] - numpy allclose failed for abs_err 6.561729207909826 and rel_err 1.0
[2026-07-23 13:40:59,078][pytensor.tensor.type][INFO] - numpy allclose failed for abs_err 6.561729207909826 and rel_err 1.0
[2026-07-23 13:40:59,090][pymc.sampling.forward][INFO] - Sampling: []
[2026-07-23 13:40:59,292][pymc.sampling.forward][INFO] - Sampling: []
[2026-07-23 13:40:59,369][pymc.sampling.forward][INFO] - Sampling: []
[2026-07-23 13:40:59,462][pymc.sampling.forward][INFO] - Sampling: []
[2026-07-23 13:40:59,546][pymc.sampling.forward][INFO] - Sampling: []
[2026-07-23 13:40:59,815][pymc.sampling.mcmc][INFO] - Initializing NUTS using jitter+adapt_diag...
[2026-07-23 13:41:00,138][pymc.sampling.mcmc][INFO] - Multiprocess sampling (4 chains in 4 jobs)
[2026-07-23 13:41:00,139][pymc.sampling.mcmc][INFO] - NUTS: [alpha, beta]
[2026-07-23 13:41:56,550][pymc.sampling.mcmc][INFO] - Sampling 4 chains for 1_000 tune and 1_000 draw iterations (4_000 + 4_000 draws total) took 56 seconds.
[2026-07-23 13:41:56,683][pymc.sampling.mcmc][INFO] - Initializing NUTS using jitter+adapt_diag...
[2026-07-23 13:41:57,013][pymc.sampling.mcmc][INFO] - Multiprocess sampling (4 chains in 4 jobs)
[2026-07-23 13:41:57,013][pymc.sampling.mcmc][INFO] - NUTS: [alpha, beta]
[2026-07-23 13:42:54,800][pymc.sampling.mcmc][INFO] - Sampling 4 chains for 1_000 tune and 1_000 draw iterations (4_000 + 4_000 draws total) took 58 seconds.
[2026-07-23 13:42:54,917][pymc.sampling.mcmc][INFO] - Initializing NUTS using jitter+adapt_diag...
[2026-07-23 13:42:55,225][pymc.sampling.mcmc][INFO] - Multiprocess sampling (4 chains in 4 jobs)
[2026-07-23 13:42:55,227][pymc.sampling.mcmc][INFO] - NUTS: [alpha, beta]
[2026-07-23 13:43:51,983][pymc.sampling.mcmc][INFO] - Sampling 4 chains for 1_000 tune and 1_000 draw iterations (4_000 + 4_000 draws total) took 57 seconds.
[2026-07-23 13:43:52,036][pytensor.tensor.type][INFO] - numpy allclose failed for abs_err 15.424948423832443 and rel_err 1.0
[2026-07-23 13:43:52,037][pytensor.tensor.type][INFO] - numpy allclose failed for abs_err 15.424948423832443 and rel_err 1.0
[2026-07-23 13:43:52,037][pytensor.tensor.type][INFO] - numpy allclose failed for abs_err 15.424948423832443 and rel_err 1.0
[2026-07-23 13:43:52,054][pymc.sampling.forward][INFO] - Sampling: []
[2026-07-23 13:43:52,115][pytensor.tensor.type][INFO] - numpy allclose failed for abs_err 15.424948423832443 and rel_err 1.0
[2026-07-23 13:43:52,116][pytensor.tensor.type][INFO] - numpy allclose failed for abs_err 15.424948423832443 and rel_err 1.0
[2026-07-23 13:43:52,116][pytensor.tensor.type][INFO] - numpy allclose failed for abs_err 15.424948423832443 and rel_err 1.0
[2026-07-23 13:43:52,126][pymc.sampling.forward][INFO] - Sampling: []
[2026-07-23 13:43:52,183][pytensor.tensor.type][INFO] - numpy allclose failed for abs_err 14.159063387675255 and rel_err 1.0
[2026-07-23 13:43:52,183][pytensor.tensor.type][INFO] - numpy allclose failed for abs_err 14.159063387675255 and rel_err 1.0
[2026-07-23 13:43:52,183][pytensor.tensor.type][INFO] - numpy allclose failed for abs_err 14.159063387675255 and rel_err 1.0
[2026-07-23 13:43:52,204][pymc.sampling.forward][INFO] - Sampling: []
[2026-07-23 13:43:52,278][pytensor.tensor.type][INFO] - numpy allclose failed for abs_err 15.816564369959801 and rel_err 1.0
[2026-07-23 13:43:52,278][pytensor.tensor.type][INFO] - numpy allclose failed for abs_err 15.816564369959801 and rel_err 1.0
[2026-07-23 13:43:52,279][pytensor.tensor.type][INFO] - numpy allclose failed for abs_err 15.816564369959801 and rel_err 1.0
[2026-07-23 13:43:52,292][pymc.sampling.forward][INFO] - Sampling: []
[2026-07-23 13:43:52,475][pytensor.tensor.type][INFO] - numpy allclose failed for abs_err 14.156932402444001 and rel_err 1.0
[2026-07-23 13:43:52,475][pytensor.tensor.type][INFO] - numpy allclose failed for abs_err 14.156932402444001 and rel_err 1.0
[2026-07-23 13:43:52,477][pytensor.tensor.type][INFO] - numpy allclose failed for abs_err 14.156932402444001 and rel_err 1.0
[2026-07-23 13:43:52,491][pymc.sampling.forward][INFO] - Sampling: []
[2026-07-23 13:43:52,566][pytensor.tensor.type][INFO] - numpy allclose failed for abs_err 14.156932402444001 and rel_err 1.0
[2026-07-23 13:43:52,566][pytensor.tensor.type][INFO] - numpy allclose failed for abs_err 14.156932402444001 and rel_err 1.0
[2026-07-23 13:43:52,577][pytensor.tensor.type][INFO] - numpy allclose failed for abs_err 14.156932402444001 and rel_err 1.0
[2026-07-23 13:43:52,592][pymc.sampling.forward][INFO] - Sampling: []
[2026-07-23 13:43:52,672][pytensor.tensor.type][INFO] - numpy allclose failed for abs_err 14.159063387675255 and rel_err 1.0
[2026-07-23 13:43:52,673][pytensor.tensor.type][INFO] - numpy allclose failed for abs_err 14.159063387675255 and rel_err 1.0
[2026-07-23 13:43:52,673][pytensor.tensor.type][INFO] - numpy allclose failed for abs_err 14.159063387675255 and rel_err 1.0
[2026-07-23 13:43:52,687][pymc.sampling.forward][INFO] - Sampling: []
[2026-07-23 13:43:52,768][pytensor.tensor.type][INFO] - numpy allclose failed for abs_err 15.816564369959801 and rel_err 1.0
[2026-07-23 13:43:52,769][pytensor.tensor.type][INFO] - numpy allclose failed for abs_err 15.816564369959801 and rel_err 1.0
[2026-07-23 13:43:52,769][pytensor.tensor.type][INFO] - numpy allclose failed for abs_err 15.816564369959801 and rel_err 1.0
[2026-07-23 13:43:52,782][pymc.sampling.forward][INFO] - Sampling: []
[2026-07-23 13:43:52,971][pytensor.tensor.type][INFO] - numpy allclose failed for abs_err 14.156932402444001 and rel_err 1.0
[2026-07-23 13:43:52,971][pytensor.tensor.type][INFO] - numpy allclose failed for abs_err 14.156932402444001 and rel_err 1.0
[2026-07-23 13:43:52,973][pytensor.tensor.type][INFO] - numpy allclose failed for abs_err 14.156932402444001 and rel_err 1.0
[2026-07-23 13:43:52,987][pymc.sampling.forward][INFO] - Sampling: []
[2026-07-23 13:43:53,068][pytensor.tensor.type][INFO] - numpy allclose failed for abs_err 14.156932402444001 and rel_err 1.0
[2026-07-23 13:43:53,068][pytensor.tensor.type][INFO] - numpy allclose failed for abs_err 14.156932402444001 and rel_err 1.0
[2026-07-23 13:43:53,068][pytensor.tensor.type][INFO] - numpy allclose failed for abs_err 14.156932402444001 and rel_err 1.0
[2026-07-23 13:43:53,083][pymc.sampling.forward][INFO] - Sampling: []
[2026-07-23 13:43:53,166][pytensor.tensor.type][INFO] - numpy allclose failed for abs_err 14.159063387675255 and rel_err 1.0
[2026-07-23 13:43:53,166][pytensor.tensor.type][INFO] - numpy allclose failed for abs_err 14.159063387675255 and rel_err 1.0
[2026-07-23 13:43:53,166][pytensor.tensor.type][INFO] - numpy allclose failed for abs_err 14.159063387675255 and rel_err 1.0
[2026-07-23 13:43:53,178][pymc.sampling.forward][INFO] - Sampling: []
[2026-07-23 13:43:53,282][pytensor.tensor.type][INFO] - numpy allclose failed for abs_err 15.816564369959801 and rel_err 1.0
[2026-07-23 13:43:53,282][pytensor.tensor.type][INFO] - numpy allclose failed for abs_err 15.816564369959801 and rel_err 1.0
[2026-07-23 13:43:53,282][pytensor.tensor.type][INFO] - numpy allclose failed for abs_err 15.816564369959801 and rel_err 1.0
[2026-07-23 13:43:53,302][pymc.sampling.forward][INFO] - Sampling: []
[2026-07-23 13:43:53,480][pytensor.tensor.type][INFO] - numpy allclose failed for abs_err 14.156932402444001 and rel_err 1.0
[2026-07-23 13:43:53,485][pytensor.tensor.type][INFO] - numpy allclose failed for abs_err 14.156932402444001 and rel_err 1.0
[2026-07-23 13:43:53,485][pytensor.tensor.type][INFO] - numpy allclose failed for abs_err 14.156932402444001 and rel_err 1.0
[2026-07-23 13:43:53,914][pymc.sampling.forward][INFO] - Sampling: []
[2026-07-23 13:43:53,977][pytensor.tensor.type][INFO] - numpy allclose failed for abs_err 14.156932402444001 and rel_err 1.0
[2026-07-23 13:43:53,977][pytensor.tensor.type][INFO] - numpy allclose failed for abs_err 14.156932402444001 and rel_err 1.0
[2026-07-23 13:43:53,979][pytensor.tensor.type][INFO] - numpy allclose failed for abs_err 14.156932402444001 and rel_err 1.0
[2026-07-23 13:43:53,989][pymc.sampling.forward][INFO] - Sampling: []
[2026-07-23 13:43:54,073][pytensor.tensor.type][INFO] - numpy allclose failed for abs_err 14.159063387675255 and rel_err 1.0
[2026-07-23 13:43:54,074][pytensor.tensor.type][INFO] - numpy allclose failed for abs_err 14.159063387675255 and rel_err 1.0
[2026-07-23 13:43:54,074][pytensor.tensor.type][INFO] - numpy allclose failed for abs_err 14.159063387675255 and rel_err 1.0
[2026-07-23 13:43:54,091][pymc.sampling.forward][INFO] - Sampling: []
[2026-07-23 13:43:54,170][pytensor.tensor.type][INFO] - numpy allclose failed for abs_err 15.816564369959801 and rel_err 1.0
[2026-07-23 13:43:54,170][pytensor.tensor.type][INFO] - numpy allclose failed for abs_err 15.816564369959801 and rel_err 1.0
[2026-07-23 13:43:54,170][pytensor.tensor.type][INFO] - numpy allclose failed for abs_err 15.816564369959801 and rel_err 1.0
[2026-07-23 13:43:54,183][pymc.sampling.forward][INFO] - Sampling: []
[2026-07-23 13:43:54,375][pytensor.tensor.type][INFO] - numpy allclose failed for abs_err 14.156932402444001 and rel_err 1.0
[2026-07-23 13:43:54,375][pytensor.tensor.type][INFO] - numpy allclose failed for abs_err 14.156932402444001 and rel_err 1.0
[2026-07-23 13:43:54,377][pytensor.tensor.type][INFO] - numpy allclose failed for abs_err 14.156932402444001 and rel_err 1.0
[2026-07-23 13:43:54,392][pymc.sampling.forward][INFO] - Sampling: []
[2026-07-23 13:43:54,467][pytensor.tensor.type][INFO] - numpy allclose failed for abs_err 14.156932402444001 and rel_err 1.0
[2026-07-23 13:43:54,467][pytensor.tensor.type][INFO] - numpy allclose failed for abs_err 14.156932402444001 and rel_err 1.0
[2026-07-23 13:43:54,468][pytensor.tensor.type][INFO] - numpy allclose failed for abs_err 14.156932402444001 and rel_err 1.0
[2026-07-23 13:43:54,479][pymc.sampling.forward][INFO] - Sampling: []
[2026-07-23 13:43:54,549][pytensor.tensor.type][INFO] - numpy allclose failed for abs_err 14.159063387675255 and rel_err 1.0
[2026-07-23 13:43:54,550][pytensor.tensor.type][INFO] - numpy allclose failed for abs_err 14.159063387675255 and rel_err 1.0
[2026-07-23 13:43:54,550][pytensor.tensor.type][INFO] - numpy allclose failed for abs_err 14.159063387675255 and rel_err 1.0
[2026-07-23 13:43:54,559][pymc.sampling.forward][INFO] - Sampling: []
[2026-07-23 13:43:54,649][pytensor.tensor.type][INFO] - numpy allclose failed for abs_err 15.816564369959801 and rel_err 1.0
[2026-07-23 13:43:54,649][pytensor.tensor.type][INFO] - numpy allclose failed for abs_err 15.816564369959801 and rel_err 1.0
[2026-07-23 13:43:54,649][pytensor.tensor.type][INFO] - numpy allclose failed for abs_err 15.816564369959801 and rel_err 1.0
[2026-07-23 13:43:54,666][pymc.sampling.forward][INFO] - Sampling: []
[2026-07-23 13:43:54,845][pytensor.tensor.type][INFO] - numpy allclose failed for abs_err 14.156932402444001 and rel_err 1.0
[2026-07-23 13:43:54,845][pytensor.tensor.type][INFO] - numpy allclose failed for abs_err 14.156932402444001 and rel_err 1.0
[2026-07-23 13:43:54,845][pytensor.tensor.type][INFO] - numpy allclose failed for abs_err 14.156932402444001 and rel_err 1.0
[2026-07-23 13:43:54,859][pymc.sampling.forward][INFO] - Sampling: []
[2026-07-23 13:43:54,935][pytensor.tensor.type][INFO] - numpy allclose failed for abs_err 14.156932402444001 and rel_err 1.0
[2026-07-23 13:43:54,935][pytensor.tensor.type][INFO] - numpy allclose failed for abs_err 14.156932402444001 and rel_err 1.0
[2026-07-23 13:43:54,936][pytensor.tensor.type][INFO] - numpy allclose failed for abs_err 14.156932402444001 and rel_err 1.0
[2026-07-23 13:43:54,949][pymc.sampling.forward][INFO] - Sampling: []
[2026-07-23 13:43:55,023][pytensor.tensor.type][INFO] - numpy allclose failed for abs_err 14.159063387675255 and rel_err 1.0
[2026-07-23 13:43:55,023][pytensor.tensor.type][INFO] - numpy allclose failed for abs_err 14.159063387675255 and rel_err 1.0
[2026-07-23 13:43:55,024][pytensor.tensor.type][INFO] - numpy allclose failed for abs_err 14.159063387675255 and rel_err 1.0
[2026-07-23 13:43:55,036][pymc.sampling.forward][INFO] - Sampling: []
[2026-07-23 13:43:55,112][pytensor.tensor.type][INFO] - numpy allclose failed for abs_err 15.816564369959801 and rel_err 1.0
[2026-07-23 13:43:55,112][pytensor.tensor.type][INFO] - numpy allclose failed for abs_err 15.816564369959801 and rel_err 1.0
[2026-07-23 13:43:55,113][pytensor.tensor.type][INFO] - numpy allclose failed for abs_err 15.816564369959801 and rel_err 1.0
[2026-07-23 13:43:55,117][pymc.sampling.forward][INFO] - Sampling: []
[2026-07-23 13:43:55,311][pytensor.tensor.type][INFO] - numpy allclose failed for abs_err 14.156932402444001 and rel_err 1.0
[2026-07-23 13:43:55,313][pytensor.tensor.type][INFO] - numpy allclose failed for abs_err 14.156932402444001 and rel_err 1.0
[2026-07-23 13:43:55,313][pytensor.tensor.type][INFO] - numpy allclose failed for abs_err 14.156932402444001 and rel_err 1.0
[2026-07-23 13:43:55,324][pymc.sampling.forward][INFO] - Sampling: []
[2026-07-23 13:43:55,400][pytensor.tensor.type][INFO] - numpy allclose failed for abs_err 14.156932402444001 and rel_err 1.0
[2026-07-23 13:43:55,400][pytensor.tensor.type][INFO] - numpy allclose failed for abs_err 14.156932402444001 and rel_err 1.0
[2026-07-23 13:43:55,400][pytensor.tensor.type][INFO] - numpy allclose failed for abs_err 14.156932402444001 and rel_err 1.0
[2026-07-23 13:43:55,407][pymc.sampling.forward][INFO] - Sampling: []
[2026-07-23 13:43:55,484][pytensor.tensor.type][INFO] - numpy allclose failed for abs_err 14.159063387675255 and rel_err 1.0
[2026-07-23 13:43:55,484][pytensor.tensor.type][INFO] - numpy allclose failed for abs_err 14.159063387675255 and rel_err 1.0
[2026-07-23 13:43:55,484][pytensor.tensor.type][INFO] - numpy allclose failed for abs_err 14.159063387675255 and rel_err 1.0
[2026-07-23 13:43:55,502][pymc.sampling.forward][INFO] - Sampling: []
[2026-07-23 13:43:55,590][pytensor.tensor.type][INFO] - numpy allclose failed for abs_err 15.816564369959801 and rel_err 1.0
[2026-07-23 13:43:55,590][pytensor.tensor.type][INFO] - numpy allclose failed for abs_err 15.816564369959801 and rel_err 1.0
[2026-07-23 13:43:55,591][pytensor.tensor.type][INFO] - numpy allclose failed for abs_err 15.816564369959801 and rel_err 1.0
[2026-07-23 13:43:55,605][pymc.sampling.forward][INFO] - Sampling: []
[2026-07-23 13:43:55,780][pytensor.tensor.type][INFO] - numpy allclose failed for abs_err 14.156932402444001 and rel_err 1.0
[2026-07-23 13:43:55,780][pytensor.tensor.type][INFO] - numpy allclose failed for abs_err 14.156932402444001 and rel_err 1.0
[2026-07-23 13:43:55,781][pytensor.tensor.type][INFO] - numpy allclose failed for abs_err 14.156932402444001 and rel_err 1.0
[2026-07-23 13:43:55,801][pymc.sampling.forward][INFO] - Sampling: []
[2026-07-23 13:43:55,877][pytensor.tensor.type][INFO] - numpy allclose failed for abs_err 14.156932402444001 and rel_err 1.0
[2026-07-23 13:43:55,877][pytensor.tensor.type][INFO] - numpy allclose failed for abs_err 14.156932402444001 and rel_err 1.0
[2026-07-23 13:43:55,878][pytensor.tensor.type][INFO] - numpy allclose failed for abs_err 14.156932402444001 and rel_err 1.0
[2026-07-23 13:43:55,883][pymc.sampling.forward][INFO] - Sampling: []
[2026-07-23 13:43:55,998][pytensor.tensor.type][INFO] - numpy allclose failed for abs_err 14.159063387675255 and rel_err 1.0
[2026-07-23 13:43:55,998][pytensor.tensor.type][INFO] - numpy allclose failed for abs_err 14.159063387675255 and rel_err 1.0
[2026-07-23 13:43:55,998][pytensor.tensor.type][INFO] - numpy allclose failed for abs_err 14.159063387675255 and rel_err 1.0
[2026-07-23 13:43:56,012][pymc.sampling.forward][INFO] - Sampling: []
[2026-07-23 13:43:56,088][pytensor.tensor.type][INFO] - numpy allclose failed for abs_err 15.816564369959801 and rel_err 1.0
[2026-07-23 13:43:56,088][pytensor.tensor.type][INFO] - numpy allclose failed for abs_err 15.816564369959801 and rel_err 1.0
[2026-07-23 13:43:56,088][pytensor.tensor.type][INFO] - numpy allclose failed for abs_err 15.816564369959801 and rel_err 1.0
[2026-07-23 13:43:56,108][pymc.sampling.forward][INFO] - Sampling: []
[2026-07-23 13:43:56,284][pytensor.tensor.type][INFO] - numpy allclose failed for abs_err 14.156932402444001 and rel_err 1.0
[2026-07-23 13:43:56,284][pytensor.tensor.type][INFO] - numpy allclose failed for abs_err 14.156932402444001 and rel_err 1.0
[2026-07-23 13:43:56,284][pytensor.tensor.type][INFO] - numpy allclose failed for abs_err 14.156932402444001 and rel_err 1.0
[2026-07-23 13:43:56,308][pymc.sampling.forward][INFO] - Sampling: []
[2026-07-23 13:43:56,393][pytensor.tensor.type][INFO] - numpy allclose failed for abs_err 14.156932402444001 and rel_err 1.0
[2026-07-23 13:43:56,393][pytensor.tensor.type][INFO] - numpy allclose failed for abs_err 14.156932402444001 and rel_err 1.0
[2026-07-23 13:43:56,394][pytensor.tensor.type][INFO] - numpy allclose failed for abs_err 14.156932402444001 and rel_err 1.0
[2026-07-23 13:43:56,406][pymc.sampling.forward][INFO] - Sampling: []
[2026-07-23 13:43:56,467][pytensor.tensor.type][INFO] - numpy allclose failed for abs_err 14.159063387675255 and rel_err 1.0
[2026-07-23 13:43:56,467][pytensor.tensor.type][INFO] - numpy allclose failed for abs_err 14.159063387675255 and rel_err 1.0
[2026-07-23 13:43:56,480][pytensor.tensor.type][INFO] - numpy allclose failed for abs_err 14.159063387675255 and rel_err 1.0
[2026-07-23 13:43:56,488][pymc.sampling.forward][INFO] - Sampling: []
[2026-07-23 13:43:56,581][pytensor.tensor.type][INFO] - numpy allclose failed for abs_err 15.816564369959801 and rel_err 1.0
[2026-07-23 13:43:56,581][pytensor.tensor.type][INFO] - numpy allclose failed for abs_err 15.816564369959801 and rel_err 1.0
[2026-07-23 13:43:56,581][pytensor.tensor.type][INFO] - numpy allclose failed for abs_err 15.816564369959801 and rel_err 1.0
[2026-07-23 13:43:56,583][pymc.sampling.forward][INFO] - Sampling: []
[2026-07-23 13:43:56,766][pytensor.tensor.type][INFO] - numpy allclose failed for abs_err 14.156932402444001 and rel_err 1.0
[2026-07-23 13:43:56,766][pytensor.tensor.type][INFO] - numpy allclose failed for abs_err 14.156932402444001 and rel_err 1.0
[2026-07-23 13:43:56,766][pytensor.tensor.type][INFO] - numpy allclose failed for abs_err 14.156932402444001 and rel_err 1.0
[2026-07-23 13:43:56,789][pymc.sampling.forward][INFO] - Sampling: []
[2026-07-23 13:43:56,875][pytensor.tensor.type][INFO] - numpy allclose failed for abs_err 14.156932402444001 and rel_err 1.0
[2026-07-23 13:43:56,875][pytensor.tensor.type][INFO] - numpy allclose failed for abs_err 14.156932402444001 and rel_err 1.0
[2026-07-23 13:43:56,876][pytensor.tensor.type][INFO] - numpy allclose failed for abs_err 14.156932402444001 and rel_err 1.0
[2026-07-23 13:43:56,891][pymc.sampling.forward][INFO] - Sampling: []
[2026-07-23 13:43:56,971][pytensor.tensor.type][INFO] - numpy allclose failed for abs_err 14.159063387675255 and rel_err 1.0
[2026-07-23 13:43:56,972][pytensor.tensor.type][INFO] - numpy allclose failed for abs_err 14.159063387675255 and rel_err 1.0
[2026-07-23 13:43:56,972][pytensor.tensor.type][INFO] - numpy allclose failed for abs_err 14.159063387675255 and rel_err 1.0
[2026-07-23 13:43:56,988][pymc.sampling.forward][INFO] - Sampling: []
[2026-07-23 13:43:57,063][pytensor.tensor.type][INFO] - numpy allclose failed for abs_err 15.816564369959801 and rel_err 1.0
[2026-07-23 13:43:57,063][pytensor.tensor.type][INFO] - numpy allclose failed for abs_err 15.816564369959801 and rel_err 1.0
[2026-07-23 13:43:57,064][pytensor.tensor.type][INFO] - numpy allclose failed for abs_err 15.816564369959801 and rel_err 1.0
[2026-07-23 13:43:57,077][pymc.sampling.forward][INFO] - Sampling: []
[2026-07-23 13:43:57,287][pymc.sampling.forward][INFO] - Sampling: []
[2026-07-23 13:43:57,382][pymc.sampling.forward][INFO] - Sampling: []
[2026-07-23 13:43:57,467][pymc.sampling.forward][INFO] - Sampling: []
[2026-07-23 13:43:57,563][pymc.sampling.forward][INFO] - Sampling: []
[2026-07-23 13:43:57,857][pymc.sampling.mcmc][INFO] - Initializing NUTS using jitter+adapt_diag...
[2026-07-23 13:43:58,177][pymc.sampling.mcmc][INFO] - Multiprocess sampling (4 chains in 4 jobs)
[2026-07-23 13:43:58,177][pymc.sampling.mcmc][INFO] - NUTS: [alpha, beta]
[2026-07-23 13:44:53,648][pymc.sampling.mcmc][INFO] - Sampling 4 chains for 1_000 tune and 1_000 draw iterations (4_000 + 4_000 draws total) took 55 seconds.
[2026-07-23 13:44:53,783][pymc.sampling.mcmc][INFO] - Initializing NUTS using jitter+adapt_diag...
[2026-07-23 13:44:54,088][pymc.sampling.mcmc][INFO] - Multiprocess sampling (4 chains in 4 jobs)
[2026-07-23 13:44:54,088][pymc.sampling.mcmc][INFO] - NUTS: [alpha, beta]
[2026-07-23 13:45:51,432][pymc.sampling.mcmc][INFO] - Sampling 4 chains for 1_000 tune and 1_000 draw iterations (4_000 + 4_000 draws total) took 57 seconds.
[2026-07-23 13:45:51,548][pymc.sampling.mcmc][INFO] - Initializing NUTS using jitter+adapt_diag...
[2026-07-23 13:45:51,877][pymc.sampling.mcmc][INFO] - Multiprocess sampling (4 chains in 4 jobs)
[2026-07-23 13:45:51,878][pymc.sampling.mcmc][INFO] - NUTS: [alpha, beta]
[2026-07-23 13:46:49,586][pymc.sampling.mcmc][INFO] - Sampling 4 chains for 1_000 tune and 1_000 draw iterations (4_000 + 4_000 draws total) took 58 seconds.
[2026-07-23 13:46:49,635][pytensor.tensor.type][INFO] - numpy allclose failed for abs_err 14.070211339783784 and rel_err 1.0
[2026-07-23 13:46:49,636][pytensor.tensor.type][INFO] - numpy allclose failed for abs_err 14.070211339783784 and rel_err 1.0
[2026-07-23 13:46:49,637][pytensor.tensor.type][INFO] - numpy allclose failed for abs_err 14.070211339783784 and rel_err 1.0
[2026-07-23 13:46:49,638][pymc.sampling.forward][INFO] - Sampling: []
[2026-07-23 13:46:49,705][pytensor.tensor.type][INFO] - numpy allclose failed for abs_err 26.924681950402373 and rel_err 1.0
[2026-07-23 13:46:49,705][pytensor.tensor.type][INFO] - numpy allclose failed for abs_err 26.924681950402373 and rel_err 1.0
[2026-07-23 13:46:49,705][pytensor.tensor.type][INFO] - numpy allclose failed for abs_err 26.924681950402373 and rel_err 1.0
[2026-07-23 13:46:49,718][pymc.sampling.forward][INFO] - Sampling: []
[2026-07-23 13:46:49,782][pytensor.tensor.type][INFO] - numpy allclose failed for abs_err 13.916080821318596 and rel_err 1.0
[2026-07-23 13:46:49,783][pytensor.tensor.type][INFO] - numpy allclose failed for abs_err 13.916080821318596 and rel_err 1.0
[2026-07-23 13:46:49,783][pytensor.tensor.type][INFO] - numpy allclose failed for abs_err 13.916080821318596 and rel_err 1.0
[2026-07-23 13:46:49,796][pymc.sampling.forward][INFO] - Sampling: []
[2026-07-23 13:46:49,881][pytensor.tensor.type][INFO] - numpy allclose failed for abs_err 14.619647789759606 and rel_err 1.0
[2026-07-23 13:46:49,881][pytensor.tensor.type][INFO] - numpy allclose failed for abs_err 14.619647789759606 and rel_err 1.0
[2026-07-23 13:46:49,881][pytensor.tensor.type][INFO] - numpy allclose failed for abs_err 14.619647789759606 and rel_err 1.0
[2026-07-23 13:46:49,895][pymc.sampling.forward][INFO] - Sampling: []
[2026-07-23 13:46:50,088][pytensor.tensor.type][INFO] - numpy allclose failed for abs_err 14.117711234850853 and rel_err 1.0
[2026-07-23 13:46:50,088][pytensor.tensor.type][INFO] - numpy allclose failed for abs_err 14.117711234850853 and rel_err 1.0
[2026-07-23 13:46:50,088][pytensor.tensor.type][INFO] - numpy allclose failed for abs_err 14.117711234850853 and rel_err 1.0
[2026-07-23 13:46:50,107][pymc.sampling.forward][INFO] - Sampling: []
[2026-07-23 13:46:50,182][pytensor.tensor.type][INFO] - numpy allclose failed for abs_err 14.070211339783784 and rel_err 1.0
[2026-07-23 13:46:50,183][pytensor.tensor.type][INFO] - numpy allclose failed for abs_err 14.070211339783784 and rel_err 1.0
[2026-07-23 13:46:50,183][pytensor.tensor.type][INFO] - numpy allclose failed for abs_err 14.070211339783784 and rel_err 1.0
[2026-07-23 13:46:50,198][pymc.sampling.forward][INFO] - Sampling: []
[2026-07-23 13:46:50,274][pytensor.tensor.type][INFO] - numpy allclose failed for abs_err 12.556254195020479 and rel_err 1.0
[2026-07-23 13:46:50,274][pytensor.tensor.type][INFO] - numpy allclose failed for abs_err 12.556254195020479 and rel_err 1.0
[2026-07-23 13:46:50,276][pytensor.tensor.type][INFO] - numpy allclose failed for abs_err 12.556254195020479 and rel_err 1.0
[2026-07-23 13:46:50,288][pymc.sampling.forward][INFO] - Sampling: []
[2026-07-23 13:46:50,365][pytensor.tensor.type][INFO] - numpy allclose failed for abs_err 16.053487587733237 and rel_err 1.0
[2026-07-23 13:46:50,365][pytensor.tensor.type][INFO] - numpy allclose failed for abs_err 16.053487587733237 and rel_err 1.0
[2026-07-23 13:46:50,365][pytensor.tensor.type][INFO] - numpy allclose failed for abs_err 16.053487587733237 and rel_err 1.0
[2026-07-23 13:46:50,387][pymc.sampling.forward][INFO] - Sampling: []
[2026-07-23 13:46:50,568][pytensor.tensor.type][INFO] - numpy allclose failed for abs_err 14.117711234850853 and rel_err 1.0
[2026-07-23 13:46:50,568][pytensor.tensor.type][INFO] - numpy allclose failed for abs_err 14.117711234850853 and rel_err 1.0
[2026-07-23 13:46:50,570][pytensor.tensor.type][INFO] - numpy allclose failed for abs_err 14.117711234850853 and rel_err 1.0
[2026-07-23 13:46:50,582][pymc.sampling.forward][INFO] - Sampling: []
[2026-07-23 13:46:50,665][pytensor.tensor.type][INFO] - numpy allclose failed for abs_err 14.117711234850853 and rel_err 1.0
[2026-07-23 13:46:50,666][pytensor.tensor.type][INFO] - numpy allclose failed for abs_err 14.117711234850853 and rel_err 1.0
[2026-07-23 13:46:50,666][pytensor.tensor.type][INFO] - numpy allclose failed for abs_err 14.117711234850853 and rel_err 1.0
[2026-07-23 13:46:50,682][pymc.sampling.forward][INFO] - Sampling: []
[2026-07-23 13:46:50,759][pytensor.tensor.type][INFO] - numpy allclose failed for abs_err 12.48770611171512 and rel_err 1.0
[2026-07-23 13:46:50,760][pytensor.tensor.type][INFO] - numpy allclose failed for abs_err 12.48770611171512 and rel_err 1.0
[2026-07-23 13:46:50,760][pytensor.tensor.type][INFO] - numpy allclose failed for abs_err 12.48770611171512 and rel_err 1.0
[2026-07-23 13:46:50,772][pymc.sampling.forward][INFO] - Sampling: []
[2026-07-23 13:46:50,864][pytensor.tensor.type][INFO] - numpy allclose failed for abs_err 14.523446489167329 and rel_err 1.0
[2026-07-23 13:46:50,866][pytensor.tensor.type][INFO] - numpy allclose failed for abs_err 14.523446489167329 and rel_err 1.0
[2026-07-23 13:46:50,866][pytensor.tensor.type][INFO] - numpy allclose failed for abs_err 14.523446489167329 and rel_err 1.0
[2026-07-23 13:46:50,890][pymc.sampling.forward][INFO] - Sampling: []
[2026-07-23 13:46:51,082][pytensor.tensor.type][INFO] - numpy allclose failed for abs_err 13.867697943015068 and rel_err 1.0
[2026-07-23 13:46:51,083][pytensor.tensor.type][INFO] - numpy allclose failed for abs_err 13.867697943015068 and rel_err 1.0
[2026-07-23 13:46:51,083][pytensor.tensor.type][INFO] - numpy allclose failed for abs_err 13.867697943015068 and rel_err 1.0
[2026-07-23 13:46:51,098][pymc.sampling.forward][INFO] - Sampling: []
[2026-07-23 13:46:51,175][pytensor.tensor.type][INFO] - numpy allclose failed for abs_err 13.856383670134514 and rel_err 1.0
[2026-07-23 13:46:51,176][pytensor.tensor.type][INFO] - numpy allclose failed for abs_err 13.856383670134514 and rel_err 1.0
[2026-07-23 13:46:51,176][pytensor.tensor.type][INFO] - numpy allclose failed for abs_err 13.856383670134514 and rel_err 1.0
[2026-07-23 13:46:51,190][pymc.sampling.forward][INFO] - Sampling: []
[2026-07-23 13:46:51,268][pytensor.tensor.type][INFO] - numpy allclose failed for abs_err 12.598881052778047 and rel_err 1.0
[2026-07-23 13:46:51,269][pytensor.tensor.type][INFO] - numpy allclose failed for abs_err 12.598881052778047 and rel_err 1.0
[2026-07-23 13:46:51,269][pytensor.tensor.type][INFO] - numpy allclose failed for abs_err 12.598881052778047 and rel_err 1.0
[2026-07-23 13:46:51,282][pymc.sampling.forward][INFO] - Sampling: []
[2026-07-23 13:46:51,364][pytensor.tensor.type][INFO] - numpy allclose failed for abs_err 16.053487587733237 and rel_err 1.0
[2026-07-23 13:46:51,364][pytensor.tensor.type][INFO] - numpy allclose failed for abs_err 16.053487587733237 and rel_err 1.0
[2026-07-23 13:46:51,364][pytensor.tensor.type][INFO] - numpy allclose failed for abs_err 16.053487587733237 and rel_err 1.0
[2026-07-23 13:46:51,380][pymc.sampling.forward][INFO] - Sampling: []
[2026-07-23 13:46:51,568][pytensor.tensor.type][INFO] - numpy allclose failed for abs_err 14.117711234850853 and rel_err 1.0
[2026-07-23 13:46:51,568][pytensor.tensor.type][INFO] - numpy allclose failed for abs_err 14.117711234850853 and rel_err 1.0
[2026-07-23 13:46:51,570][pytensor.tensor.type][INFO] - numpy allclose failed for abs_err 14.117711234850853 and rel_err 1.0
[2026-07-23 13:46:51,586][pymc.sampling.forward][INFO] - Sampling: []
[2026-07-23 13:46:51,669][pytensor.tensor.type][INFO] - numpy allclose failed for abs_err 13.845743287396546 and rel_err 1.0
[2026-07-23 13:46:51,669][pytensor.tensor.type][INFO] - numpy allclose failed for abs_err 13.845743287396546 and rel_err 1.0
[2026-07-23 13:46:51,669][pytensor.tensor.type][INFO] - numpy allclose failed for abs_err 13.845743287396546 and rel_err 1.0
[2026-07-23 13:46:51,683][pymc.sampling.forward][INFO] - Sampling: []
[2026-07-23 13:46:51,767][pytensor.tensor.type][INFO] - numpy allclose failed for abs_err 13.916080821318596 and rel_err 1.0
[2026-07-23 13:46:51,767][pytensor.tensor.type][INFO] - numpy allclose failed for abs_err 13.916080821318596 and rel_err 1.0
[2026-07-23 13:46:51,768][pytensor.tensor.type][INFO] - numpy allclose failed for abs_err 13.916080821318596 and rel_err 1.0
[2026-07-23 13:46:51,780][pymc.sampling.forward][INFO] - Sampling: []
[2026-07-23 13:46:51,854][pytensor.tensor.type][INFO] - numpy allclose failed for abs_err 16.053487587733237 and rel_err 1.0
[2026-07-23 13:46:51,855][pytensor.tensor.type][INFO] - numpy allclose failed for abs_err 16.053487587733237 and rel_err 1.0
[2026-07-23 13:46:51,855][pytensor.tensor.type][INFO] - numpy allclose failed for abs_err 16.053487587733237 and rel_err 1.0
[2026-07-23 13:46:51,868][pymc.sampling.forward][INFO] - Sampling: []
[2026-07-23 13:46:52,048][pytensor.tensor.type][INFO] - numpy allclose failed for abs_err 13.841672588181611 and rel_err 1.0
[2026-07-23 13:46:52,048][pytensor.tensor.type][INFO] - numpy allclose failed for abs_err 13.841672588181611 and rel_err 1.0
[2026-07-23 13:46:52,048][pytensor.tensor.type][INFO] - numpy allclose failed for abs_err 13.841672588181611 and rel_err 1.0
[2026-07-23 13:46:52,070][pymc.sampling.forward][INFO] - Sampling: []
[2026-07-23 13:46:52,154][pytensor.tensor.type][INFO] - numpy allclose failed for abs_err 13.863258708310243 and rel_err 1.0
[2026-07-23 13:46:52,156][pytensor.tensor.type][INFO] - numpy allclose failed for abs_err 13.863258708310243 and rel_err 1.0
[2026-07-23 13:46:52,156][pytensor.tensor.type][INFO] - numpy allclose failed for abs_err 13.863258708310243 and rel_err 1.0
[2026-07-23 13:46:52,169][pymc.sampling.forward][INFO] - Sampling: []
[2026-07-23 13:46:52,245][pytensor.tensor.type][INFO] - numpy allclose failed for abs_err 12.44623927955417 and rel_err 1.0
[2026-07-23 13:46:52,245][pytensor.tensor.type][INFO] - numpy allclose failed for abs_err 12.44623927955417 and rel_err 1.0
[2026-07-23 13:46:52,246][pytensor.tensor.type][INFO] - numpy allclose failed for abs_err 12.44623927955417 and rel_err 1.0
[2026-07-23 13:46:52,258][pymc.sampling.forward][INFO] - Sampling: []
[2026-07-23 13:46:52,330][pytensor.tensor.type][INFO] - numpy allclose failed for abs_err 16.053487587733237 and rel_err 1.0
[2026-07-23 13:46:52,330][pytensor.tensor.type][INFO] - numpy allclose failed for abs_err 16.053487587733237 and rel_err 1.0
[2026-07-23 13:46:52,331][pytensor.tensor.type][INFO] - numpy allclose failed for abs_err 16.053487587733237 and rel_err 1.0
[2026-07-23 13:46:52,346][pymc.sampling.forward][INFO] - Sampling: []
[2026-07-23 13:46:52,529][pytensor.tensor.type][INFO] - numpy allclose failed for abs_err 13.863258708310243 and rel_err 1.0
[2026-07-23 13:46:52,529][pytensor.tensor.type][INFO] - numpy allclose failed for abs_err 13.863258708310243 and rel_err 1.0
[2026-07-23 13:46:52,530][pytensor.tensor.type][INFO] - numpy allclose failed for abs_err 13.863258708310243 and rel_err 1.0
[2026-07-23 13:46:52,533][pymc.sampling.forward][INFO] - Sampling: []
[2026-07-23 13:46:52,629][pytensor.tensor.type][INFO] - numpy allclose failed for abs_err 14.117711234850853 and rel_err 1.0
[2026-07-23 13:46:52,629][pytensor.tensor.type][INFO] - numpy allclose failed for abs_err 14.117711234850853 and rel_err 1.0
[2026-07-23 13:46:52,629][pytensor.tensor.type][INFO] - numpy allclose failed for abs_err 14.117711234850853 and rel_err 1.0
[2026-07-23 13:46:52,641][pymc.sampling.forward][INFO] - Sampling: []
[2026-07-23 13:46:52,713][pytensor.tensor.type][INFO] - numpy allclose failed for abs_err 12.556254195020479 and rel_err 1.0
[2026-07-23 13:46:52,713][pytensor.tensor.type][INFO] - numpy allclose failed for abs_err 12.556254195020479 and rel_err 1.0
[2026-07-23 13:46:52,713][pytensor.tensor.type][INFO] - numpy allclose failed for abs_err 12.556254195020479 and rel_err 1.0
[2026-07-23 13:46:52,727][pymc.sampling.forward][INFO] - Sampling: []
[2026-07-23 13:46:52,808][pytensor.tensor.type][INFO] - numpy allclose failed for abs_err 14.523446489167329 and rel_err 1.0
[2026-07-23 13:46:52,808][pytensor.tensor.type][INFO] - numpy allclose failed for abs_err 14.523446489167329 and rel_err 1.0
[2026-07-23 13:46:52,809][pytensor.tensor.type][INFO] - numpy allclose failed for abs_err 14.523446489167329 and rel_err 1.0
[2026-07-23 13:46:52,823][pymc.sampling.forward][INFO] - Sampling: []
[2026-07-23 13:46:53,015][pytensor.tensor.type][INFO] - numpy allclose failed for abs_err 13.85220401362893 and rel_err 1.0
[2026-07-23 13:46:53,018][pytensor.tensor.type][INFO] - numpy allclose failed for abs_err 13.85220401362893 and rel_err 1.0
[2026-07-23 13:46:53,018][pytensor.tensor.type][INFO] - numpy allclose failed for abs_err 13.85220401362893 and rel_err 1.0
[2026-07-23 13:46:53,032][pymc.sampling.forward][INFO] - Sampling: []
[2026-07-23 13:46:53,136][pytensor.tensor.type][INFO] - numpy allclose failed for abs_err 14.070211339783784 and rel_err 1.0
[2026-07-23 13:46:53,137][pytensor.tensor.type][INFO] - numpy allclose failed for abs_err 14.070211339783784 and rel_err 1.0
[2026-07-23 13:46:53,137][pytensor.tensor.type][INFO] - numpy allclose failed for abs_err 14.070211339783784 and rel_err 1.0
[2026-07-23 13:46:53,151][pymc.sampling.forward][INFO] - Sampling: []
[2026-07-23 13:46:53,224][pytensor.tensor.type][INFO] - numpy allclose failed for abs_err 13.916080821318596 and rel_err 1.0
[2026-07-23 13:46:53,225][pytensor.tensor.type][INFO] - numpy allclose failed for abs_err 13.916080821318596 and rel_err 1.0
[2026-07-23 13:46:53,225][pytensor.tensor.type][INFO] - numpy allclose failed for abs_err 13.916080821318596 and rel_err 1.0
[2026-07-23 13:46:53,237][pymc.sampling.forward][INFO] - Sampling: []
[2026-07-23 13:46:53,316][pytensor.tensor.type][INFO] - numpy allclose failed for abs_err 16.053487587733237 and rel_err 1.0
[2026-07-23 13:46:53,317][pytensor.tensor.type][INFO] - numpy allclose failed for abs_err 16.053487587733237 and rel_err 1.0
[2026-07-23 13:46:53,317][pytensor.tensor.type][INFO] - numpy allclose failed for abs_err 16.053487587733237 and rel_err 1.0
[2026-07-23 13:46:53,331][pymc.sampling.forward][INFO] - Sampling: []
[2026-07-23 13:46:53,529][pytensor.tensor.type][INFO] - numpy allclose failed for abs_err 14.070211339783784 and rel_err 1.0
[2026-07-23 13:46:53,529][pytensor.tensor.type][INFO] - numpy allclose failed for abs_err 14.070211339783784 and rel_err 1.0
[2026-07-23 13:46:53,530][pytensor.tensor.type][INFO] - numpy allclose failed for abs_err 14.070211339783784 and rel_err 1.0
[2026-07-23 13:46:53,543][pymc.sampling.forward][INFO] - Sampling: []
[2026-07-23 13:46:53,620][pytensor.tensor.type][INFO] - numpy allclose failed for abs_err 14.070211339783784 and rel_err 1.0
[2026-07-23 13:46:53,620][pytensor.tensor.type][INFO] - numpy allclose failed for abs_err 14.070211339783784 and rel_err 1.0
[2026-07-23 13:46:53,621][pytensor.tensor.type][INFO] - numpy allclose failed for abs_err 14.070211339783784 and rel_err 1.0
[2026-07-23 13:46:53,634][pymc.sampling.forward][INFO] - Sampling: []
[2026-07-23 13:46:53,709][pytensor.tensor.type][INFO] - numpy allclose failed for abs_err 12.598881052778047 and rel_err 1.0
[2026-07-23 13:46:53,709][pytensor.tensor.type][INFO] - numpy allclose failed for abs_err 12.598881052778047 and rel_err 1.0
[2026-07-23 13:46:53,709][pytensor.tensor.type][INFO] - numpy allclose failed for abs_err 12.598881052778047 and rel_err 1.0
[2026-07-23 13:46:53,722][pymc.sampling.forward][INFO] - Sampling: []
[2026-07-23 13:46:53,798][pytensor.tensor.type][INFO] - numpy allclose failed for abs_err 14.523446489167329 and rel_err 1.0
[2026-07-23 13:46:53,798][pytensor.tensor.type][INFO] - numpy allclose failed for abs_err 14.523446489167329 and rel_err 1.0
[2026-07-23 13:46:53,798][pytensor.tensor.type][INFO] - numpy allclose failed for abs_err 14.523446489167329 and rel_err 1.0
[2026-07-23 13:46:53,814][pymc.sampling.forward][INFO] - Sampling: []
[2026-07-23 13:46:53,988][pytensor.tensor.type][INFO] - numpy allclose failed for abs_err 13.845743287396546 and rel_err 1.0
[2026-07-23 13:46:53,990][pytensor.tensor.type][INFO] - numpy allclose failed for abs_err 13.845743287396546 and rel_err 1.0
[2026-07-23 13:46:53,990][pytensor.tensor.type][INFO] - numpy allclose failed for abs_err 13.845743287396546 and rel_err 1.0
[2026-07-23 13:46:54,004][pymc.sampling.forward][INFO] - Sampling: []
[2026-07-23 13:46:54,081][pytensor.tensor.type][INFO] - numpy allclose failed for abs_err 13.841672588181611 and rel_err 1.0
[2026-07-23 13:46:54,082][pytensor.tensor.type][INFO] - numpy allclose failed for abs_err 13.841672588181611 and rel_err 1.0
[2026-07-23 13:46:54,082][pytensor.tensor.type][INFO] - numpy allclose failed for abs_err 13.841672588181611 and rel_err 1.0
[2026-07-23 13:46:54,094][pymc.sampling.forward][INFO] - Sampling: []
[2026-07-23 13:46:54,165][pytensor.tensor.type][INFO] - numpy allclose failed for abs_err 12.48459856395511 and rel_err 1.0
[2026-07-23 13:46:54,165][pytensor.tensor.type][INFO] - numpy allclose failed for abs_err 12.48459856395511 and rel_err 1.0
[2026-07-23 13:46:54,165][pytensor.tensor.type][INFO] - numpy allclose failed for abs_err 12.48459856395511 and rel_err 1.0
[2026-07-23 13:46:54,191][pymc.sampling.forward][INFO] - Sampling: []
[2026-07-23 13:46:54,266][pytensor.tensor.type][INFO] - numpy allclose failed for abs_err 16.053487587733237 and rel_err 1.0
[2026-07-23 13:46:54,266][pytensor.tensor.type][INFO] - numpy allclose failed for abs_err 16.053487587733237 and rel_err 1.0
[2026-07-23 13:46:54,266][pytensor.tensor.type][INFO] - numpy allclose failed for abs_err 16.053487587733237 and rel_err 1.0
[2026-07-23 13:46:54,282][pymc.sampling.forward][INFO] - Sampling: []
[2026-07-23 13:46:54,469][pymc.sampling.forward][INFO] - Sampling: []
[2026-07-23 13:46:54,565][pymc.sampling.forward][INFO] - Sampling: []
[2026-07-23 13:46:54,661][pymc.sampling.forward][INFO] - Sampling: []
[2026-07-23 13:46:54,744][pymc.sampling.forward][INFO] - Sampling: []
[2026-07-23 13:46:55,012][pymc.sampling.mcmc][INFO] - Initializing NUTS using jitter+adapt_diag...
[2026-07-23 13:46:55,340][pymc.sampling.mcmc][INFO] - Multiprocess sampling (4 chains in 4 jobs)
[2026-07-23 13:46:55,342][pymc.sampling.mcmc][INFO] - NUTS: [alpha, beta]
[2026-07-23 13:47:52,557][pymc.sampling.mcmc][INFO] - Sampling 4 chains for 1_000 tune and 1_000 draw iterations (4_000 + 4_000 draws total) took 57 seconds.
[2026-07-23 13:47:52,679][pymc.sampling.mcmc][INFO] - Initializing NUTS using jitter+adapt_diag...
[2026-07-23 13:47:52,982][pymc.sampling.mcmc][INFO] - Multiprocess sampling (4 chains in 4 jobs)
[2026-07-23 13:47:52,982][pymc.sampling.mcmc][INFO] - NUTS: [alpha, beta]
[2026-07-23 13:48:50,264][pymc.sampling.mcmc][INFO] - Sampling 4 chains for 1_000 tune and 1_000 draw iterations (4_000 + 4_000 draws total) took 57 seconds.
[2026-07-23 13:48:50,410][pymc.sampling.mcmc][INFO] - Initializing NUTS using jitter+adapt_diag...
[2026-07-23 13:48:50,742][pymc.sampling.mcmc][INFO] - Multiprocess sampling (4 chains in 4 jobs)
[2026-07-23 13:48:50,742][pymc.sampling.mcmc][INFO] - NUTS: [alpha, beta]
[2026-07-23 13:49:47,469][pymc.sampling.mcmc][INFO] - Sampling 4 chains for 1_000 tune and 1_000 draw iterations (4_000 + 4_000 draws total) took 57 seconds.
[2026-07-23 13:49:47,942][pytensor.tensor.type][INFO] - numpy allclose failed for abs_err 6.660951455181351 and rel_err 1.0
[2026-07-23 13:49:47,942][pytensor.tensor.type][INFO] - numpy allclose failed for abs_err 6.660951455181351 and rel_err 1.0
[2026-07-23 13:49:47,942][pytensor.tensor.type][INFO] - numpy allclose failed for abs_err 6.660951455181351 and rel_err 1.0
[2026-07-23 13:49:47,958][pymc.sampling.forward][INFO] - Sampling: []
[2026-07-23 13:49:48,026][pytensor.tensor.type][INFO] - numpy allclose failed for abs_err 6.660951455181351 and rel_err 1.0
[2026-07-23 13:49:48,027][pytensor.tensor.type][INFO] - numpy allclose failed for abs_err 6.660951455181351 and rel_err 1.0
[2026-07-23 13:49:48,027][pytensor.tensor.type][INFO] - numpy allclose failed for abs_err 6.660951455181351 and rel_err 1.0
[2026-07-23 13:49:48,040][pymc.sampling.forward][INFO] - Sampling: []
[2026-07-23 13:49:48,120][pytensor.tensor.type][INFO] - numpy allclose failed for abs_err 4.912864902468513 and rel_err 1.0
[2026-07-23 13:49:48,121][pytensor.tensor.type][INFO] - numpy allclose failed for abs_err 4.912864902468513 and rel_err 1.0
[2026-07-23 13:49:48,121][pytensor.tensor.type][INFO] - numpy allclose failed for abs_err 4.912864902468513 and rel_err 1.0
[2026-07-23 13:49:48,136][pymc.sampling.forward][INFO] - Sampling: []
[2026-07-23 13:49:48,219][pytensor.tensor.type][INFO] - numpy allclose failed for abs_err 7.73201752124458 and rel_err 1.0
[2026-07-23 13:49:48,219][pytensor.tensor.type][INFO] - numpy allclose failed for abs_err 7.73201752124458 and rel_err 1.0
[2026-07-23 13:49:48,220][pytensor.tensor.type][INFO] - numpy allclose failed for abs_err 7.73201752124458 and rel_err 1.0
[2026-07-23 13:49:48,235][pymc.sampling.forward][INFO] - Sampling: []
[2026-07-23 13:49:48,417][pytensor.tensor.type][INFO] - numpy allclose failed for abs_err 6.608807968754464 and rel_err 1.0
[2026-07-23 13:49:48,417][pytensor.tensor.type][INFO] - numpy allclose failed for abs_err 6.608807968754464 and rel_err 1.0
[2026-07-23 13:49:48,417][pytensor.tensor.type][INFO] - numpy allclose failed for abs_err 6.608807968754464 and rel_err 1.0
[2026-07-23 13:49:48,434][pymc.sampling.forward][INFO] - Sampling: []
[2026-07-23 13:49:48,526][pytensor.tensor.type][INFO] - numpy allclose failed for abs_err 6.608807968754464 and rel_err 1.0
[2026-07-23 13:49:48,527][pytensor.tensor.type][INFO] - numpy allclose failed for abs_err 6.608807968754464 and rel_err 1.0
[2026-07-23 13:49:48,527][pytensor.tensor.type][INFO] - numpy allclose failed for abs_err 6.608807968754464 and rel_err 1.0
[2026-07-23 13:49:48,538][pymc.sampling.forward][INFO] - Sampling: []
[2026-07-23 13:49:48,610][pytensor.tensor.type][INFO] - numpy allclose failed for abs_err 6.050283511386921 and rel_err 1.0
[2026-07-23 13:49:48,610][pytensor.tensor.type][INFO] - numpy allclose failed for abs_err 6.050283511386921 and rel_err 1.0
[2026-07-23 13:49:48,610][pytensor.tensor.type][INFO] - numpy allclose failed for abs_err 6.050283511386921 and rel_err 1.0
[2026-07-23 13:49:48,622][pymc.sampling.forward][INFO] - Sampling: []
[2026-07-23 13:49:48,694][pytensor.tensor.type][INFO] - numpy allclose failed for abs_err 9.040983442646557 and rel_err 1.0
[2026-07-23 13:49:48,696][pytensor.tensor.type][INFO] - numpy allclose failed for abs_err 9.040983442646557 and rel_err 1.0
[2026-07-23 13:49:48,696][pytensor.tensor.type][INFO] - numpy allclose failed for abs_err 9.040983442646557 and rel_err 1.0
[2026-07-23 13:49:48,709][pymc.sampling.forward][INFO] - Sampling: []
[2026-07-23 13:49:48,880][pytensor.tensor.type][INFO] - numpy allclose failed for abs_err 6.649119635170212 and rel_err 1.0
[2026-07-23 13:49:48,880][pytensor.tensor.type][INFO] - numpy allclose failed for abs_err 6.649119635170212 and rel_err 1.0
[2026-07-23 13:49:48,880][pytensor.tensor.type][INFO] - numpy allclose failed for abs_err 6.649119635170212 and rel_err 1.0
[2026-07-23 13:49:48,905][pymc.sampling.forward][INFO] - Sampling: []
[2026-07-23 13:49:48,982][pytensor.tensor.type][INFO] - numpy allclose failed for abs_err 6.649119635170212 and rel_err 1.0
[2026-07-23 13:49:48,982][pytensor.tensor.type][INFO] - numpy allclose failed for abs_err 6.649119635170212 and rel_err 1.0
[2026-07-23 13:49:48,983][pytensor.tensor.type][INFO] - numpy allclose failed for abs_err 6.649119635170212 and rel_err 1.0
[2026-07-23 13:49:48,994][pymc.sampling.forward][INFO] - Sampling: []
[2026-07-23 13:49:49,063][pytensor.tensor.type][INFO] - numpy allclose failed for abs_err 7.5064628341038 and rel_err 1.0
[2026-07-23 13:49:49,063][pytensor.tensor.type][INFO] - numpy allclose failed for abs_err 7.5064628341038 and rel_err 1.0
[2026-07-23 13:49:49,063][pytensor.tensor.type][INFO] - numpy allclose failed for abs_err 7.5064628341038 and rel_err 1.0
[2026-07-23 13:49:49,085][pymc.sampling.forward][INFO] - Sampling: []
[2026-07-23 13:49:49,173][pytensor.tensor.type][INFO] - numpy allclose failed for abs_err 7.222378476354074 and rel_err 1.0
[2026-07-23 13:49:49,173][pytensor.tensor.type][INFO] - numpy allclose failed for abs_err 7.222378476354074 and rel_err 1.0
[2026-07-23 13:49:49,174][pytensor.tensor.type][INFO] - numpy allclose failed for abs_err 7.222378476354074 and rel_err 1.0
[2026-07-23 13:49:49,187][pymc.sampling.forward][INFO] - Sampling: []
[2026-07-23 13:49:49,362][pytensor.tensor.type][INFO] - numpy allclose failed for abs_err 6.650517483299485 and rel_err 1.0
[2026-07-23 13:49:49,362][pytensor.tensor.type][INFO] - numpy allclose failed for abs_err 6.650517483299485 and rel_err 1.0
[2026-07-23 13:49:49,362][pytensor.tensor.type][INFO] - numpy allclose failed for abs_err 6.650517483299485 and rel_err 1.0
[2026-07-23 13:49:49,386][pymc.sampling.forward][INFO] - Sampling: []
[2026-07-23 13:49:49,472][pytensor.tensor.type][INFO] - numpy allclose failed for abs_err 6.650517483299485 and rel_err 1.0
[2026-07-23 13:49:49,472][pytensor.tensor.type][INFO] - numpy allclose failed for abs_err 6.650517483299485 and rel_err 1.0
[2026-07-23 13:49:49,473][pytensor.tensor.type][INFO] - numpy allclose failed for abs_err 6.650517483299485 and rel_err 1.0
[2026-07-23 13:49:49,486][pymc.sampling.forward][INFO] - Sampling: []
[2026-07-23 13:49:49,565][pytensor.tensor.type][INFO] - numpy allclose failed for abs_err 5.753174265132953 and rel_err 1.0
[2026-07-23 13:49:49,565][pytensor.tensor.type][INFO] - numpy allclose failed for abs_err 5.753174265132953 and rel_err 1.0
[2026-07-23 13:49:49,566][pytensor.tensor.type][INFO] - numpy allclose failed for abs_err 5.753174265132953 and rel_err 1.0
[2026-07-23 13:49:49,579][pymc.sampling.forward][INFO] - Sampling: []
[2026-07-23 13:49:49,685][pytensor.tensor.type][INFO] - numpy allclose failed for abs_err 7.151631481217692 and rel_err 1.0
[2026-07-23 13:49:49,685][pytensor.tensor.type][INFO] - numpy allclose failed for abs_err 7.151631481217692 and rel_err 1.0
[2026-07-23 13:49:49,688][pytensor.tensor.type][INFO] - numpy allclose failed for abs_err 7.151631481217692 and rel_err 1.0
[2026-07-23 13:49:49,700][pymc.sampling.forward][INFO] - Sampling: []
[2026-07-23 13:49:49,882][pytensor.tensor.type][INFO] - numpy allclose failed for abs_err 6.646214683597794 and rel_err 1.0
[2026-07-23 13:49:49,882][pytensor.tensor.type][INFO] - numpy allclose failed for abs_err 6.646214683597794 and rel_err 1.0
[2026-07-23 13:49:49,882][pytensor.tensor.type][INFO] - numpy allclose failed for abs_err 6.646214683597794 and rel_err 1.0
[2026-07-23 13:49:49,897][pymc.sampling.forward][INFO] - Sampling: []
[2026-07-23 13:49:49,988][pytensor.tensor.type][INFO] - numpy allclose failed for abs_err 6.646214683597794 and rel_err 1.0
[2026-07-23 13:49:49,988][pytensor.tensor.type][INFO] - numpy allclose failed for abs_err 6.646214683597794 and rel_err 1.0
[2026-07-23 13:49:49,989][pytensor.tensor.type][INFO] - numpy allclose failed for abs_err 6.646214683597794 and rel_err 1.0
[2026-07-23 13:49:50,001][pymc.sampling.forward][INFO] - Sampling: []
[2026-07-23 13:49:50,080][pytensor.tensor.type][INFO] - numpy allclose failed for abs_err 5.095446411275959 and rel_err 1.0
[2026-07-23 13:49:50,080][pytensor.tensor.type][INFO] - numpy allclose failed for abs_err 5.095446411275959 and rel_err 1.0
[2026-07-23 13:49:50,081][pytensor.tensor.type][INFO] - numpy allclose failed for abs_err 5.095446411275959 and rel_err 1.0
[2026-07-23 13:49:50,095][pymc.sampling.forward][INFO] - Sampling: []
[2026-07-23 13:49:50,185][pytensor.tensor.type][INFO] - numpy allclose failed for abs_err 7.273662191440039 and rel_err 1.0
[2026-07-23 13:49:50,186][pytensor.tensor.type][INFO] - numpy allclose failed for abs_err 7.273662191440039 and rel_err 1.0
[2026-07-23 13:49:50,186][pytensor.tensor.type][INFO] - numpy allclose failed for abs_err 7.273662191440039 and rel_err 1.0
[2026-07-23 13:49:50,200][pymc.sampling.forward][INFO] - Sampling: []
[2026-07-23 13:49:50,379][pytensor.tensor.type][INFO] - numpy allclose failed for abs_err 6.808791182362007 and rel_err 1.0
[2026-07-23 13:49:50,379][pytensor.tensor.type][INFO] - numpy allclose failed for abs_err 6.808791182362007 and rel_err 1.0
[2026-07-23 13:49:50,380][pytensor.tensor.type][INFO] - numpy allclose failed for abs_err 6.808791182362007 and rel_err 1.0
[2026-07-23 13:49:50,383][pymc.sampling.forward][INFO] - Sampling: []
[2026-07-23 13:49:50,475][pytensor.tensor.type][INFO] - numpy allclose failed for abs_err 6.808791182362007 and rel_err 1.0
[2026-07-23 13:49:50,476][pytensor.tensor.type][INFO] - numpy allclose failed for abs_err 6.808791182362007 and rel_err 1.0
[2026-07-23 13:49:50,476][pytensor.tensor.type][INFO] - numpy allclose failed for abs_err 6.808791182362007 and rel_err 1.0
[2026-07-23 13:49:50,480][pymc.sampling.forward][INFO] - Sampling: []
[2026-07-23 13:49:50,571][pytensor.tensor.type][INFO] - numpy allclose failed for abs_err 5.943628032909443 and rel_err 1.0
[2026-07-23 13:49:50,571][pytensor.tensor.type][INFO] - numpy allclose failed for abs_err 5.943628032909443 and rel_err 1.0
[2026-07-23 13:49:50,571][pytensor.tensor.type][INFO] - numpy allclose failed for abs_err 5.943628032909443 and rel_err 1.0
[2026-07-23 13:49:50,588][pymc.sampling.forward][INFO] - Sampling: []
[2026-07-23 13:49:50,673][pytensor.tensor.type][INFO] - numpy allclose failed for abs_err 8.370913603285803 and rel_err 1.0
[2026-07-23 13:49:50,673][pytensor.tensor.type][INFO] - numpy allclose failed for abs_err 8.370913603285803 and rel_err 1.0
[2026-07-23 13:49:50,674][pytensor.tensor.type][INFO] - numpy allclose failed for abs_err 8.370913603285803 and rel_err 1.0
[2026-07-23 13:49:50,689][pymc.sampling.forward][INFO] - Sampling: []
[2026-07-23 13:49:50,866][pytensor.tensor.type][INFO] - numpy allclose failed for abs_err 6.588385033268624 and rel_err 1.0
[2026-07-23 13:49:50,866][pytensor.tensor.type][INFO] - numpy allclose failed for abs_err 6.588385033268624 and rel_err 1.0
[2026-07-23 13:49:50,866][pytensor.tensor.type][INFO] - numpy allclose failed for abs_err 6.588385033268624 and rel_err 1.0
[2026-07-23 13:49:50,883][pymc.sampling.forward][INFO] - Sampling: []
[2026-07-23 13:49:50,968][pytensor.tensor.type][INFO] - numpy allclose failed for abs_err 6.588385033268624 and rel_err 1.0
[2026-07-23 13:49:50,969][pytensor.tensor.type][INFO] - numpy allclose failed for abs_err 6.588385033268624 and rel_err 1.0
[2026-07-23 13:49:50,969][pytensor.tensor.type][INFO] - numpy allclose failed for abs_err 6.588385033268624 and rel_err 1.0
[2026-07-23 13:49:50,983][pymc.sampling.forward][INFO] - Sampling: []
[2026-07-23 13:49:51,060][pytensor.tensor.type][INFO] - numpy allclose failed for abs_err 5.446367186356835 and rel_err 1.0
[2026-07-23 13:49:51,060][pytensor.tensor.type][INFO] - numpy allclose failed for abs_err 5.446367186356835 and rel_err 1.0
[2026-07-23 13:49:51,061][pytensor.tensor.type][INFO] - numpy allclose failed for abs_err 5.446367186356835 and rel_err 1.0
[2026-07-23 13:49:51,074][pymc.sampling.forward][INFO] - Sampling: []
[2026-07-23 13:49:51,148][pytensor.tensor.type][INFO] - numpy allclose failed for abs_err 7.805421330908789 and rel_err 1.0
[2026-07-23 13:49:51,148][pytensor.tensor.type][INFO] - numpy allclose failed for abs_err 7.805421330908789 and rel_err 1.0
[2026-07-23 13:49:51,158][pytensor.tensor.type][INFO] - numpy allclose failed for abs_err 7.805421330908789 and rel_err 1.0
[2026-07-23 13:49:51,171][pymc.sampling.forward][INFO] - Sampling: []
[2026-07-23 13:49:51,358][pytensor.tensor.type][INFO] - numpy allclose failed for abs_err 6.8026164391865 and rel_err 1.0
[2026-07-23 13:49:51,358][pytensor.tensor.type][INFO] - numpy allclose failed for abs_err 6.8026164391865 and rel_err 1.0
[2026-07-23 13:49:51,359][pytensor.tensor.type][INFO] - numpy allclose failed for abs_err 6.8026164391865 and rel_err 1.0
[2026-07-23 13:49:51,372][pymc.sampling.forward][INFO] - Sampling: []
[2026-07-23 13:49:51,452][pytensor.tensor.type][INFO] - numpy allclose failed for abs_err 6.8026164391865 and rel_err 1.0
[2026-07-23 13:49:51,452][pytensor.tensor.type][INFO] - numpy allclose failed for abs_err 6.8026164391865 and rel_err 1.0
[2026-07-23 13:49:51,452][pytensor.tensor.type][INFO] - numpy allclose failed for abs_err 6.8026164391865 and rel_err 1.0
[2026-07-23 13:49:51,468][pymc.sampling.forward][INFO] - Sampling: []
[2026-07-23 13:49:51,549][pytensor.tensor.type][INFO] - numpy allclose failed for abs_err 5.187359293209125 and rel_err 1.0
[2026-07-23 13:49:51,549][pytensor.tensor.type][INFO] - numpy allclose failed for abs_err 5.187359293209125 and rel_err 1.0
[2026-07-23 13:49:51,550][pytensor.tensor.type][INFO] - numpy allclose failed for abs_err 5.187359293209125 and rel_err 1.0
[2026-07-23 13:49:51,563][pymc.sampling.forward][INFO] - Sampling: []
[2026-07-23 13:49:51,640][pytensor.tensor.type][INFO] - numpy allclose failed for abs_err 7.278446411738254 and rel_err 1.0
[2026-07-23 13:49:51,640][pytensor.tensor.type][INFO] - numpy allclose failed for abs_err 7.278446411738254 and rel_err 1.0
[2026-07-23 13:49:51,641][pytensor.tensor.type][INFO] - numpy allclose failed for abs_err 7.278446411738254 and rel_err 1.0
[2026-07-23 13:49:51,654][pymc.sampling.forward][INFO] - Sampling: []
[2026-07-23 13:49:51,833][pytensor.tensor.type][INFO] - numpy allclose failed for abs_err 6.784166059814857 and rel_err 1.0
[2026-07-23 13:49:51,834][pytensor.tensor.type][INFO] - numpy allclose failed for abs_err 6.784166059814857 and rel_err 1.0
[2026-07-23 13:49:51,835][pytensor.tensor.type][INFO] - numpy allclose failed for abs_err 6.784166059814857 and rel_err 1.0
[2026-07-23 13:49:51,849][pymc.sampling.forward][INFO] - Sampling: []
[2026-07-23 13:49:51,954][pytensor.tensor.type][INFO] - numpy allclose failed for abs_err 6.784166059814857 and rel_err 1.0
[2026-07-23 13:49:51,954][pytensor.tensor.type][INFO] - numpy allclose failed for abs_err 6.784166059814857 and rel_err 1.0
[2026-07-23 13:49:51,954][pytensor.tensor.type][INFO] - numpy allclose failed for abs_err 6.784166059814857 and rel_err 1.0
[2026-07-23 13:49:51,967][pymc.sampling.forward][INFO] - Sampling: []
[2026-07-23 13:49:52,045][pytensor.tensor.type][INFO] - numpy allclose failed for abs_err 5.610957701908161 and rel_err 1.0
[2026-07-23 13:49:52,046][pytensor.tensor.type][INFO] - numpy allclose failed for abs_err 5.610957701908161 and rel_err 1.0
[2026-07-23 13:49:52,046][pytensor.tensor.type][INFO] - numpy allclose failed for abs_err 5.610957701908161 and rel_err 1.0
[2026-07-23 13:49:52,055][pymc.sampling.forward][INFO] - Sampling: []
[2026-07-23 13:49:52,134][pytensor.tensor.type][INFO] - numpy allclose failed for abs_err 8.714571335295691 and rel_err 1.0
[2026-07-23 13:49:52,135][pytensor.tensor.type][INFO] - numpy allclose failed for abs_err 8.714571335295691 and rel_err 1.0
[2026-07-23 13:49:52,135][pytensor.tensor.type][INFO] - numpy allclose failed for abs_err 8.714571335295691 and rel_err 1.0
[2026-07-23 13:49:52,150][pymc.sampling.forward][INFO] - Sampling: []
[2026-07-23 13:49:52,351][pytensor.tensor.type][INFO] - numpy allclose failed for abs_err 6.820100746475624 and rel_err 1.0
[2026-07-23 13:49:52,351][pytensor.tensor.type][INFO] - numpy allclose failed for abs_err 6.820100746475624 and rel_err 1.0
[2026-07-23 13:49:52,351][pytensor.tensor.type][INFO] - numpy allclose failed for abs_err 6.820100746475624 and rel_err 1.0
[2026-07-23 13:49:52,366][pymc.sampling.forward][INFO] - Sampling: []
[2026-07-23 13:49:52,445][pytensor.tensor.type][INFO] - numpy allclose failed for abs_err 6.820100746475624 and rel_err 1.0
[2026-07-23 13:49:52,445][pytensor.tensor.type][INFO] - numpy allclose failed for abs_err 6.820100746475624 and rel_err 1.0
[2026-07-23 13:49:52,446][pytensor.tensor.type][INFO] - numpy allclose failed for abs_err 6.820100746475624 and rel_err 1.0
[2026-07-23 13:49:52,457][pymc.sampling.forward][INFO] - Sampling: []
[2026-07-23 13:49:52,530][pytensor.tensor.type][INFO] - numpy allclose failed for abs_err 5.234195430980732 and rel_err 1.0
[2026-07-23 13:49:52,530][pytensor.tensor.type][INFO] - numpy allclose failed for abs_err 5.234195430980732 and rel_err 1.0
[2026-07-23 13:49:52,530][pytensor.tensor.type][INFO] - numpy allclose failed for abs_err 5.234195430980732 and rel_err 1.0
[2026-07-23 13:49:52,553][pymc.sampling.forward][INFO] - Sampling: []
[2026-07-23 13:49:52,627][pytensor.tensor.type][INFO] - numpy allclose failed for abs_err 8.069712688126067 and rel_err 1.0
[2026-07-23 13:49:52,627][pytensor.tensor.type][INFO] - numpy allclose failed for abs_err 8.069712688126067 and rel_err 1.0
[2026-07-23 13:49:52,628][pytensor.tensor.type][INFO] - numpy allclose failed for abs_err 8.069712688126067 and rel_err 1.0
[2026-07-23 13:49:52,641][pymc.sampling.forward][INFO] - Sampling: []
[2026-07-23 13:49:52,845][pymc.sampling.forward][INFO] - Sampling: []
[2026-07-23 13:49:52,937][pymc.sampling.forward][INFO] - Sampling: []
[2026-07-23 13:49:53,029][pymc.sampling.forward][INFO] - Sampling: []
[2026-07-23 13:49:53,121][pymc.sampling.forward][INFO] - Sampling: []
[2026-07-23 13:49:53,392][pymc.sampling.mcmc][INFO] - Initializing NUTS using jitter+adapt_diag...
[2026-07-23 13:49:53,704][pymc.sampling.mcmc][INFO] - Multiprocess sampling (4 chains in 4 jobs)
[2026-07-23 13:49:53,704][pymc.sampling.mcmc][INFO] - NUTS: [alpha, beta]
[2026-07-23 13:50:50,918][pymc.sampling.mcmc][INFO] - Sampling 4 chains for 1_000 tune and 1_000 draw iterations (4_000 + 4_000 draws total) took 57 seconds.
[2026-07-23 13:50:51,048][pymc.sampling.mcmc][INFO] - Initializing NUTS using jitter+adapt_diag...
[2026-07-23 13:50:51,365][pymc.sampling.mcmc][INFO] - Multiprocess sampling (4 chains in 4 jobs)
[2026-07-23 13:50:51,365][pymc.sampling.mcmc][INFO] - NUTS: [alpha, beta]
[2026-07-23 13:51:48,633][pymc.sampling.mcmc][INFO] - Sampling 4 chains for 1_000 tune and 1_000 draw iterations (4_000 + 4_000 draws total) took 57 seconds.
[2026-07-23 13:51:48,745][pymc.sampling.mcmc][INFO] - Initializing NUTS using jitter+adapt_diag...
[2026-07-23 13:51:49,061][pymc.sampling.mcmc][INFO] - Multiprocess sampling (4 chains in 4 jobs)
[2026-07-23 13:51:49,061][pymc.sampling.mcmc][INFO] - NUTS: [alpha, beta]
[2026-07-23 13:52:45,613][pymc.sampling.mcmc][INFO] - Sampling 4 chains for 1_000 tune and 1_000 draw iterations (4_000 + 4_000 draws total) took 57 seconds.
[2026-07-23 13:52:45,664][pytensor.tensor.type][INFO] - numpy allclose failed for abs_err 6.24101440998261 and rel_err 1.0
[2026-07-23 13:52:45,664][pytensor.tensor.type][INFO] - numpy allclose failed for abs_err 6.24101440998261 and rel_err 1.0
[2026-07-23 13:52:45,665][pytensor.tensor.type][INFO] - numpy allclose failed for abs_err 6.24101440998261 and rel_err 1.0
[2026-07-23 13:52:45,669][pymc.sampling.forward][INFO] - Sampling: []
[2026-07-23 13:52:45,734][pytensor.tensor.type][INFO] - numpy allclose failed for abs_err 6.320291388952184 and rel_err 1.0
[2026-07-23 13:52:45,734][pytensor.tensor.type][INFO] - numpy allclose failed for abs_err 6.320291388952184 and rel_err 1.0
[2026-07-23 13:52:45,735][pytensor.tensor.type][INFO] - numpy allclose failed for abs_err 6.320291388952184 and rel_err 1.0
[2026-07-23 13:52:45,747][pymc.sampling.forward][INFO] - Sampling: []
[2026-07-23 13:52:45,808][pytensor.tensor.type][INFO] - numpy allclose failed for abs_err 5.286926187127024 and rel_err 1.0
[2026-07-23 13:52:45,810][pytensor.tensor.type][INFO] - numpy allclose failed for abs_err 5.286926187127024 and rel_err 1.0
[2026-07-23 13:52:45,811][pytensor.tensor.type][INFO] - numpy allclose failed for abs_err 5.286926187127024 and rel_err 1.0
[2026-07-23 13:52:45,823][pymc.sampling.forward][INFO] - Sampling: []
[2026-07-23 13:52:45,895][pytensor.tensor.type][INFO] - numpy allclose failed for abs_err 7.0333984049923455 and rel_err 1.0
[2026-07-23 13:52:45,895][pytensor.tensor.type][INFO] - numpy allclose failed for abs_err 7.0333984049923455 and rel_err 1.0
[2026-07-23 13:52:45,895][pytensor.tensor.type][INFO] - numpy allclose failed for abs_err 7.0333984049923455 and rel_err 1.0
[2026-07-23 13:52:45,909][pymc.sampling.forward][INFO] - Sampling: []
[2026-07-23 13:52:46,105][pytensor.tensor.type][INFO] - numpy allclose failed for abs_err 5.472597764935256 and rel_err 1.0
[2026-07-23 13:52:46,105][pytensor.tensor.type][INFO] - numpy allclose failed for abs_err 5.472597764935256 and rel_err 1.0
[2026-07-23 13:52:46,106][pytensor.tensor.type][INFO] - numpy allclose failed for abs_err 5.472597764935256 and rel_err 1.0
[2026-07-23 13:52:46,123][pymc.sampling.forward][INFO] - Sampling: []
[2026-07-23 13:52:46,207][pytensor.tensor.type][INFO] - numpy allclose failed for abs_err 5.457295285668136 and rel_err 1.0
[2026-07-23 13:52:46,208][pytensor.tensor.type][INFO] - numpy allclose failed for abs_err 5.457295285668136 and rel_err 1.0
[2026-07-23 13:52:46,208][pytensor.tensor.type][INFO] - numpy allclose failed for abs_err 5.457295285668136 and rel_err 1.0
[2026-07-23 13:52:46,213][pymc.sampling.forward][INFO] - Sampling: []
[2026-07-23 13:52:46,295][pytensor.tensor.type][INFO] - numpy allclose failed for abs_err 3.935983613774622 and rel_err 1.0
[2026-07-23 13:52:46,295][pytensor.tensor.type][INFO] - numpy allclose failed for abs_err 3.935983613774622 and rel_err 1.0
[2026-07-23 13:52:46,295][pytensor.tensor.type][INFO] - numpy allclose failed for abs_err 3.935983613774622 and rel_err 1.0
[2026-07-23 13:52:46,300][pymc.sampling.forward][INFO] - Sampling: []
[2026-07-23 13:52:46,385][pytensor.tensor.type][INFO] - numpy allclose failed for abs_err 7.810288444436315 and rel_err 1.0
[2026-07-23 13:52:46,385][pytensor.tensor.type][INFO] - numpy allclose failed for abs_err 7.810288444436315 and rel_err 1.0
[2026-07-23 13:52:46,386][pytensor.tensor.type][INFO] - numpy allclose failed for abs_err 7.810288444436315 and rel_err 1.0
[2026-07-23 13:52:46,400][pymc.sampling.forward][INFO] - Sampling: []
[2026-07-23 13:52:46,581][pytensor.tensor.type][INFO] - numpy allclose failed for abs_err 6.206270028078008 and rel_err 1.0
[2026-07-23 13:52:46,581][pytensor.tensor.type][INFO] - numpy allclose failed for abs_err 6.206270028078008 and rel_err 1.0
[2026-07-23 13:52:46,581][pytensor.tensor.type][INFO] - numpy allclose failed for abs_err 6.206270028078008 and rel_err 1.0
[2026-07-23 13:52:46,596][pymc.sampling.forward][INFO] - Sampling: []
[2026-07-23 13:52:46,677][pytensor.tensor.type][INFO] - numpy allclose failed for abs_err 6.212152529680181 and rel_err 1.0
[2026-07-23 13:52:46,678][pytensor.tensor.type][INFO] - numpy allclose failed for abs_err 6.212152529680181 and rel_err 1.0
[2026-07-23 13:52:46,678][pytensor.tensor.type][INFO] - numpy allclose failed for abs_err 6.212152529680181 and rel_err 1.0
[2026-07-23 13:52:46,693][pymc.sampling.forward][INFO] - Sampling: []
[2026-07-23 13:52:46,769][pytensor.tensor.type][INFO] - numpy allclose failed for abs_err 3.5278234263647064 and rel_err 1.0
[2026-07-23 13:52:46,769][pytensor.tensor.type][INFO] - numpy allclose failed for abs_err 3.5278234263647064 and rel_err 1.0
[2026-07-23 13:52:46,769][pytensor.tensor.type][INFO] - numpy allclose failed for abs_err 3.5278234263647064 and rel_err 1.0
[2026-07-23 13:52:46,782][pymc.sampling.forward][INFO] - Sampling: []
[2026-07-23 13:52:46,856][pytensor.tensor.type][INFO] - numpy allclose failed for abs_err 5.440191641724828 and rel_err 1.0
[2026-07-23 13:52:46,856][pytensor.tensor.type][INFO] - numpy allclose failed for abs_err 5.440191641724828 and rel_err 1.0
[2026-07-23 13:52:46,857][pytensor.tensor.type][INFO] - numpy allclose failed for abs_err 5.440191641724828 and rel_err 1.0
[2026-07-23 13:52:46,870][pymc.sampling.forward][INFO] - Sampling: []
[2026-07-23 13:52:47,058][pytensor.tensor.type][INFO] - numpy allclose failed for abs_err 6.253064144575048 and rel_err 1.0
[2026-07-23 13:52:47,058][pytensor.tensor.type][INFO] - numpy allclose failed for abs_err 6.253064144575048 and rel_err 1.0
[2026-07-23 13:52:47,059][pytensor.tensor.type][INFO] - numpy allclose failed for abs_err 6.253064144575048 and rel_err 1.0
[2026-07-23 13:52:47,073][pymc.sampling.forward][INFO] - Sampling: []
[2026-07-23 13:52:47,151][pytensor.tensor.type][INFO] - numpy allclose failed for abs_err 6.192671287977148 and rel_err 1.0
[2026-07-23 13:52:47,152][pytensor.tensor.type][INFO] - numpy allclose failed for abs_err 6.192671287977148 and rel_err 1.0
[2026-07-23 13:52:47,152][pytensor.tensor.type][INFO] - numpy allclose failed for abs_err 6.192671287977148 and rel_err 1.0
[2026-07-23 13:52:47,168][pymc.sampling.forward][INFO] - Sampling: []
[2026-07-23 13:52:47,245][pytensor.tensor.type][INFO] - numpy allclose failed for abs_err 3.409559014942457 and rel_err 1.0
[2026-07-23 13:52:47,245][pytensor.tensor.type][INFO] - numpy allclose failed for abs_err 3.409559014942457 and rel_err 1.0
[2026-07-23 13:52:47,245][pytensor.tensor.type][INFO] - numpy allclose failed for abs_err 3.409559014942457 and rel_err 1.0
[2026-07-23 13:52:47,249][pymc.sampling.forward][INFO] - Sampling: []
[2026-07-23 13:52:47,328][pytensor.tensor.type][INFO] - numpy allclose failed for abs_err 5.784873972480236 and rel_err 1.0
[2026-07-23 13:52:47,328][pytensor.tensor.type][INFO] - numpy allclose failed for abs_err 5.784873972480236 and rel_err 1.0
[2026-07-23 13:52:47,328][pytensor.tensor.type][INFO] - numpy allclose failed for abs_err 5.784873972480236 and rel_err 1.0
[2026-07-23 13:52:47,347][pymc.sampling.forward][INFO] - Sampling: []
[2026-07-23 13:52:47,537][pytensor.tensor.type][INFO] - numpy allclose failed for abs_err 6.195171166383672 and rel_err 1.0
[2026-07-23 13:52:47,539][pytensor.tensor.type][INFO] - numpy allclose failed for abs_err 6.195171166383672 and rel_err 1.0
[2026-07-23 13:52:47,539][pytensor.tensor.type][INFO] - numpy allclose failed for abs_err 6.195171166383672 and rel_err 1.0
[2026-07-23 13:52:47,553][pymc.sampling.forward][INFO] - Sampling: []
[2026-07-23 13:52:47,628][pytensor.tensor.type][INFO] - numpy allclose failed for abs_err 5.629573292505505 and rel_err 1.0
[2026-07-23 13:52:47,629][pytensor.tensor.type][INFO] - numpy allclose failed for abs_err 5.629573292505505 and rel_err 1.0
[2026-07-23 13:52:47,629][pytensor.tensor.type][INFO] - numpy allclose failed for abs_err 5.629573292505505 and rel_err 1.0
[2026-07-23 13:52:47,640][pymc.sampling.forward][INFO] - Sampling: []
[2026-07-23 13:52:47,731][pytensor.tensor.type][INFO] - numpy allclose failed for abs_err 4.656370135099172 and rel_err 1.0
[2026-07-23 13:52:47,732][pytensor.tensor.type][INFO] - numpy allclose failed for abs_err 4.656370135099172 and rel_err 1.0
[2026-07-23 13:52:47,732][pytensor.tensor.type][INFO] - numpy allclose failed for abs_err 4.656370135099172 and rel_err 1.0
[2026-07-23 13:52:47,744][pymc.sampling.forward][INFO] - Sampling: []
[2026-07-23 13:52:47,823][pytensor.tensor.type][INFO] - numpy allclose failed for abs_err 5.743564144051794 and rel_err 1.0
[2026-07-23 13:52:47,823][pytensor.tensor.type][INFO] - numpy allclose failed for abs_err 5.743564144051794 and rel_err 1.0
[2026-07-23 13:52:47,825][pytensor.tensor.type][INFO] - numpy allclose failed for abs_err 5.743564144051794 and rel_err 1.0
[2026-07-23 13:52:47,836][pymc.sampling.forward][INFO] - Sampling: []
[2026-07-23 13:52:48,031][pytensor.tensor.type][INFO] - numpy allclose failed for abs_err 5.638618893396618 and rel_err 1.0
[2026-07-23 13:52:48,031][pytensor.tensor.type][INFO] - numpy allclose failed for abs_err 5.638618893396618 and rel_err 1.0
[2026-07-23 13:52:48,032][pytensor.tensor.type][INFO] - numpy allclose failed for abs_err 5.638618893396618 and rel_err 1.0
[2026-07-23 13:52:48,045][pymc.sampling.forward][INFO] - Sampling: []
[2026-07-23 13:52:48,122][pytensor.tensor.type][INFO] - numpy allclose failed for abs_err 5.665256984007122 and rel_err 1.0
[2026-07-23 13:52:48,122][pytensor.tensor.type][INFO] - numpy allclose failed for abs_err 5.665256984007122 and rel_err 1.0
[2026-07-23 13:52:48,122][pytensor.tensor.type][INFO] - numpy allclose failed for abs_err 5.665256984007122 and rel_err 1.0
[2026-07-23 13:52:48,134][pymc.sampling.forward][INFO] - Sampling: []
[2026-07-23 13:52:48,225][pytensor.tensor.type][INFO] - numpy allclose failed for abs_err 3.6907570396922127 and rel_err 1.0
[2026-07-23 13:52:48,225][pytensor.tensor.type][INFO] - numpy allclose failed for abs_err 3.6907570396922127 and rel_err 1.0
[2026-07-23 13:52:48,226][pytensor.tensor.type][INFO] - numpy allclose failed for abs_err 3.6907570396922127 and rel_err 1.0
[2026-07-23 13:52:48,229][pymc.sampling.forward][INFO] - Sampling: []
[2026-07-23 13:52:48,311][pytensor.tensor.type][INFO] - numpy allclose failed for abs_err 6.493786847693168 and rel_err 1.0
[2026-07-23 13:52:48,311][pytensor.tensor.type][INFO] - numpy allclose failed for abs_err 6.493786847693168 and rel_err 1.0
[2026-07-23 13:52:48,313][pytensor.tensor.type][INFO] - numpy allclose failed for abs_err 6.493786847693168 and rel_err 1.0
[2026-07-23 13:52:48,326][pymc.sampling.forward][INFO] - Sampling: []
[2026-07-23 13:52:48,512][pytensor.tensor.type][INFO] - numpy allclose failed for abs_err 6.195246089422155 and rel_err 1.0
[2026-07-23 13:52:48,512][pytensor.tensor.type][INFO] - numpy allclose failed for abs_err 6.195246089422155 and rel_err 1.0
[2026-07-23 13:52:48,514][pytensor.tensor.type][INFO] - numpy allclose failed for abs_err 6.195246089422155 and rel_err 1.0
[2026-07-23 13:52:48,537][pymc.sampling.forward][INFO] - Sampling: []
[2026-07-23 13:52:48,626][pytensor.tensor.type][INFO] - numpy allclose failed for abs_err 6.218533326112676 and rel_err 1.0
[2026-07-23 13:52:48,629][pytensor.tensor.type][INFO] - numpy allclose failed for abs_err 6.218533326112676 and rel_err 1.0
[2026-07-23 13:52:48,629][pytensor.tensor.type][INFO] - numpy allclose failed for abs_err 6.218533326112676 and rel_err 1.0
[2026-07-23 13:52:48,640][pymc.sampling.forward][INFO] - Sampling: []
[2026-07-23 13:52:48,715][pytensor.tensor.type][INFO] - numpy allclose failed for abs_err 2.5006487905336185 and rel_err 1.0
[2026-07-23 13:52:48,715][pytensor.tensor.type][INFO] - numpy allclose failed for abs_err 2.5006487905336185 and rel_err 1.0
[2026-07-23 13:52:48,715][pytensor.tensor.type][INFO] - numpy allclose failed for abs_err 2.5006487905336185 and rel_err 1.0
[2026-07-23 13:52:48,730][pymc.sampling.forward][INFO] - Sampling: []
[2026-07-23 13:52:48,809][pytensor.tensor.type][INFO] - numpy allclose failed for abs_err 5.4009332757639275 and rel_err 1.0
[2026-07-23 13:52:48,809][pytensor.tensor.type][INFO] - numpy allclose failed for abs_err 5.4009332757639275 and rel_err 1.0
[2026-07-23 13:52:48,810][pytensor.tensor.type][INFO] - numpy allclose failed for abs_err 5.4009332757639275 and rel_err 1.0
[2026-07-23 13:52:48,824][pymc.sampling.forward][INFO] - Sampling: []
[2026-07-23 13:52:49,006][pytensor.tensor.type][INFO] - numpy allclose failed for abs_err 6.195999015294958 and rel_err 1.0
[2026-07-23 13:52:49,006][pytensor.tensor.type][INFO] - numpy allclose failed for abs_err 6.195999015294958 and rel_err 1.0
[2026-07-23 13:52:49,006][pytensor.tensor.type][INFO] - numpy allclose failed for abs_err 6.195999015294958 and rel_err 1.0
[2026-07-23 13:52:49,018][pymc.sampling.forward][INFO] - Sampling: []
[2026-07-23 13:52:49,096][pytensor.tensor.type][INFO] - numpy allclose failed for abs_err 5.616290218603375 and rel_err 1.0
[2026-07-23 13:52:49,096][pytensor.tensor.type][INFO] - numpy allclose failed for abs_err 5.616290218603375 and rel_err 1.0
[2026-07-23 13:52:49,096][pytensor.tensor.type][INFO] - numpy allclose failed for abs_err 5.616290218603375 and rel_err 1.0
[2026-07-23 13:52:49,121][pymc.sampling.forward][INFO] - Sampling: []
[2026-07-23 13:52:49,204][pytensor.tensor.type][INFO] - numpy allclose failed for abs_err 3.99806296056001 and rel_err 1.0
[2026-07-23 13:52:49,205][pytensor.tensor.type][INFO] - numpy allclose failed for abs_err 3.99806296056001 and rel_err 1.0
[2026-07-23 13:52:49,205][pytensor.tensor.type][INFO] - numpy allclose failed for abs_err 3.99806296056001 and rel_err 1.0
[2026-07-23 13:52:49,217][pymc.sampling.forward][INFO] - Sampling: []
[2026-07-23 13:52:49,301][pytensor.tensor.type][INFO] - numpy allclose failed for abs_err 5.328231562838335 and rel_err 1.0
[2026-07-23 13:52:49,301][pytensor.tensor.type][INFO] - numpy allclose failed for abs_err 5.328231562838335 and rel_err 1.0
[2026-07-23 13:52:49,302][pytensor.tensor.type][INFO] - numpy allclose failed for abs_err 5.328231562838335 and rel_err 1.0
[2026-07-23 13:52:49,316][pymc.sampling.forward][INFO] - Sampling: []
[2026-07-23 13:52:49,506][pytensor.tensor.type][INFO] - numpy allclose failed for abs_err 6.20504759641831 and rel_err 1.0
[2026-07-23 13:52:49,507][pytensor.tensor.type][INFO] - numpy allclose failed for abs_err 6.20504759641831 and rel_err 1.0
[2026-07-23 13:52:49,507][pytensor.tensor.type][INFO] - numpy allclose failed for abs_err 6.20504759641831 and rel_err 1.0
[2026-07-23 13:52:49,521][pymc.sampling.forward][INFO] - Sampling: []
[2026-07-23 13:52:49,595][pytensor.tensor.type][INFO] - numpy allclose failed for abs_err 6.23785917850678 and rel_err 1.0
[2026-07-23 13:52:49,595][pytensor.tensor.type][INFO] - numpy allclose failed for abs_err 6.23785917850678 and rel_err 1.0
[2026-07-23 13:52:49,595][pytensor.tensor.type][INFO] - numpy allclose failed for abs_err 6.23785917850678 and rel_err 1.0
[2026-07-23 13:52:49,621][pymc.sampling.forward][INFO] - Sampling: []
[2026-07-23 13:52:49,694][pytensor.tensor.type][INFO] - numpy allclose failed for abs_err 4.611566992551564 and rel_err 1.0
[2026-07-23 13:52:49,694][pytensor.tensor.type][INFO] - numpy allclose failed for abs_err 4.611566992551564 and rel_err 1.0
[2026-07-23 13:52:49,696][pytensor.tensor.type][INFO] - numpy allclose failed for abs_err 4.611566992551564 and rel_err 1.0
[2026-07-23 13:52:49,708][pymc.sampling.forward][INFO] - Sampling: []
[2026-07-23 13:52:49,793][pytensor.tensor.type][INFO] - numpy allclose failed for abs_err 5.34381414977384 and rel_err 1.0
[2026-07-23 13:52:49,793][pytensor.tensor.type][INFO] - numpy allclose failed for abs_err 5.34381414977384 and rel_err 1.0
[2026-07-23 13:52:49,794][pytensor.tensor.type][INFO] - numpy allclose failed for abs_err 5.34381414977384 and rel_err 1.0
[2026-07-23 13:52:49,806][pymc.sampling.forward][INFO] - Sampling: []
[2026-07-23 13:52:49,994][pytensor.tensor.type][INFO] - numpy allclose failed for abs_err 6.201146174394537 and rel_err 1.0
[2026-07-23 13:52:49,994][pytensor.tensor.type][INFO] - numpy allclose failed for abs_err 6.201146174394537 and rel_err 1.0
[2026-07-23 13:52:49,994][pytensor.tensor.type][INFO] - numpy allclose failed for abs_err 6.201146174394537 and rel_err 1.0
[2026-07-23 13:52:50,012][pymc.sampling.forward][INFO] - Sampling: []
[2026-07-23 13:52:50,093][pytensor.tensor.type][INFO] - numpy allclose failed for abs_err 5.432208346333266 and rel_err 1.0
[2026-07-23 13:52:50,093][pytensor.tensor.type][INFO] - numpy allclose failed for abs_err 5.432208346333266 and rel_err 1.0
[2026-07-23 13:52:50,095][pytensor.tensor.type][INFO] - numpy allclose failed for abs_err 5.432208346333266 and rel_err 1.0
[2026-07-23 13:52:50,108][pymc.sampling.forward][INFO] - Sampling: []
[2026-07-23 13:52:50,186][pytensor.tensor.type][INFO] - numpy allclose failed for abs_err 3.19186354993376 and rel_err 1.0
[2026-07-23 13:52:50,187][pytensor.tensor.type][INFO] - numpy allclose failed for abs_err 3.19186354993376 and rel_err 1.0
[2026-07-23 13:52:50,188][pytensor.tensor.type][INFO] - numpy allclose failed for abs_err 3.19186354993376 and rel_err 1.0
[2026-07-23 13:52:50,200][pymc.sampling.forward][INFO] - Sampling: []
[2026-07-23 13:52:50,276][pytensor.tensor.type][INFO] - numpy allclose failed for abs_err 6.561729207909826 and rel_err 1.0
[2026-07-23 13:52:50,277][pytensor.tensor.type][INFO] - numpy allclose failed for abs_err 6.561729207909826 and rel_err 1.0
[2026-07-23 13:52:50,278][pytensor.tensor.type][INFO] - numpy allclose failed for abs_err 6.561729207909826 and rel_err 1.0
[2026-07-23 13:52:50,290][pymc.sampling.forward][INFO] - Sampling: []
[2026-07-23 13:52:50,482][pymc.sampling.forward][INFO] - Sampling: []
[2026-07-23 13:52:50,569][pymc.sampling.forward][INFO] - Sampling: []
[2026-07-23 13:52:50,645][pymc.sampling.forward][INFO] - Sampling: []
[2026-07-23 13:52:50,739][pymc.sampling.forward][INFO] - Sampling: []
